{
	"custom.carstop": {
	"sounds": [
		{
			"name": "custom/carstop",
			"stream": true
		}]
	},
	"custom.carstart": {
	"sounds": [
		{
			"name": "custom/carstart",
			"stream": true
		}]
	},
	"custom.caridle": {
	"sounds": [
		{
			"name": "custom/caridle",
			"stream": true
		}]
	},
	"custom.carmov": {
	"sounds": [
		{
			"name": "custom/carmov",
			"stream": true
		}]
	},
	"custom.truckstart": {
	"sounds": [
		{
			"name": "custom/truckstart",
			"stream": true
		}]
	},
	"custom.truckstop": {
	"sounds": [
		{
			"name": "custom/truckstop",
			"stream": true
		}]
	},
	"custom.truckidle": {
	"sounds": [
		{
			"name": "custom/truckidle",
			"stream": true
		}]
	},
	"custom.truckmov": {
	"sounds": [
		{
			"name": "custom/truckmov",
			"stream": true
		}]
	},
	"custom.submove": {
	"sounds": [
		{
			"name": "custom/submove",
			"stream": true
		}]
	},
	"custom.subexplode": {
	"sounds": [
		{
			"name": "custom/subexplode",
			"stream": true
		}]
	},
	"custom.subsonar": {
	"sounds": [
		{
			"name": "custom/subsonar",
			"stream": true
		}]
	},
	"custom.subtorp": {
	"sounds": [
		{
			"name": "custom/subtorp",
			"stream": true
		}]
	},
	"custom.subcharge": {
	"sounds": [
		{
			"name": "custom/subcharge",
			"stream": true
		}]
	}
}