{
	"credit": "Made with Blockbench, a free, modern block model editor by JannisX11",
	"textures": {
		"0": "block/anvil",
		"1": "block/iron_block",
		"2": "block/gold_block",
		"3": "block/green_terracotta",
		"4": "custom/anim2",
		"5": "custom/anim1",
		"6": "custom/anim3",
		"7": "custom/anim4"
	},
	"elements": [
		{
			"name": "cube",
			"from": [6, 0, 5],
			"to": [10, 6, 16],
			"faces": {
				"north": {"uv": [0, 0, 16, 16], "texture": "#0"},
				"east": {"uv": [0, 0, 16, 16], "texture": "#0"},
				"south": {"uv": [0, 0, 16, 16], "texture": "#0"},
				"west": {"uv": [0, 0, 16, 16], "texture": "#0"},
				"up": {"uv": [0, 0, 16, 16], "texture": "#0"},
				"down": {"uv": [0, 0, 16, 16], "texture": "#0"}
			},
			"type": "cube"
		},
		{
			"name": "cube",
			"from": [5, 1, 5],
			"to": [6, 5, 15],
			"faces": {
				"north": {"uv": [0, 0, 16, 16], "texture": "#0"},
				"east": {"uv": [0, 0, 16, 16], "texture": "#0"},
				"south": {"uv": [0, 0, 16, 16], "texture": "#0"},
				"west": {"uv": [0, 0, 16, 16], "texture": "#0"},
				"up": {"uv": [0, 0, 16, 16], "texture": "#0"},
				"down": {"uv": [0, 0, 16, 16], "texture": "#0"}
			},
			"type": "cube"
		},
		{
			"name": "cube",
			"from": [10, 1, 5],
			"to": [11, 5, 15],
			"faces": {
				"north": {"uv": [16, 0, 0, 16], "texture": "#0"},
				"east": {"uv": [16, 0, 0, 16], "texture": "#0"},
				"south": {"uv": [16, 0, 0, 16], "texture": "#0"},
				"west": {"uv": [16, 0, 0, 16], "texture": "#0"},
				"up": {"uv": [16, 0, 0, 16], "texture": "#0"},
				"down": {"uv": [16, 0, 0, 16], "texture": "#0"}
			},
			"type": "cube"
		},
		{
			"name": "cube",
			"from": [4, 0.20000000000000018, 9],
			"to": [6, 2.2, 14.5],
			"faces": {
				"north": {"uv": [0, 0, 16, 16], "texture": "#1"},
				"east": {"uv": [0, 0, 16, 16], "texture": "#1"},
				"south": {"uv": [0, 0, 16, 16], "texture": "#1"},
				"west": {"uv": [0, 0, 16, 16], "texture": "#1"},
				"up": {"uv": [0, 0, 16, 16], "texture": "#1"},
				"down": {"uv": [0, 0, 16, 16], "texture": "#1"}
			},
			"type": "cube"
		},
		{
			"name": "cube",
			"from": [11, 3, 7],
			"to": [12, 4, 11],
			"faces": {
				"north": {"uv": [16, 0, 0, 16], "texture": "#0"},
				"east": {"uv": [16, 0, 0, 16], "texture": "#0"},
				"south": {"uv": [16, 0, 0, 16], "texture": "#0"},
				"west": {"uv": [16, 0, 0, 16], "texture": "#0"},
				"up": {"uv": [16, 0, 0, 16], "texture": "#0"},
				"down": {"uv": [16, 0, 0, 16], "texture": "#0"}
			},
			"type": "cube"
		},
		{
			"name": "cube",
			"from": [6, 1, 16],
			"to": [10, 5, 18],
			"faces": {
				"north": {"uv": [0, 0, 16, 16], "texture": "#1"},
				"east": {"uv": [0, 0, 16, 16], "texture": "#1"},
				"south": {"uv": [0, 0, 16, 16], "texture": "#1"},
				"west": {"uv": [0, 0, 16, 16], "texture": "#1"},
				"up": {"uv": [0, 0, 16, 16], "texture": "#1"},
				"down": {"uv": [0, 0, 16, 16], "texture": "#1"}
			},
			"type": "cube"
		},
		{
			"name": "cube",
			"from": [6, 7.5, 5.5],
			"to": [10, 7.9, 6.5],
			"faces": {
				"north": {"uv": [0, 0, 16, 16], "texture": "#0"},
				"east": {"uv": [0, 0, 16, 16], "texture": "#0"},
				"south": {"uv": [0, 0, 16, 16], "texture": "#0"},
				"west": {"uv": [0, 0, 16, 16], "texture": "#0"},
				"up": {"uv": [0, 0, 16, 16], "texture": "#0"},
				"down": {"uv": [0, 0, 16, 16], "texture": "#0"}
			},
			"rotation": {
				"origin": [8, 7.7, 6],
				"axis": "x",
				"angle": -22.5
			},
			"type": "cube"
		},
		{
			"name": "cube",
			"from": [10, 4.5, 6],
			"to": [10.3, 8, 7],
			"faces": {
				"north": {"uv": [0, 0, 16, 16], "texture": "#0"},
				"east": {"uv": [0, 0, 16, 16], "texture": "#0"},
				"south": {"uv": [0, 0, 16, 16], "texture": "#0"},
				"west": {"uv": [0, 0, 16, 16], "texture": "#0"},
				"up": {"uv": [0, 0, 16, 16], "texture": "#0"},
				"down": {"uv": [0, 0, 16, 16], "texture": "#0"}
			},
			"rotation": {
				"origin": [10.15, 6.5, 6.5],
				"axis": "x",
				"angle": -22.5
			},
			"type": "cube"
		},
		{
			"name": "cube",
			"from": [5.699999999999999, 4.5, 6],
			"to": [6, 8, 7],
			"faces": {
				"north": {"uv": [16, 0, 0, 16], "texture": "#0"},
				"east": {"uv": [16, 0, 0, 16], "texture": "#0"},
				"south": {"uv": [16, 0, 0, 16], "texture": "#0"},
				"west": {"uv": [16, 0, 0, 16], "texture": "#0"},
				"up": {"uv": [16, 0, 0, 16], "texture": "#0"},
				"down": {"uv": [16, 0, 0, 16], "texture": "#0"}
			},
			"rotation": {
				"origin": [5.85, 6.5, 6.5],
				"axis": "x",
				"angle": -22.5
			},
			"type": "cube"
		},
		{
			"name": "cube",
			"from": [7.5, 4, 15],
			"to": [8.5, 8, 16],
			"faces": {
				"north": {"uv": [0, 0, 16, 16], "texture": "#0"},
				"east": {"uv": [0, 0, 16, 16], "texture": "#0"},
				"south": {"uv": [0, 0, 16, 16], "texture": "#0"},
				"west": {"uv": [0, 0, 16, 16], "texture": "#0"},
				"up": {"uv": [0, 0, 16, 16], "texture": "#0"},
				"down": {"uv": [0, 0, 16, 16], "texture": "#0"}
			},
			"rotation": {
				"origin": [8, 6.5, 15.5],
				"axis": "x",
				"angle": -22.5
			},
			"type": "cube"
		},
		{
			"name": "cube",
			"from": [7.9, 6.6, 14.399999999999999],
			"to": [8.2, 7.6, 15.099999999999998],
			"faces": {
				"north": {"uv": [0, 0, 16, 16], "texture": "#1"},
				"east": {"uv": [0, 0, 16, 16], "texture": "#1"},
				"south": {"uv": [0, 0, 16, 16], "texture": "#1"},
				"west": {"uv": [0, 0, 16, 16], "texture": "#1"},
				"up": {"uv": [0, 0, 16, 16], "texture": "#1"},
				"down": {"uv": [0, 0, 16, 16], "texture": "#1"}
			},
			"rotation": {
				"origin": [8, 6.1, 14.899999999999999],
				"axis": "x",
				"angle": 0
			},
			"type": "cube"
		},
		{
			"name": "cube",
			"from": [6.15, 7.4, 5.3999999999999995],
			"to": [9.85, 8, 6.599999999999999],
			"faces": {
				"north": {"uv": [0, 0, 16, 16], "texture": "#1"},
				"east": {"uv": [0, 0, 16, 16], "texture": "#1"},
				"south": {"uv": [0, 0, 16, 16], "texture": "#1"},
				"west": {"uv": [0, 0, 16, 16], "texture": "#1"},
				"up": {"uv": [0, 0, 16, 16], "texture": "#1"},
				"down": {"uv": [0, 0, 16, 16], "texture": "#1"}
			},
			"rotation": {
				"origin": [8, 7.7, 5.999999999999999],
				"axis": "x",
				"angle": -22.5
			},
			"type": "cube"
		},
		{
			"name": "cube",
			"from": [3, 1.9000000000000012, 6.699999999999998],
			"to": [3.6999999999999993, 2.8, 6.899999999999998],
			"faces": {
				"north": {"uv": [0, 0, 16, 16], "texture": "#1"},
				"east": {"uv": [0, 0, 16, 16], "texture": "#1"},
				"south": {"uv": [0, 0, 16, 16], "texture": "#1"},
				"west": {"uv": [0, 0, 16, 16], "texture": "#1"},
				"up": {"uv": [0, 0, 16, 16], "texture": "#1"},
				"down": {"uv": [0, 0, 16, 16], "texture": "#1"}
			},
			"type": "cube"
		},
		{
			"name": "cube",
			"from": [10, 0.20000000000000018, 9],
			"to": [12, 2.2, 14.5],
			"faces": {
				"north": {"uv": [16, 0, 0, 16], "texture": "#1"},
				"east": {"uv": [16, 0, 0, 16], "texture": "#1"},
				"south": {"uv": [16, 0, 0, 16], "texture": "#1"},
				"west": {"uv": [16, 0, 0, 16], "texture": "#1"},
				"up": {"uv": [16, 0, 0, 16], "texture": "#1"},
				"down": {"uv": [16, 0, 0, 16], "texture": "#1"}
			},
			"type": "cube"
		},
		{
			"name": "cube",
			"from": [1, -1.7999999999999998, 5.9],
			"to": [7, 2.2, 6.100000000000001],
			"faces": {
				"north": {"uv": [16, 0, 0, 16], "texture": "#3"},
				"east": {"uv": [16, 0, 0, 16], "texture": "#3"},
				"south": {"uv": [16, 0, 0, 16], "texture": "#3"},
				"west": {"uv": [16, 0, 0, 16], "texture": "#3"},
				"up": {"uv": [16, 0, 0, 16], "texture": "#3"},
				"down": {"uv": [16, 0, 0, 16], "texture": "#3"}
			},
			"type": "cube"
		},
		{
			"name": "cube",
			"from": [4, 3.8000000000000007, 5.9],
			"to": [5, 4.300000000000001, 8.9],
			"faces": {
				"north": {"uv": [16, 0, 0, 16], "texture": "#0"},
				"east": {"uv": [16, 0, 0, 16], "texture": "#0"},
				"south": {"uv": [16, 0, 0, 16], "texture": "#0"},
				"west": {"uv": [16, 0, 0, 16], "texture": "#0"},
				"up": {"uv": [16, 0, 0, 16], "texture": "#0"},
				"down": {"uv": [16, 0, 0, 16], "texture": "#0"}
			},
			"type": "cube"
		},
		{
			"name": "cube",
			"from": [3, 0.8000000000000003, 6.1],
			"to": [3.5, 1.3000000000000003, 8.700000000000001],
			"faces": {
				"north": {"uv": [0, 0, 16, 16], "texture": "#2"},
				"east": {"uv": [0, 0, 16, 16], "texture": "#2"},
				"south": {"uv": [0, 0, 16, 16], "texture": "#2"},
				"west": {"uv": [0, 0, 16, 16], "texture": "#2"},
				"up": {"uv": [0, 0, 16, 16], "texture": "#2"},
				"down": {"uv": [0, 0, 16, 16], "texture": "#2"}
			},
			"type": "cube"
		},
		{
			"name": "cube",
			"from": [
				0.9000000000000004,
				-1.7999999999999998,
				6.100000000000001
			],
			"to": [7.1, 1.0000000000000009, 8.700000000000001],
			"faces": {
				"north": {"uv": [16, 0, 0, 16], "texture": "#3"},
				"east": {"uv": [16, 0, 0, 16], "texture": "#3"},
				"south": {"uv": [16, 0, 0, 16], "texture": "#3"},
				"west": {"uv": [16, 0, 0, 16], "texture": "#3"},
				"up": {"uv": [16, 0, 0, 16], "texture": "#3"},
				"down": {"uv": [16, 0, 0, 16], "texture": "#3"}
			},
			"type": "cube"
		},
		{
			"name": "cube",
			"from": [
				0.8999999999999999,
				1.0000000000000009,
				6.100000000000001
			],
			"to": [1.0999999999999992, 2.2, 8.700000000000001],
			"faces": {
				"north": {"uv": [16, 0, 0, 16], "texture": "#3"},
				"east": {"uv": [16, 0, 0, 16], "texture": "#3"},
				"south": {"uv": [16, 0, 0, 16], "texture": "#3"},
				"west": {"uv": [16, 0, 0, 16], "texture": "#3"},
				"up": {"uv": [16, 0, 0, 16], "texture": "#3"},
				"down": {"uv": [16, 0, 0, 16], "texture": "#3"}
			},
			"type": "cube"
		},
		{
			"name": "cube",
			"from": [1, -1.7999999999999998, 8.700000000000001],
			"to": [7, 2.2, 8.900000000000002],
			"faces": {
				"north": {"uv": [16, 0, 0, 16], "texture": "#3"},
				"east": {"uv": [16, 0, 0, 16], "texture": "#3"},
				"south": {"uv": [16, 0, 0, 16], "texture": "#3"},
				"west": {"uv": [16, 0, 0, 16], "texture": "#3"},
				"up": {"uv": [16, 0, 0, 16], "texture": "#3"},
				"down": {"uv": [16, 0, 0, 16], "texture": "#3"}
			},
			"type": "cube"
		},
		{
			"name": "cube",
			"from": [2, 0.8000000000000003, 6.1],
			"to": [2.5, 1.3000000000000003, 8.700000000000001],
			"faces": {
				"north": {"uv": [0, 0, 16, 16], "texture": "#2"},
				"east": {"uv": [0, 0, 16, 16], "texture": "#2"},
				"south": {"uv": [0, 0, 16, 16], "texture": "#2"},
				"west": {"uv": [0, 0, 16, 16], "texture": "#2"},
				"up": {"uv": [0, 0, 16, 16], "texture": "#2"},
				"down": {"uv": [0, 0, 16, 16], "texture": "#2"}
			},
			"type": "cube"
		},
		{
			"name": "cube",
			"from": [2.5, 0.9000000000000004, 6.1],
			"to": [3, 1.4000000000000004, 8.700000000000001],
			"faces": {
				"north": {"uv": [0, 0, 16, 16], "texture": "#2"},
				"east": {"uv": [0, 0, 16, 16], "texture": "#2"},
				"south": {"uv": [0, 0, 16, 16], "texture": "#2"},
				"west": {"uv": [0, 0, 16, 16], "texture": "#2"},
				"up": {"uv": [0, 0, 16, 16], "texture": "#2"},
				"down": {"uv": [0, 0, 16, 16], "texture": "#2"}
			},
			"type": "cube"
		},
		{
			"name": "cube",
			"from": [1, 0.6000000000000003, 6.1],
			"to": [1.5, 1.1000000000000003, 8.700000000000001],
			"faces": {
				"north": {"uv": [0, 0, 16, 16], "texture": "#2"},
				"east": {"uv": [0, 0, 16, 16], "texture": "#2"},
				"south": {"uv": [0, 0, 16, 16], "texture": "#2"},
				"west": {"uv": [0, 0, 16, 16], "texture": "#2"},
				"up": {"uv": [0, 0, 16, 16], "texture": "#2"},
				"down": {"uv": [0, 0, 16, 16], "texture": "#2"}
			},
			"type": "cube"
		},
		{
			"name": "cube",
			"from": [1.5, 0.9000000000000004, 6.1],
			"to": [2, 1.4000000000000004, 8.700000000000001],
			"faces": {
				"north": {"uv": [0, 0, 16, 16], "texture": "#2"},
				"east": {"uv": [0, 0, 16, 16], "texture": "#2"},
				"south": {"uv": [0, 0, 16, 16], "texture": "#2"},
				"west": {"uv": [0, 0, 16, 16], "texture": "#2"},
				"up": {"uv": [0, 0, 16, 16], "texture": "#2"},
				"down": {"uv": [0, 0, 16, 16], "texture": "#2"}
			},
			"type": "cube"
		},
		{
			"name": "cube",
			"from": [
				3.4999999999999996,
				0.7000000000000002,
				6.1
			],
			"to": [
				3.9999999999999996,
				1.2000000000000002,
				8.700000000000001
			],
			"faces": {
				"north": {"uv": [0, 0, 16, 16], "texture": "#2"},
				"east": {"uv": [0, 0, 16, 16], "texture": "#2"},
				"south": {"uv": [0, 0, 16, 16], "texture": "#2"},
				"west": {"uv": [0, 0, 16, 16], "texture": "#2"},
				"up": {"uv": [0, 0, 16, 16], "texture": "#2"},
				"down": {"uv": [0, 0, 16, 16], "texture": "#2"}
			},
			"type": "cube"
		},
		{
			"name": "cube",
			"from": [
				3.5999999999999996,
				0.6000000000000003,
				6.1
			],
			"to": [4.1, 1.1000000000000003, 8.700000000000001],
			"faces": {
				"north": {"uv": [0, 0, 16, 16], "texture": "#2"},
				"east": {"uv": [0, 0, 16, 16], "texture": "#2"},
				"south": {"uv": [0, 0, 16, 16], "texture": "#2"},
				"west": {"uv": [0, 0, 16, 16], "texture": "#2"},
				"up": {"uv": [0, 0, 16, 16], "texture": "#2"},
				"down": {"uv": [0, 0, 16, 16], "texture": "#2"}
			},
			"type": "cube"
		},
		{
			"name": "anvil1",
			"from": [6.65, 3.700000000000001, -15],
			"to": [7.15, 4.200000000000001, 5],
			"faces": {
				"north": {"uv": [0, 0, 8, 8], "texture": "#5"},
				"east": {"uv": [0, 0, 8, 8], "texture": "#5"},
				"south": {"uv": [0, 0, 8, 8], "texture": "#5"},
				"west": {"uv": [0, 0, 8, 8], "texture": "#5"},
				"up": {"uv": [0, 0, 8, 8], "texture": "#5"},
				"down": {"uv": [0, 0, 8, 8], "texture": "#5"}
			},
			"type": "cube"
		},
		{
			"name": "anvil1",
			"from": [7.75, 4.200000000000001, -15],
			"to": [8.25, 4.700000000000001, 5],
			"faces": {
				"north": {"uv": [0, 0, 8, 8], "texture": "#5"},
				"east": {"uv": [0, 0, 8, 8], "texture": "#5"},
				"south": {"uv": [0, 0, 8, 8], "texture": "#5"},
				"west": {"uv": [0, 0, 8, 8], "texture": "#5"},
				"up": {"uv": [0, 0, 8, 8], "texture": "#5"},
				"down": {"uv": [0, 0, 8, 8], "texture": "#5"}
			},
			"type": "cube"
		},
		{
			"name": "anvil1",
			"from": [8.85, 3.700000000000001, -15],
			"to": [9.35, 4.200000000000001, 5],
			"faces": {
				"north": {"uv": [0, 0, 8, 8], "texture": "#5"},
				"east": {"uv": [0, 0, 8, 8], "texture": "#5"},
				"south": {"uv": [0, 0, 8, 8], "texture": "#5"},
				"west": {"uv": [0, 0, 8, 8], "texture": "#5"},
				"up": {"uv": [0, 0, 8, 8], "texture": "#5"},
				"down": {"uv": [0, 0, 8, 8], "texture": "#5"}
			},
			"type": "cube"
		},
		{
			"name": "anvil1",
			"from": [6, 1, -14.100000000000001],
			"to": [10, 5, -13.600000000000001],
			"faces": {
				"north": {"uv": [0, 0, 8, 8], "texture": "#5"},
				"east": {"uv": [0, 0, 8, 8], "texture": "#5"},
				"south": {"uv": [0, 0, 8, 8], "texture": "#5"},
				"west": {"uv": [0, 0, 8, 8], "texture": "#5"},
				"up": {"uv": [0, 0, 8, 8], "texture": "#5"},
				"down": {"uv": [0, 0, 8, 8], "texture": "#5"}
			},
			"rotation": {
				"origin": [8, 3, -13.850000000000001],
				"axis": "z",
				"angle": 0
			},
			"type": "cube"
		},
		{
			"name": "anvil1",
			"from": [6, 1, -5.1000000000000005],
			"to": [10, 5, -4.6000000000000005],
			"faces": {
				"north": {"uv": [0, 0, 8, 8], "texture": "#5"},
				"east": {"uv": [0, 0, 8, 8], "texture": "#5"},
				"south": {"uv": [0, 0, 8, 8], "texture": "#5"},
				"west": {"uv": [0, 0, 8, 8], "texture": "#5"},
				"up": {"uv": [0, 0, 8, 8], "texture": "#5"},
				"down": {"uv": [0, 0, 8, 8], "texture": "#5"}
			},
			"type": "cube"
		},
		{
			"name": "anvil1",
			"from": [6, 1, -3.1000000000000005],
			"to": [10, 5, -2.6000000000000005],
			"faces": {
				"north": {"uv": [0, 0, 8, 8], "texture": "#5"},
				"east": {"uv": [0, 0, 8, 8], "texture": "#5"},
				"south": {"uv": [0, 0, 8, 8], "texture": "#5"},
				"west": {"uv": [0, 0, 8, 8], "texture": "#5"},
				"up": {"uv": [0, 0, 8, 8], "texture": "#5"},
				"down": {"uv": [0, 0, 8, 8], "texture": "#5"}
			},
			"type": "cube"
		},
		{
			"name": "anvil1",
			"from": [6, 1, 3.599999999999998],
			"to": [10, 5, 4.099999999999998],
			"faces": {
				"north": {"uv": [0, 0, 8, 8], "texture": "#5"},
				"east": {"uv": [0, 0, 8, 8], "texture": "#5"},
				"south": {"uv": [0, 0, 8, 8], "texture": "#5"},
				"west": {"uv": [0, 0, 8, 8], "texture": "#5"},
				"up": {"uv": [0, 0, 8, 8], "texture": "#5"},
				"down": {"uv": [0, 0, 8, 8], "texture": "#5"}
			},
			"type": "cube"
		},
		{
			"name": "anvil1",
			"from": [
				6.1499999999999995,
				2.6000000000000014,
				-15
			],
			"to": [6.6499999999999995, 3.1000000000000014, 5],
			"faces": {
				"north": {"uv": [0, 0, 8, 8], "texture": "#5"},
				"east": {"uv": [0, 0, 8, 8], "texture": "#5"},
				"south": {"uv": [0, 0, 8, 8], "texture": "#5"},
				"west": {"uv": [0, 0, 8, 8], "texture": "#5"},
				"up": {"uv": [0, 0, 8, 8], "texture": "#5"},
				"down": {"uv": [0, 0, 8, 8], "texture": "#5"}
			},
			"type": "cube"
		},
		{
			"name": "anvil1",
			"from": [6.65, 1.7000000000000006, -15],
			"to": [7.15, 2.2000000000000006, 5],
			"faces": {
				"north": {"uv": [0, 0, 8, 8], "texture": "#5"},
				"east": {"uv": [0, 0, 8, 8], "texture": "#5"},
				"south": {"uv": [0, 0, 8, 8], "texture": "#5"},
				"west": {"uv": [0, 0, 8, 8], "texture": "#5"},
				"up": {"uv": [0, 0, 8, 8], "texture": "#5"},
				"down": {"uv": [0, 0, 8, 8], "texture": "#5"}
			},
			"type": "cube"
		},
		{
			"name": "anvil1",
			"from": [9.35, 2.6000000000000014, -15],
			"to": [9.85, 3.1000000000000014, 5],
			"faces": {
				"north": {"uv": [0, 0, 8, 8], "texture": "#5"},
				"east": {"uv": [0, 0, 8, 8], "texture": "#5"},
				"south": {"uv": [0, 0, 8, 8], "texture": "#5"},
				"west": {"uv": [0, 0, 8, 8], "texture": "#5"},
				"up": {"uv": [0, 0, 8, 8], "texture": "#5"},
				"down": {"uv": [0, 0, 8, 8], "texture": "#5"}
			},
			"type": "cube"
		},
		{
			"name": "anvil1",
			"from": [8.85, 1.7000000000000006, -15],
			"to": [9.35, 2.2000000000000006, 5],
			"faces": {
				"north": {"uv": [0, 0, 8, 8], "texture": "#5"},
				"east": {"uv": [0, 0, 8, 8], "texture": "#5"},
				"south": {"uv": [0, 0, 8, 8], "texture": "#5"},
				"west": {"uv": [0, 0, 8, 8], "texture": "#5"},
				"up": {"uv": [0, 0, 8, 8], "texture": "#5"},
				"down": {"uv": [0, 0, 8, 8], "texture": "#5"}
			},
			"type": "cube"
		},
		{
			"name": "anvil1",
			"from": [7.75, 1.200000000000001, -15],
			"to": [8.25, 1.700000000000001, 5],
			"faces": {
				"north": {"uv": [0, 0, 8, 8], "texture": "#5"},
				"east": {"uv": [0, 0, 8, 8], "texture": "#5"},
				"south": {"uv": [0, 0, 8, 8], "texture": "#5"},
				"west": {"uv": [0, 0, 8, 8], "texture": "#5"},
				"up": {"uv": [0, 0, 8, 8], "texture": "#5"},
				"down": {"uv": [0, 0, 8, 8], "texture": "#5"}
			},
			"type": "cube"
		},
		{
			"name": "anvil1",
			"from": [6, 1, 4.5],
			"to": [10, 5, 5],
			"faces": {
				"north": {"uv": [0, 0, 8, 8], "texture": "#5"},
				"east": {"uv": [0, 0, 8, 8], "texture": "#5"},
				"south": {"uv": [0, 0, 8, 8], "texture": "#5"},
				"west": {"uv": [0, 0, 8, 8], "texture": "#5"},
				"up": {"uv": [0, 0, 8, 8], "texture": "#5"},
				"down": {"uv": [0, 0, 8, 8], "texture": "#5"}
			},
			"type": "cube"
		},
		{
			"name": "anvil2",
			"from": [6.65, 3.700000000000001, -15],
			"to": [7.15, 4.200000000000001, 5],
			"faces": {
				"north": {"uv": [0, 0, 8, 8], "texture": "#4"},
				"east": {"uv": [0, 0, 8, 8], "texture": "#4"},
				"south": {"uv": [0, 0, 8, 8], "texture": "#4"},
				"west": {"uv": [0, 0, 8, 8], "texture": "#4"},
				"up": {"uv": [0, 0, 8, 8], "texture": "#4"},
				"down": {"uv": [0, 0, 8, 8], "texture": "#4"}
			},
			"rotation": {
				"origin": [6.9, 3.950000000000001, -5],
				"axis": "z",
				"angle": -22.5
			},
			"type": "cube"
		},
		{
			"name": "anvil2",
			"from": [7.75, 4.200000000000001, -15],
			"to": [8.25, 4.700000000000001, 5],
			"faces": {
				"north": {"uv": [0, 0, 8, 8], "texture": "#4"},
				"east": {"uv": [0, 0, 8, 8], "texture": "#4"},
				"south": {"uv": [0, 0, 8, 8], "texture": "#4"},
				"west": {"uv": [0, 0, 8, 8], "texture": "#4"},
				"up": {"uv": [0, 0, 8, 8], "texture": "#4"},
				"down": {"uv": [0, 0, 8, 8], "texture": "#4"}
			},
			"rotation": {
				"origin": [8, 4.450000000000001, -5],
				"axis": "z",
				"angle": -22.5
			},
			"type": "cube"
		},
		{
			"name": "anvil2",
			"from": [8.85, 3.700000000000001, -15],
			"to": [9.35, 4.200000000000001, 5],
			"faces": {
				"north": {"uv": [0, 0, 8, 8], "texture": "#4"},
				"east": {"uv": [0, 0, 8, 8], "texture": "#4"},
				"south": {"uv": [0, 0, 8, 8], "texture": "#4"},
				"west": {"uv": [0, 0, 8, 8], "texture": "#4"},
				"up": {"uv": [0, 0, 8, 8], "texture": "#4"},
				"down": {"uv": [0, 0, 8, 8], "texture": "#4"}
			},
			"rotation": {
				"origin": [9.1, 3.950000000000001, -5],
				"axis": "z",
				"angle": -22.5
			},
			"type": "cube"
		},
		{
			"name": "anvil2",
			"from": [6, 1, -14.100000000000001],
			"to": [10, 5, -13.600000000000001],
			"faces": {
				"north": {"uv": [0, 0, 8, 8], "texture": "#4"},
				"east": {"uv": [0, 0, 8, 8], "texture": "#4"},
				"south": {"uv": [0, 0, 8, 8], "texture": "#4"},
				"west": {"uv": [0, 0, 8, 8], "texture": "#4"},
				"up": {"uv": [0, 0, 8, 8], "texture": "#4"},
				"down": {"uv": [0, 0, 8, 8], "texture": "#4"}
			},
			"rotation": {
				"origin": [8, 3, -13.850000000000001],
				"axis": "z",
				"angle": -22.5
			},
			"type": "cube"
		},
		{
			"name": "anvil2",
			"from": [6, 1, -5.100000000000001],
			"to": [10, 5, -4.600000000000001],
			"faces": {
				"north": {"uv": [0, 0, 8, 8], "texture": "#4"},
				"east": {"uv": [0, 0, 8, 8], "texture": "#4"},
				"south": {"uv": [0, 0, 8, 8], "texture": "#4"},
				"west": {"uv": [0, 0, 8, 8], "texture": "#4"},
				"up": {"uv": [0, 0, 8, 8], "texture": "#4"},
				"down": {"uv": [0, 0, 8, 8], "texture": "#4"}
			},
			"rotation": {
				"origin": [8, 3, -4.850000000000001],
				"axis": "z",
				"angle": -22.5
			},
			"type": "cube"
		},
		{
			"name": "anvil2",
			"from": [6, 1, -3.1000000000000014],
			"to": [10, 5, -2.6000000000000014],
			"faces": {
				"north": {"uv": [0, 0, 8, 8], "texture": "#4"},
				"east": {"uv": [0, 0, 8, 8], "texture": "#4"},
				"south": {"uv": [0, 0, 8, 8], "texture": "#4"},
				"west": {"uv": [0, 0, 8, 8], "texture": "#4"},
				"up": {"uv": [0, 0, 8, 8], "texture": "#4"},
				"down": {"uv": [0, 0, 8, 8], "texture": "#4"}
			},
			"rotation": {
				"origin": [8, 3, -2.8500000000000014],
				"axis": "z",
				"angle": -22.5
			},
			"type": "cube"
		},
		{
			"name": "anvil2",
			"from": [6, 1, 3.599999999999998],
			"to": [10, 5, 4.099999999999998],
			"faces": {
				"north": {"uv": [0, 0, 8, 8], "texture": "#4"},
				"east": {"uv": [0, 0, 8, 8], "texture": "#4"},
				"south": {"uv": [0, 0, 8, 8], "texture": "#4"},
				"west": {"uv": [0, 0, 8, 8], "texture": "#4"},
				"up": {"uv": [0, 0, 8, 8], "texture": "#4"},
				"down": {"uv": [0, 0, 8, 8], "texture": "#4"}
			},
			"rotation": {
				"origin": [8, 3, 3.849999999999998],
				"axis": "z",
				"angle": -22.5
			},
			"type": "cube"
		},
		{
			"name": "anvil2",
			"from": [
				6.1499999999999995,
				2.6000000000000014,
				-15
			],
			"to": [6.6499999999999995, 3.1000000000000014, 5],
			"faces": {
				"north": {"uv": [0, 0, 8, 8], "texture": "#4"},
				"east": {"uv": [0, 0, 8, 8], "texture": "#4"},
				"south": {"uv": [0, 0, 8, 8], "texture": "#4"},
				"west": {"uv": [0, 0, 8, 8], "texture": "#4"},
				"up": {"uv": [0, 0, 8, 8], "texture": "#4"},
				"down": {"uv": [0, 0, 8, 8], "texture": "#4"}
			},
			"rotation": {
				"origin": [
					6.3999999999999995,
					2.8500000000000014,
					-5
				],
				"axis": "z",
				"angle": -22.5
			},
			"type": "cube"
		},
		{
			"name": "anvil2",
			"from": [6.65, 1.700000000000001, -15],
			"to": [7.15, 2.200000000000001, 5],
			"faces": {
				"north": {"uv": [0, 0, 8, 8], "texture": "#4"},
				"east": {"uv": [0, 0, 8, 8], "texture": "#4"},
				"south": {"uv": [0, 0, 8, 8], "texture": "#4"},
				"west": {"uv": [0, 0, 8, 8], "texture": "#4"},
				"up": {"uv": [0, 0, 8, 8], "texture": "#4"},
				"down": {"uv": [0, 0, 8, 8], "texture": "#4"}
			},
			"rotation": {
				"origin": [6.9, 1.950000000000001, -5],
				"axis": "z",
				"angle": -22.5
			},
			"type": "cube"
		},
		{
			"name": "anvil2",
			"from": [9.35, 2.6000000000000014, -15],
			"to": [9.85, 3.1000000000000014, 5],
			"faces": {
				"north": {"uv": [0, 0, 8, 8], "texture": "#4"},
				"east": {"uv": [0, 0, 8, 8], "texture": "#4"},
				"south": {"uv": [0, 0, 8, 8], "texture": "#4"},
				"west": {"uv": [0, 0, 8, 8], "texture": "#4"},
				"up": {"uv": [0, 0, 8, 8], "texture": "#4"},
				"down": {"uv": [0, 0, 8, 8], "texture": "#4"}
			},
			"rotation": {
				"origin": [9.6, 2.8500000000000014, -5],
				"axis": "z",
				"angle": -22.5
			},
			"type": "cube"
		},
		{
			"name": "anvil2",
			"from": [8.85, 1.700000000000001, -15],
			"to": [9.35, 2.200000000000001, 5],
			"faces": {
				"north": {"uv": [0, 0, 8, 8], "texture": "#4"},
				"east": {"uv": [0, 0, 8, 8], "texture": "#4"},
				"south": {"uv": [0, 0, 8, 8], "texture": "#4"},
				"west": {"uv": [0, 0, 8, 8], "texture": "#4"},
				"up": {"uv": [0, 0, 8, 8], "texture": "#4"},
				"down": {"uv": [0, 0, 8, 8], "texture": "#4"}
			},
			"rotation": {
				"origin": [9.1, 1.950000000000001, -5],
				"axis": "z",
				"angle": -22.5
			},
			"type": "cube"
		},
		{
			"name": "anvil2",
			"from": [7.75, 1.200000000000001, -15],
			"to": [8.25, 1.700000000000001, 5],
			"faces": {
				"north": {"uv": [0, 0, 8, 8], "texture": "#4"},
				"east": {"uv": [0, 0, 8, 8], "texture": "#4"},
				"south": {"uv": [0, 0, 8, 8], "texture": "#4"},
				"west": {"uv": [0, 0, 8, 8], "texture": "#4"},
				"up": {"uv": [0, 0, 8, 8], "texture": "#4"},
				"down": {"uv": [0, 0, 8, 8], "texture": "#4"}
			},
			"rotation": {
				"origin": [8, 1.450000000000001, -5],
				"axis": "z",
				"angle": -22.5
			},
			"type": "cube"
		},
		{
			"name": "anvil2",
			"from": [6, 1, 4.5],
			"to": [10, 5, 5],
			"faces": {
				"north": {"uv": [0, 0, 8, 8], "texture": "#4"},
				"east": {"uv": [0, 0, 8, 8], "texture": "#4"},
				"south": {"uv": [0, 0, 8, 8], "texture": "#4"},
				"west": {"uv": [0, 0, 8, 8], "texture": "#4"},
				"up": {"uv": [0, 0, 8, 8], "texture": "#4"},
				"down": {"uv": [0, 0, 8, 8], "texture": "#4"}
			},
			"rotation": {
				"origin": [8, 3, 4.75],
				"axis": "z",
				"angle": -22.5
			},
			"type": "cube"
		},
		{
			"name": "anvil3",
			"from": [6.65, 3.700000000000001, -15],
			"to": [7.15, 4.200000000000001, 5],
			"faces": {
				"north": {"uv": [0, 0, 8, 8], "texture": "#6"},
				"east": {"uv": [0, 0, 8, 8], "texture": "#6"},
				"south": {"uv": [0, 0, 8, 8], "texture": "#6"},
				"west": {"uv": [0, 0, 8, 8], "texture": "#6"},
				"up": {"uv": [0, 0, 8, 8], "texture": "#6"},
				"down": {"uv": [0, 0, 8, 8], "texture": "#6"}
			},
			"rotation": {
				"origin": [8, 3, -13.85],
				"axis": "z",
				"angle": -45
			},
			"type": "cube"
		},
		{
			"name": "anvil3",
			"from": [7.75, 4.200000000000001, -15],
			"to": [8.25, 4.700000000000001, 5],
			"faces": {
				"north": {"uv": [0, 0, 8, 8], "texture": "#6"},
				"east": {"uv": [0, 0, 8, 8], "texture": "#6"},
				"south": {"uv": [0, 0, 8, 8], "texture": "#6"},
				"west": {"uv": [0, 0, 8, 8], "texture": "#6"},
				"up": {"uv": [0, 0, 8, 8], "texture": "#6"},
				"down": {"uv": [0, 0, 8, 8], "texture": "#6"}
			},
			"rotation": {
				"origin": [8, 3, -13.85],
				"axis": "z",
				"angle": -45
			},
			"type": "cube"
		},
		{
			"name": "anvil3",
			"from": [8.85, 3.700000000000001, -15],
			"to": [9.35, 4.200000000000001, 5],
			"faces": {
				"north": {"uv": [0, 0, 8, 8], "texture": "#6"},
				"east": {"uv": [0, 0, 8, 8], "texture": "#6"},
				"south": {"uv": [0, 0, 8, 8], "texture": "#6"},
				"west": {"uv": [0, 0, 8, 8], "texture": "#6"},
				"up": {"uv": [0, 0, 8, 8], "texture": "#6"},
				"down": {"uv": [0, 0, 8, 8], "texture": "#6"}
			},
			"rotation": {
				"origin": [8, 3, -13.85],
				"axis": "z",
				"angle": -45
			},
			"type": "cube"
		},
		{
			"name": "anvil3",
			"from": [6, 1, -14.100000000000001],
			"to": [10, 5, -13.600000000000001],
			"faces": {
				"north": {"uv": [0, 0, 8, 8], "texture": "#6"},
				"east": {"uv": [0, 0, 8, 8], "texture": "#6"},
				"south": {"uv": [0, 0, 8, 8], "texture": "#6"},
				"west": {"uv": [0, 0, 8, 8], "texture": "#6"},
				"up": {"uv": [0, 0, 8, 8], "texture": "#6"},
				"down": {"uv": [0, 0, 8, 8], "texture": "#6"}
			},
			"rotation": {
				"origin": [8, 3, -13.85],
				"axis": "z",
				"angle": -45
			},
			"type": "cube"
		},
		{
			"name": "anvil3",
			"from": [6, 1, -5.100000000000001],
			"to": [10, 5, -4.600000000000001],
			"faces": {
				"north": {"uv": [0, 0, 8, 8], "texture": "#6"},
				"east": {"uv": [0, 0, 8, 8], "texture": "#6"},
				"south": {"uv": [0, 0, 8, 8], "texture": "#6"},
				"west": {"uv": [0, 0, 8, 8], "texture": "#6"},
				"up": {"uv": [0, 0, 8, 8], "texture": "#6"},
				"down": {"uv": [0, 0, 8, 8], "texture": "#6"}
			},
			"rotation": {
				"origin": [8, 3, -13.85],
				"axis": "z",
				"angle": -45
			},
			"type": "cube"
		},
		{
			"name": "anvil3",
			"from": [6, 1, -3.1000000000000014],
			"to": [10, 5, -2.6000000000000014],
			"faces": {
				"north": {"uv": [0, 0, 8, 8], "texture": "#6"},
				"east": {"uv": [0, 0, 8, 8], "texture": "#6"},
				"south": {"uv": [0, 0, 8, 8], "texture": "#6"},
				"west": {"uv": [0, 0, 8, 8], "texture": "#6"},
				"up": {"uv": [0, 0, 8, 8], "texture": "#6"},
				"down": {"uv": [0, 0, 8, 8], "texture": "#6"}
			},
			"rotation": {
				"origin": [8, 3, -13.85],
				"axis": "z",
				"angle": -45
			},
			"type": "cube"
		},
		{
			"name": "anvil3",
			"from": [6, 1, 3.599999999999998],
			"to": [10, 5, 4.099999999999998],
			"faces": {
				"north": {"uv": [0, 0, 8, 8], "texture": "#6"},
				"east": {"uv": [0, 0, 8, 8], "texture": "#6"},
				"south": {"uv": [0, 0, 8, 8], "texture": "#6"},
				"west": {"uv": [0, 0, 8, 8], "texture": "#6"},
				"up": {"uv": [0, 0, 8, 8], "texture": "#6"},
				"down": {"uv": [0, 0, 8, 8], "texture": "#6"}
			},
			"rotation": {
				"origin": [8, 3, -13.85],
				"axis": "z",
				"angle": -45
			},
			"type": "cube"
		},
		{
			"name": "anvil3",
			"from": [
				6.1499999999999995,
				2.6000000000000014,
				-15
			],
			"to": [6.6499999999999995, 3.1000000000000014, 5],
			"faces": {
				"north": {"uv": [0, 0, 8, 8], "texture": "#6"},
				"east": {"uv": [0, 0, 8, 8], "texture": "#6"},
				"south": {"uv": [0, 0, 8, 8], "texture": "#6"},
				"west": {"uv": [0, 0, 8, 8], "texture": "#6"},
				"up": {"uv": [0, 0, 8, 8], "texture": "#6"},
				"down": {"uv": [0, 0, 8, 8], "texture": "#6"}
			},
			"rotation": {
				"origin": [8, 3, -13.85],
				"axis": "z",
				"angle": -45
			},
			"type": "cube"
		},
		{
			"name": "anvil3",
			"from": [6.65, 1.700000000000001, -15],
			"to": [7.15, 2.200000000000001, 5],
			"faces": {
				"north": {"uv": [0, 0, 8, 8], "texture": "#6"},
				"east": {"uv": [0, 0, 8, 8], "texture": "#6"},
				"south": {"uv": [0, 0, 8, 8], "texture": "#6"},
				"west": {"uv": [0, 0, 8, 8], "texture": "#6"},
				"up": {"uv": [0, 0, 8, 8], "texture": "#6"},
				"down": {"uv": [0, 0, 8, 8], "texture": "#6"}
			},
			"rotation": {
				"origin": [8, 3, -13.85],
				"axis": "z",
				"angle": -45
			},
			"type": "cube"
		},
		{
			"name": "anvil3",
			"from": [9.35, 2.6000000000000014, -15],
			"to": [9.85, 3.1000000000000014, 5],
			"faces": {
				"north": {"uv": [0, 0, 8, 8], "texture": "#6"},
				"east": {"uv": [0, 0, 8, 8], "texture": "#6"},
				"south": {"uv": [0, 0, 8, 8], "texture": "#6"},
				"west": {"uv": [0, 0, 8, 8], "texture": "#6"},
				"up": {"uv": [0, 0, 8, 8], "texture": "#6"},
				"down": {"uv": [0, 0, 8, 8], "texture": "#6"}
			},
			"rotation": {
				"origin": [8, 3, -13.85],
				"axis": "z",
				"angle": -45
			},
			"type": "cube"
		},
		{
			"name": "anvil3",
			"from": [8.85, 1.700000000000001, -15],
			"to": [9.35, 2.200000000000001, 5],
			"faces": {
				"north": {"uv": [0, 0, 8, 8], "texture": "#6"},
				"east": {"uv": [0, 0, 8, 8], "texture": "#6"},
				"south": {"uv": [0, 0, 8, 8], "texture": "#6"},
				"west": {"uv": [0, 0, 8, 8], "texture": "#6"},
				"up": {"uv": [0, 0, 8, 8], "texture": "#6"},
				"down": {"uv": [0, 0, 8, 8], "texture": "#6"}
			},
			"rotation": {
				"origin": [8, 3, -13.85],
				"axis": "z",
				"angle": -45
			},
			"type": "cube"
		},
		{
			"name": "anvil3",
			"from": [7.75, 1.200000000000001, -15],
			"to": [8.25, 1.700000000000001, 5],
			"faces": {
				"north": {"uv": [0, 0, 8, 8], "texture": "#6"},
				"east": {"uv": [0, 0, 8, 8], "texture": "#6"},
				"south": {"uv": [0, 0, 8, 8], "texture": "#6"},
				"west": {"uv": [0, 0, 8, 8], "texture": "#6"},
				"up": {"uv": [0, 0, 8, 8], "texture": "#6"},
				"down": {"uv": [0, 0, 8, 8], "texture": "#6"}
			},
			"rotation": {
				"origin": [8, 3, -13.85],
				"axis": "z",
				"angle": -45
			},
			"type": "cube"
		},
		{
			"name": "anvil3",
			"from": [6, 1, 4.5],
			"to": [10, 5, 5],
			"faces": {
				"north": {"uv": [0, 0, 8, 8], "texture": "#6"},
				"east": {"uv": [0, 0, 8, 8], "texture": "#6"},
				"south": {"uv": [0, 0, 8, 8], "texture": "#6"},
				"west": {"uv": [0, 0, 8, 8], "texture": "#6"},
				"up": {"uv": [0, 0, 8, 8], "texture": "#6"},
				"down": {"uv": [0, 0, 8, 8], "texture": "#6"}
			},
			"rotation": {
				"origin": [8, 3, -13.85],
				"axis": "z",
				"angle": -45
			},
			"type": "cube"
		},
		{
			"name": "anvil4",
			"from": [6.65, 3.700000000000001, -15],
			"to": [7.15, 4.200000000000001, 5],
			"faces": {
				"north": {"uv": [0, 0, 8, 8], "texture": "#7"},
				"east": {"uv": [0, 0, 8, 8], "texture": "#7"},
				"south": {"uv": [0, 0, 8, 8], "texture": "#7"},
				"west": {"uv": [0, 0, 8, 8], "texture": "#7"},
				"up": {"uv": [0, 0, 8, 8], "texture": "#7"},
				"down": {"uv": [0, 0, 8, 8], "texture": "#7"}
			},
			"rotation": {
				"origin": [8, 3, -13.85],
				"axis": "z",
				"angle": 22.5
			},
			"type": "cube"
		},
		{
			"name": "anvil4",
			"from": [7.75, 4.200000000000001, -15],
			"to": [8.25, 4.700000000000001, 5],
			"faces": {
				"north": {"uv": [0, 0, 8, 8], "texture": "#7"},
				"east": {"uv": [0, 0, 8, 8], "texture": "#7"},
				"south": {"uv": [0, 0, 8, 8], "texture": "#7"},
				"west": {"uv": [0, 0, 8, 8], "texture": "#7"},
				"up": {"uv": [0, 0, 8, 8], "texture": "#7"},
				"down": {"uv": [0, 0, 8, 8], "texture": "#7"}
			},
			"rotation": {
				"origin": [8, 3, -13.85],
				"axis": "z",
				"angle": 22.5
			},
			"type": "cube"
		},
		{
			"name": "anvil4",
			"from": [8.85, 3.700000000000001, -15],
			"to": [9.35, 4.200000000000001, 5],
			"faces": {
				"north": {"uv": [0, 0, 8, 8], "texture": "#7"},
				"east": {"uv": [0, 0, 8, 8], "texture": "#7"},
				"south": {"uv": [0, 0, 8, 8], "texture": "#7"},
				"west": {"uv": [0, 0, 8, 8], "texture": "#7"},
				"up": {"uv": [0, 0, 8, 8], "texture": "#7"},
				"down": {"uv": [0, 0, 8, 8], "texture": "#7"}
			},
			"rotation": {
				"origin": [8, 3, -13.85],
				"axis": "z",
				"angle": 22.5
			},
			"type": "cube"
		},
		{
			"name": "anvil4",
			"from": [6, 1, -14.100000000000001],
			"to": [10, 5, -13.600000000000001],
			"faces": {
				"north": {"uv": [0, 0, 8, 8], "texture": "#7"},
				"east": {"uv": [0, 0, 8, 8], "texture": "#7"},
				"south": {"uv": [0, 0, 8, 8], "texture": "#7"},
				"west": {"uv": [0, 0, 8, 8], "texture": "#7"},
				"up": {"uv": [0, 0, 8, 8], "texture": "#7"},
				"down": {"uv": [0, 0, 8, 8], "texture": "#7"}
			},
			"rotation": {
				"origin": [8, 3, -13.85],
				"axis": "z",
				"angle": 22.5
			},
			"type": "cube"
		},
		{
			"name": "anvil4",
			"from": [6, 1, -5.100000000000001],
			"to": [10, 5, -4.600000000000001],
			"faces": {
				"north": {"uv": [0, 0, 8, 8], "texture": "#7"},
				"east": {"uv": [0, 0, 8, 8], "texture": "#7"},
				"south": {"uv": [0, 0, 8, 8], "texture": "#7"},
				"west": {"uv": [0, 0, 8, 8], "texture": "#7"},
				"up": {"uv": [0, 0, 8, 8], "texture": "#7"},
				"down": {"uv": [0, 0, 8, 8], "texture": "#7"}
			},
			"rotation": {
				"origin": [8, 3, -13.85],
				"axis": "z",
				"angle": 22.5
			},
			"type": "cube"
		},
		{
			"name": "anvil4",
			"from": [6, 1, -3.1000000000000014],
			"to": [10, 5, -2.6000000000000014],
			"faces": {
				"north": {"uv": [0, 0, 8, 8], "texture": "#7"},
				"east": {"uv": [0, 0, 8, 8], "texture": "#7"},
				"south": {"uv": [0, 0, 8, 8], "texture": "#7"},
				"west": {"uv": [0, 0, 8, 8], "texture": "#7"},
				"up": {"uv": [0, 0, 8, 8], "texture": "#7"},
				"down": {"uv": [0, 0, 8, 8], "texture": "#7"}
			},
			"rotation": {
				"origin": [8, 3, -13.85],
				"axis": "z",
				"angle": 22.5
			},
			"type": "cube"
		},
		{
			"name": "anvil4",
			"from": [6, 1, 3.599999999999998],
			"to": [10, 5, 4.099999999999998],
			"faces": {
				"north": {"uv": [0, 0, 8, 8], "texture": "#7"},
				"east": {"uv": [0, 0, 8, 8], "texture": "#7"},
				"south": {"uv": [0, 0, 8, 8], "texture": "#7"},
				"west": {"uv": [0, 0, 8, 8], "texture": "#7"},
				"up": {"uv": [0, 0, 8, 8], "texture": "#7"},
				"down": {"uv": [0, 0, 8, 8], "texture": "#7"}
			},
			"rotation": {
				"origin": [8, 3, -13.85],
				"axis": "z",
				"angle": 22.5
			},
			"type": "cube"
		},
		{
			"name": "anvil4",
			"from": [
				6.1499999999999995,
				2.6000000000000014,
				-15
			],
			"to": [6.6499999999999995, 3.1000000000000014, 5],
			"faces": {
				"north": {"uv": [0, 0, 8, 8], "texture": "#7"},
				"east": {"uv": [0, 0, 8, 8], "texture": "#7"},
				"south": {"uv": [0, 0, 8, 8], "texture": "#7"},
				"west": {"uv": [0, 0, 8, 8], "texture": "#7"},
				"up": {"uv": [0, 0, 8, 8], "texture": "#7"},
				"down": {"uv": [0, 0, 8, 8], "texture": "#7"}
			},
			"rotation": {
				"origin": [8, 3, -13.85],
				"axis": "z",
				"angle": 22.5
			},
			"type": "cube"
		},
		{
			"name": "anvil4",
			"from": [6.65, 1.700000000000001, -15],
			"to": [7.15, 2.200000000000001, 5],
			"faces": {
				"north": {"uv": [0, 0, 8, 8], "texture": "#7"},
				"east": {"uv": [0, 0, 8, 8], "texture": "#7"},
				"south": {"uv": [0, 0, 8, 8], "texture": "#7"},
				"west": {"uv": [0, 0, 8, 8], "texture": "#7"},
				"up": {"uv": [0, 0, 8, 8], "texture": "#7"},
				"down": {"uv": [0, 0, 8, 8], "texture": "#7"}
			},
			"rotation": {
				"origin": [8, 3, -13.85],
				"axis": "z",
				"angle": 22.5
			},
			"type": "cube"
		},
		{
			"name": "anvil4",
			"from": [9.35, 2.6000000000000014, -15],
			"to": [9.85, 3.1000000000000014, 5],
			"faces": {
				"north": {"uv": [0, 0, 8, 8], "texture": "#7"},
				"east": {"uv": [0, 0, 8, 8], "texture": "#7"},
				"south": {"uv": [0, 0, 8, 8], "texture": "#7"},
				"west": {"uv": [0, 0, 8, 8], "texture": "#7"},
				"up": {"uv": [0, 0, 8, 8], "texture": "#7"},
				"down": {"uv": [0, 0, 8, 8], "texture": "#7"}
			},
			"rotation": {
				"origin": [8, 3, -13.85],
				"axis": "z",
				"angle": 22.5
			},
			"type": "cube"
		},
		{
			"name": "anvil4",
			"from": [8.85, 1.700000000000001, -15],
			"to": [9.35, 2.200000000000001, 5],
			"faces": {
				"north": {"uv": [0, 0, 8, 8], "texture": "#7"},
				"east": {"uv": [0, 0, 8, 8], "texture": "#7"},
				"south": {"uv": [0, 0, 8, 8], "texture": "#7"},
				"west": {"uv": [0, 0, 8, 8], "texture": "#7"},
				"up": {"uv": [0, 0, 8, 8], "texture": "#7"},
				"down": {"uv": [0, 0, 8, 8], "texture": "#7"}
			},
			"rotation": {
				"origin": [8, 3, -13.85],
				"axis": "z",
				"angle": 22.5
			},
			"type": "cube"
		},
		{
			"name": "anvil4",
			"from": [7.75, 1.200000000000001, -15],
			"to": [8.25, 1.700000000000001, 5],
			"faces": {
				"north": {"uv": [0, 0, 8, 8], "texture": "#7"},
				"east": {"uv": [0, 0, 8, 8], "texture": "#7"},
				"south": {"uv": [0, 0, 8, 8], "texture": "#7"},
				"west": {"uv": [0, 0, 8, 8], "texture": "#7"},
				"up": {"uv": [0, 0, 8, 8], "texture": "#7"},
				"down": {"uv": [0, 0, 8, 8], "texture": "#7"}
			},
			"rotation": {
				"origin": [8, 3, -13.85],
				"axis": "z",
				"angle": 22.5
			},
			"type": "cube"
		},
		{
			"name": "anvil4",
			"from": [6, 1, 4.5],
			"to": [10, 5, 5],
			"faces": {
				"north": {"uv": [0, 0, 8, 8], "texture": "#7"},
				"east": {"uv": [0, 0, 8, 8], "texture": "#7"},
				"south": {"uv": [0, 0, 8, 8], "texture": "#7"},
				"west": {"uv": [0, 0, 8, 8], "texture": "#7"},
				"up": {"uv": [0, 0, 8, 8], "texture": "#7"},
				"down": {"uv": [0, 0, 8, 8], "texture": "#7"}
			},
			"rotation": {
				"origin": [8, 3, -13.85],
				"axis": "z",
				"angle": 22.5
			},
			"type": "cube"
		},
		{
			"name": "gold1",
			"from": [
				3.5999999999999996,
				3.6000000000000014,
				6.1
			],
			"to": [4.1, 4.100000000000001, 8.700000000000001],
			"faces": {
				"north": {"uv": [0, 8, 8, 10], "texture": "#5"},
				"east": {"uv": [0, 8, 8, 10], "texture": "#5"},
				"south": {"uv": [0, 8, 8, 16], "texture": "#5"},
				"west": {"uv": [0, 8, 8, 10], "texture": "#5"},
				"up": {"uv": [0, 8, 8, 10], "texture": "#5"},
				"down": {"uv": [0, 8, 8, 10], "texture": "#5"}
			},
			"type": "cube"
		},
		{
			"name": "gold1",
			"from": [3.1, 3.1000000000000005, 6.1],
			"to": [3.6, 3.6000000000000005, 8.700000000000001],
			"faces": {
				"north": {"uv": [0, 8, 8, 10], "texture": "#5"},
				"east": {"uv": [0, 8, 8, 10], "texture": "#5"},
				"south": {"uv": [0, 8, 8, 16], "texture": "#5"},
				"west": {"uv": [0, 8, 8, 10], "texture": "#5"},
				"up": {"uv": [0, 8, 8, 10], "texture": "#5"},
				"down": {"uv": [0, 8, 8, 10], "texture": "#5"}
			},
			"type": "cube"
		},
		{
			"name": "gold1",
			"from": [3, 2.3000000000000007, 6.1],
			"to": [3.5, 2.8000000000000007, 8.700000000000001],
			"faces": {
				"north": {"uv": [0, 8, 8, 10], "texture": "#5"},
				"east": {"uv": [0, 8, 8, 10], "texture": "#5"},
				"south": {"uv": [0, 8, 8, 16], "texture": "#5"},
				"west": {"uv": [0, 8, 8, 10], "texture": "#5"},
				"up": {"uv": [0, 8, 8, 10], "texture": "#5"},
				"down": {"uv": [0, 8, 8, 10], "texture": "#5"}
			},
			"type": "cube"
		},
		{
			"name": "gold1",
			"from": [3, 1.5000000000000004, 6.1],
			"to": [3.5, 2.0000000000000004, 8.700000000000001],
			"faces": {
				"north": {"uv": [0, 8, 8, 10], "texture": "#5"},
				"east": {"uv": [0, 8, 8, 10], "texture": "#5"},
				"south": {"uv": [0, 8, 8, 16], "texture": "#5"},
				"west": {"uv": [0, 8, 8, 10], "texture": "#5"},
				"up": {"uv": [0, 8, 8, 10], "texture": "#5"},
				"down": {"uv": [0, 8, 8, 10], "texture": "#5"}
			},
			"type": "cube"
		},
		{
			"name": "gold1",
			"from": [4.5, 3.6000000000000014, 6.1],
			"to": [5, 4.100000000000001, 8.700000000000001],
			"faces": {
				"north": {"uv": [0, 8, 8, 10], "texture": "#5"},
				"east": {"uv": [0, 8, 8, 10], "texture": "#5"},
				"south": {"uv": [0, 8, 8, 16], "texture": "#5"},
				"west": {"uv": [0, 8, 8, 10], "texture": "#5"},
				"up": {"uv": [0, 8, 8, 10], "texture": "#5"},
				"down": {"uv": [0, 8, 8, 10], "texture": "#5"}
			},
			"type": "cube"
		},
		{
			"name": "gold2",
			"from": [
				3.6999999999999993,
				3.6000000000000014,
				6.1
			],
			"to": [
				4.199999999999999,
				4.100000000000001,
				8.700000000000001
			],
			"faces": {
				"north": {"uv": [0, 8, 8, 16], "texture": "#4"},
				"east": {"uv": [0, 8, 8, 16], "texture": "#4"},
				"south": {"uv": [0, 8, 8, 16], "texture": "#4"},
				"west": {"uv": [0, 8, 8, 16], "texture": "#4"},
				"up": {"uv": [0, 8, 8, 16], "texture": "#4"},
				"down": {"uv": [0, 8, 8, 16], "texture": "#4"}
			},
			"type": "cube"
		},
		{
			"name": "gold2",
			"from": [3.2, 3.2000000000000006, 6.1],
			"to": [3.7, 3.7000000000000006, 8.700000000000001],
			"faces": {
				"north": {"uv": [0, 8, 8, 16], "texture": "#4"},
				"east": {"uv": [0, 8, 8, 16], "texture": "#4"},
				"south": {"uv": [0, 8, 8, 16], "texture": "#4"},
				"west": {"uv": [0, 8, 8, 16], "texture": "#4"},
				"up": {"uv": [0, 8, 8, 16], "texture": "#4"},
				"down": {"uv": [0, 8, 8, 16], "texture": "#4"}
			},
			"type": "cube"
		},
		{
			"name": "gold2",
			"from": [3, 2.400000000000001, 6.1],
			"to": [3.5, 2.900000000000001, 8.700000000000001],
			"faces": {
				"north": {"uv": [0, 8, 8, 16], "texture": "#4"},
				"east": {"uv": [0, 8, 8, 16], "texture": "#4"},
				"south": {"uv": [0, 8, 8, 16], "texture": "#4"},
				"west": {"uv": [0, 8, 8, 16], "texture": "#4"},
				"up": {"uv": [0, 8, 8, 16], "texture": "#4"},
				"down": {"uv": [0, 8, 8, 16], "texture": "#4"}
			},
			"type": "cube"
		},
		{
			"name": "gold2",
			"from": [3, 1.6000000000000005, 6.1],
			"to": [3.5, 2.1000000000000005, 8.700000000000001],
			"faces": {
				"north": {"uv": [0, 8, 8, 16], "texture": "#4"},
				"east": {"uv": [0, 8, 8, 16], "texture": "#4"},
				"south": {"uv": [0, 8, 8, 16], "texture": "#4"},
				"west": {"uv": [0, 8, 8, 16], "texture": "#4"},
				"up": {"uv": [0, 8, 8, 16], "texture": "#4"},
				"down": {"uv": [0, 8, 8, 16], "texture": "#4"}
			},
			"type": "cube"
		},
		{
			"name": "gold2",
			"from": [4.6, 3.6000000000000014, 6.1],
			"to": [5.1, 4.100000000000001, 8.700000000000001],
			"faces": {
				"north": {"uv": [0, 8, 8, 16], "texture": "#4"},
				"east": {"uv": [0, 8, 8, 16], "texture": "#4"},
				"south": {"uv": [0, 8, 8, 16], "texture": "#4"},
				"west": {"uv": [0, 8, 8, 16], "texture": "#4"},
				"up": {"uv": [0, 8, 8, 16], "texture": "#4"},
				"down": {"uv": [0, 8, 8, 16], "texture": "#4"}
			},
			"type": "cube"
		},
		{
			"name": "gold3",
			"from": [3.799999999999999, 3.6000000000000014, 6.1],
			"to": [
				4.299999999999999,
				4.100000000000001,
				8.700000000000001
			],
			"faces": {
				"north": {"uv": [0, 8, 8, 16], "texture": "#6"},
				"east": {"uv": [0, 8, 8, 16], "texture": "#6"},
				"south": {"uv": [0, 8, 8, 16], "texture": "#6"},
				"west": {"uv": [0, 8, 8, 16], "texture": "#6"},
				"up": {"uv": [0, 8, 8, 16], "texture": "#6"},
				"down": {"uv": [0, 8, 8, 16], "texture": "#6"}
			},
			"type": "cube"
		},
		{
			"name": "gold3",
			"from": [
				3.3000000000000003,
				3.3000000000000007,
				6.1
			],
			"to": [
				3.8000000000000003,
				3.8000000000000007,
				8.700000000000001
			],
			"faces": {
				"north": {"uv": [0, 8, 8, 16], "texture": "#6"},
				"east": {"uv": [0, 8, 8, 16], "texture": "#6"},
				"south": {"uv": [0, 8, 8, 16], "texture": "#6"},
				"west": {"uv": [0, 8, 8, 16], "texture": "#6"},
				"up": {"uv": [0, 8, 8, 16], "texture": "#6"},
				"down": {"uv": [0, 8, 8, 16], "texture": "#6"}
			},
			"type": "cube"
		},
		{
			"name": "gold3",
			"from": [3, 2.600000000000001, 6.1],
			"to": [3.5, 3.100000000000001, 8.700000000000001],
			"faces": {
				"north": {"uv": [0, 8, 8, 16], "texture": "#6"},
				"east": {"uv": [0, 8, 8, 16], "texture": "#6"},
				"south": {"uv": [0, 8, 8, 16], "texture": "#6"},
				"west": {"uv": [0, 8, 8, 16], "texture": "#6"},
				"up": {"uv": [0, 8, 8, 16], "texture": "#6"},
				"down": {"uv": [0, 8, 8, 16], "texture": "#6"}
			},
			"type": "cube"
		},
		{
			"name": "gold3",
			"from": [3, 1.7000000000000006, 6.1],
			"to": [3.5, 2.2000000000000006, 8.700000000000001],
			"faces": {
				"north": {"uv": [0, 8, 8, 16], "texture": "#6"},
				"east": {"uv": [0, 8, 8, 16], "texture": "#6"},
				"south": {"uv": [0, 8, 8, 16], "texture": "#6"},
				"west": {"uv": [0, 8, 8, 16], "texture": "#6"},
				"up": {"uv": [0, 8, 8, 16], "texture": "#6"},
				"down": {"uv": [0, 8, 8, 16], "texture": "#6"}
			},
			"type": "cube"
		},
		{
			"name": "gold3",
			"from": [4.699999999999999, 3.6000000000000014, 6.1],
			"to": [
				5.199999999999999,
				4.100000000000001,
				8.700000000000001
			],
			"faces": {
				"north": {"uv": [0, 8, 8, 16], "texture": "#6"},
				"east": {"uv": [0, 8, 8, 16], "texture": "#6"},
				"south": {"uv": [0, 8, 8, 16], "texture": "#6"},
				"west": {"uv": [0, 8, 8, 16], "texture": "#6"},
				"up": {"uv": [0, 8, 8, 16], "texture": "#6"},
				"down": {"uv": [0, 8, 8, 16], "texture": "#6"}
			},
			"type": "cube"
		},
		{
			"name": "gold4",
			"from": [
				3.8999999999999986,
				3.6000000000000014,
				6.1
			],
			"to": [
				4.399999999999999,
				4.100000000000001,
				8.700000000000001
			],
			"faces": {
				"north": {"uv": [0, 8, 8, 16], "texture": "#7"},
				"east": {"uv": [0, 8, 8, 16], "texture": "#7"},
				"south": {"uv": [0, 8, 8, 16], "texture": "#7"},
				"west": {"uv": [0, 8, 8, 16], "texture": "#7"},
				"up": {"uv": [0, 8, 8, 16], "texture": "#7"},
				"down": {"uv": [0, 8, 8, 16], "texture": "#7"}
			},
			"type": "cube"
		},
		{
			"name": "gold4",
			"from": [3.4000000000000004, 3.400000000000001, 6.1],
			"to": [
				3.9000000000000004,
				3.900000000000001,
				8.700000000000001
			],
			"faces": {
				"north": {"uv": [0, 8, 8, 16], "texture": "#7"},
				"east": {"uv": [0, 8, 8, 16], "texture": "#7"},
				"south": {"uv": [0, 8, 8, 16], "texture": "#7"},
				"west": {"uv": [0, 8, 8, 16], "texture": "#7"},
				"up": {"uv": [0, 8, 8, 16], "texture": "#7"},
				"down": {"uv": [0, 8, 8, 16], "texture": "#7"}
			},
			"type": "cube"
		},
		{
			"name": "gold4",
			"from": [3, 2.700000000000001, 6.1],
			"to": [3.5, 3.200000000000001, 8.700000000000001],
			"faces": {
				"north": {"uv": [0, 8, 8, 16], "texture": "#7"},
				"east": {"uv": [0, 8, 8, 16], "texture": "#7"},
				"south": {"uv": [0, 8, 8, 16], "texture": "#7"},
				"west": {"uv": [0, 8, 8, 16], "texture": "#7"},
				"up": {"uv": [0, 8, 8, 16], "texture": "#7"},
				"down": {"uv": [0, 8, 8, 16], "texture": "#7"}
			},
			"type": "cube"
		},
		{
			"name": "gold4",
			"from": [3, 1.8000000000000007, 6.1],
			"to": [3.5, 2.3000000000000007, 8.700000000000001],
			"faces": {
				"north": {"uv": [0, 8, 8, 16], "texture": "#7"},
				"east": {"uv": [0, 8, 8, 16], "texture": "#7"},
				"south": {"uv": [0, 8, 8, 16], "texture": "#7"},
				"west": {"uv": [0, 8, 8, 16], "texture": "#7"},
				"up": {"uv": [0, 8, 8, 16], "texture": "#7"},
				"down": {"uv": [0, 8, 8, 16], "texture": "#7"}
			},
			"type": "cube"
		},
		{
			"name": "gold4",
			"from": [4.799999999999999, 3.6000000000000014, 6.1],
			"to": [
				5.299999999999999,
				4.100000000000001,
				8.700000000000001
			],
			"faces": {
				"north": {"uv": [0, 8, 8, 16], "texture": "#7"},
				"east": {"uv": [0, 8, 8, 16], "texture": "#7"},
				"south": {"uv": [0, 8, 8, 16], "texture": "#7"},
				"west": {"uv": [0, 8, 8, 16], "texture": "#7"},
				"up": {"uv": [0, 8, 8, 16], "texture": "#7"},
				"down": {"uv": [0, 8, 8, 16], "texture": "#7"}
			},
			"type": "cube"
		},
		{
			"name": "iron1",
			"from": [
				4.300000000000001,
				3.500000000000001,
				7.899999999999999
			],
			"to": [5.199999999999999, 4.2, 8.099999999999998],
			"faces": {
				"north": {"uv": [8, 0, 16, 8], "texture": "#5"},
				"east": {"uv": [8, 0, 16, 8], "texture": "#5"},
				"south": {"uv": [8, 0, 16, 8], "texture": "#5"},
				"west": {"uv": [8, 0, 16, 8], "texture": "#5"},
				"up": {"uv": [8, 0, 16, 8], "texture": "#5"},
				"down": {"uv": [8, 0, 16, 8], "texture": "#5"}
			},
			"type": "cube"
		},
		{
			"name": "iron1",
			"from": [
				4.300000000000001,
				3.500000000000001,
				6.699999999999998
			],
			"to": [5.199999999999999, 4.2, 6.899999999999998],
			"faces": {
				"north": {"uv": [8, 0, 16, 8], "texture": "#5"},
				"east": {"uv": [8, 0, 16, 8], "texture": "#5"},
				"south": {"uv": [8, 0, 16, 8], "texture": "#5"},
				"west": {"uv": [8, 0, 16, 8], "texture": "#5"},
				"up": {"uv": [8, 0, 16, 8], "texture": "#5"},
				"down": {"uv": [8, 0, 16, 8], "texture": "#5"}
			},
			"type": "cube"
		},
		{
			"name": "iron1",
			"from": [
				3.4000000000000004,
				3.500000000000001,
				6.699999999999998
			],
			"to": [4.299999999999999, 4.2, 6.899999999999998],
			"faces": {
				"north": {"uv": [8, 0, 16, 8], "texture": "#5"},
				"east": {"uv": [8, 0, 16, 8], "texture": "#5"},
				"south": {"uv": [8, 0, 16, 8], "texture": "#5"},
				"west": {"uv": [8, 0, 16, 8], "texture": "#5"},
				"up": {"uv": [8, 0, 16, 8], "texture": "#5"},
				"down": {"uv": [8, 0, 16, 8], "texture": "#5"}
			},
			"type": "cube"
		},
		{
			"name": "iron1",
			"from": [
				3.4000000000000004,
				3.500000000000001,
				7.899999999999999
			],
			"to": [4.299999999999999, 4.2, 8.099999999999998],
			"faces": {
				"north": {"uv": [8, 0, 16, 8], "texture": "#5"},
				"east": {"uv": [8, 0, 16, 8], "texture": "#5"},
				"south": {"uv": [8, 0, 16, 8], "texture": "#5"},
				"west": {"uv": [8, 0, 16, 8], "texture": "#5"},
				"up": {"uv": [8, 0, 16, 8], "texture": "#5"},
				"down": {"uv": [8, 0, 16, 8], "texture": "#5"}
			},
			"type": "cube"
		},
		{
			"name": "iron1",
			"from": [3, 2.9000000000000012, 7.899999999999999],
			"to": [3.6999999999999993, 3.8, 8.099999999999998],
			"faces": {
				"north": {"uv": [8, 0, 16, 8], "texture": "#5"},
				"east": {"uv": [8, 0, 16, 8], "texture": "#5"},
				"south": {"uv": [8, 0, 16, 8], "texture": "#5"},
				"west": {"uv": [8, 0, 16, 8], "texture": "#5"},
				"up": {"uv": [8, 0, 16, 8], "texture": "#5"},
				"down": {"uv": [8, 0, 16, 8], "texture": "#5"}
			},
			"type": "cube"
		},
		{
			"name": "iron1",
			"from": [3, 2.9000000000000012, 6.699999999999998],
			"to": [3.6999999999999993, 3.8, 6.899999999999998],
			"faces": {
				"north": {"uv": [8, 0, 16, 8], "texture": "#5"},
				"east": {"uv": [8, 0, 16, 8], "texture": "#5"},
				"south": {"uv": [8, 0, 16, 8], "texture": "#5"},
				"west": {"uv": [8, 0, 16, 8], "texture": "#5"},
				"up": {"uv": [8, 0, 16, 8], "texture": "#5"},
				"down": {"uv": [8, 0, 16, 8], "texture": "#5"}
			},
			"type": "cube"
		},
		{
			"name": "iron1",
			"from": [2.9, 2.000000000000001, 6.699999999999998],
			"to": [
				3.599999999999999,
				2.8999999999999995,
				6.899999999999998
			],
			"faces": {
				"north": {"uv": [8, 0, 16, 8], "texture": "#5"},
				"east": {"uv": [8, 0, 16, 8], "texture": "#5"},
				"south": {"uv": [8, 0, 16, 8], "texture": "#5"},
				"west": {"uv": [8, 0, 16, 8], "texture": "#5"},
				"up": {"uv": [8, 0, 16, 8], "texture": "#5"},
				"down": {"uv": [8, 0, 16, 8], "texture": "#5"}
			},
			"type": "cube"
		},
		{
			"name": "iron1",
			"from": [2.9, 2.000000000000001, 7.899999999999999],
			"to": [
				3.599999999999999,
				2.8999999999999995,
				8.099999999999998
			],
			"faces": {
				"north": {"uv": [8, 0, 16, 8], "texture": "#5"},
				"east": {"uv": [8, 0, 16, 8], "texture": "#5"},
				"south": {"uv": [8, 0, 16, 8], "texture": "#5"},
				"west": {"uv": [8, 0, 16, 8], "texture": "#5"},
				"up": {"uv": [8, 0, 16, 8], "texture": "#5"},
				"down": {"uv": [8, 0, 16, 8], "texture": "#5"}
			},
			"type": "cube"
		},
		{
			"name": "iron1",
			"from": [2.9, 1.200000000000001, 7.899999999999999],
			"to": [
				3.599999999999999,
				2.0999999999999996,
				8.099999999999998
			],
			"faces": {
				"north": {"uv": [8, 0, 16, 8], "texture": "#5"},
				"east": {"uv": [8, 0, 16, 8], "texture": "#5"},
				"south": {"uv": [8, 0, 16, 8], "texture": "#5"},
				"west": {"uv": [8, 0, 16, 8], "texture": "#5"},
				"up": {"uv": [8, 0, 16, 8], "texture": "#5"},
				"down": {"uv": [8, 0, 16, 8], "texture": "#5"}
			},
			"type": "cube"
		},
		{
			"name": "iron1",
			"from": [2.9, 1.200000000000001, 6.699999999999998],
			"to": [
				3.599999999999999,
				2.0999999999999996,
				6.899999999999998
			],
			"faces": {
				"north": {"uv": [8, 0, 16, 8], "texture": "#5"},
				"east": {"uv": [8, 0, 16, 8], "texture": "#5"},
				"south": {"uv": [8, 0, 16, 8], "texture": "#5"},
				"west": {"uv": [8, 0, 16, 8], "texture": "#5"},
				"up": {"uv": [8, 0, 16, 8], "texture": "#5"},
				"down": {"uv": [8, 0, 16, 8], "texture": "#5"}
			},
			"type": "cube"
		},
		{
			"name": "iron2",
			"from": [4.4, 3.500000000000001, 7.899999999999999],
			"to": [5.299999999999999, 4.2, 8.099999999999998],
			"faces": {
				"north": {"uv": [8, 0, 16, 8], "texture": "#5"},
				"east": {"uv": [8, 0, 16, 8], "texture": "#5"},
				"south": {"uv": [8, 0, 16, 8], "texture": "#5"},
				"west": {"uv": [8, 0, 16, 8], "texture": "#4"},
				"up": {"uv": [8, 0, 16, 8], "texture": "#5"},
				"down": {"uv": [8, 0, 16, 8], "texture": "#5"}
			},
			"type": "cube"
		},
		{
			"name": "iron2",
			"from": [4.4, 3.500000000000001, 6.699999999999998],
			"to": [5.299999999999999, 4.2, 6.899999999999998],
			"faces": {
				"north": {"uv": [8, 0, 16, 8], "texture": "#5"},
				"east": {"uv": [8, 0, 16, 8], "texture": "#5"},
				"south": {"uv": [8, 0, 16, 8], "texture": "#5"},
				"west": {"uv": [8, 0, 16, 8], "texture": "#4"},
				"up": {"uv": [8, 0, 16, 8], "texture": "#5"},
				"down": {"uv": [8, 0, 16, 8], "texture": "#5"}
			},
			"type": "cube"
		},
		{
			"name": "iron2",
			"from": [3.5, 3.500000000000001, 6.699999999999998],
			"to": [4.399999999999999, 4.2, 6.899999999999998],
			"faces": {
				"north": {"uv": [8, 0, 16, 8], "texture": "#5"},
				"east": {"uv": [8, 0, 16, 8], "texture": "#5"},
				"south": {"uv": [8, 0, 16, 8], "texture": "#5"},
				"west": {"uv": [8, 0, 16, 8], "texture": "#4"},
				"up": {"uv": [8, 0, 16, 8], "texture": "#5"},
				"down": {"uv": [8, 0, 16, 8], "texture": "#5"}
			},
			"type": "cube"
		},
		{
			"name": "iron2",
			"from": [3.5, 3.500000000000001, 7.899999999999999],
			"to": [4.399999999999999, 4.2, 8.099999999999998],
			"faces": {
				"north": {"uv": [8, 0, 16, 8], "texture": "#5"},
				"east": {"uv": [8, 0, 16, 8], "texture": "#5"},
				"south": {"uv": [8, 0, 16, 8], "texture": "#5"},
				"west": {"uv": [8, 0, 16, 8], "texture": "#4"},
				"up": {"uv": [8, 0, 16, 8], "texture": "#5"},
				"down": {"uv": [8, 0, 16, 8], "texture": "#5"}
			},
			"type": "cube"
		},
		{
			"name": "iron2",
			"from": [3.1, 3.0000000000000013, 7.899999999999999],
			"to": [3.7999999999999994, 3.9, 8.099999999999998],
			"faces": {
				"north": {"uv": [8, 0, 16, 8], "texture": "#5"},
				"east": {"uv": [8, 0, 16, 8], "texture": "#5"},
				"south": {"uv": [8, 0, 16, 8], "texture": "#5"},
				"west": {"uv": [8, 0, 16, 8], "texture": "#4"},
				"up": {"uv": [8, 0, 16, 8], "texture": "#5"},
				"down": {"uv": [8, 0, 16, 8], "texture": "#5"}
			},
			"type": "cube"
		},
		{
			"name": "iron2",
			"from": [3.1, 3.0000000000000013, 6.699999999999998],
			"to": [3.7999999999999994, 3.9, 6.899999999999998],
			"faces": {
				"north": {"uv": [8, 0, 16, 8], "texture": "#5"},
				"east": {"uv": [8, 0, 16, 8], "texture": "#5"},
				"south": {"uv": [8, 0, 16, 8], "texture": "#5"},
				"west": {"uv": [8, 0, 16, 8], "texture": "#4"},
				"up": {"uv": [8, 0, 16, 8], "texture": "#5"},
				"down": {"uv": [8, 0, 16, 8], "texture": "#5"}
			},
			"type": "cube"
		},
		{
			"name": "iron2",
			"from": [2.9, 2.100000000000001, 6.699999999999998],
			"to": [
				3.599999999999999,
				2.9999999999999996,
				6.899999999999998
			],
			"faces": {
				"north": {"uv": [8, 0, 16, 8], "texture": "#5"},
				"east": {"uv": [8, 0, 16, 8], "texture": "#5"},
				"south": {"uv": [8, 0, 16, 8], "texture": "#5"},
				"west": {"uv": [8, 0, 16, 8], "texture": "#4"},
				"up": {"uv": [8, 0, 16, 8], "texture": "#5"},
				"down": {"uv": [8, 0, 16, 8], "texture": "#5"}
			},
			"type": "cube"
		},
		{
			"name": "iron2",
			"from": [2.9, 2.100000000000001, 7.899999999999999],
			"to": [
				3.599999999999999,
				2.9999999999999996,
				8.099999999999998
			],
			"faces": {
				"north": {"uv": [8, 0, 16, 8], "texture": "#5"},
				"east": {"uv": [8, 0, 16, 8], "texture": "#5"},
				"south": {"uv": [8, 0, 16, 8], "texture": "#5"},
				"west": {"uv": [8, 0, 16, 8], "texture": "#4"},
				"up": {"uv": [8, 0, 16, 8], "texture": "#5"},
				"down": {"uv": [8, 0, 16, 8], "texture": "#5"}
			},
			"type": "cube"
		},
		{
			"name": "iron2",
			"from": [2.9, 1.3000000000000012, 7.899999999999999],
			"to": [
				3.599999999999999,
				2.1999999999999997,
				8.099999999999998
			],
			"faces": {
				"north": {"uv": [8, 0, 16, 8], "texture": "#5"},
				"east": {"uv": [8, 0, 16, 8], "texture": "#5"},
				"south": {"uv": [8, 0, 16, 8], "texture": "#5"},
				"west": {"uv": [8, 0, 16, 8], "texture": "#4"},
				"up": {"uv": [8, 0, 16, 8], "texture": "#5"},
				"down": {"uv": [8, 0, 16, 8], "texture": "#5"}
			},
			"type": "cube"
		},
		{
			"name": "iron2",
			"from": [2.9, 1.3000000000000012, 6.699999999999998],
			"to": [
				3.599999999999999,
				2.1999999999999997,
				6.899999999999998
			],
			"faces": {
				"north": {"uv": [8, 0, 16, 8], "texture": "#5"},
				"east": {"uv": [8, 0, 16, 8], "texture": "#5"},
				"south": {"uv": [8, 0, 16, 8], "texture": "#5"},
				"west": {"uv": [8, 0, 16, 8], "texture": "#4"},
				"up": {"uv": [8, 0, 16, 8], "texture": "#5"},
				"down": {"uv": [8, 0, 16, 8], "texture": "#5"}
			},
			"type": "cube"
		},
		{
			"name": "iron3",
			"from": [4.5, 3.500000000000001, 7.899999999999999],
			"to": [5.399999999999999, 4.2, 8.099999999999998],
			"faces": {
				"north": {"uv": [8, 0, 16, 8], "texture": "#6"},
				"east": {"uv": [8, 0, 16, 8], "texture": "#6"},
				"south": {"uv": [8, 0, 16, 8], "texture": "#6"},
				"west": {"uv": [8, 0, 16, 8], "texture": "#6"},
				"up": {"uv": [8, 0, 16, 8], "texture": "#6"},
				"down": {"uv": [8, 0, 16, 8], "texture": "#6"}
			},
			"type": "cube"
		},
		{
			"name": "iron3",
			"from": [4.5, 3.500000000000001, 6.699999999999998],
			"to": [5.399999999999999, 4.2, 6.899999999999998],
			"faces": {
				"north": {"uv": [8, 0, 16, 8], "texture": "#6"},
				"east": {"uv": [8, 0, 16, 8], "texture": "#6"},
				"south": {"uv": [8, 0, 16, 8], "texture": "#6"},
				"west": {"uv": [8, 0, 16, 8], "texture": "#6"},
				"up": {"uv": [8, 0, 16, 8], "texture": "#6"},
				"down": {"uv": [8, 0, 16, 8], "texture": "#6"}
			},
			"type": "cube"
		},
		{
			"name": "iron3",
			"from": [
				3.5999999999999996,
				3.500000000000001,
				6.699999999999998
			],
			"to": [4.499999999999998, 4.2, 6.899999999999998],
			"faces": {
				"north": {"uv": [8, 0, 16, 8], "texture": "#6"},
				"east": {"uv": [8, 0, 16, 8], "texture": "#6"},
				"south": {"uv": [8, 0, 16, 8], "texture": "#6"},
				"west": {"uv": [8, 0, 16, 8], "texture": "#6"},
				"up": {"uv": [8, 0, 16, 8], "texture": "#6"},
				"down": {"uv": [8, 0, 16, 8], "texture": "#6"}
			},
			"type": "cube"
		},
		{
			"name": "iron3",
			"from": [
				3.5999999999999996,
				3.500000000000001,
				7.899999999999999
			],
			"to": [4.499999999999998, 4.2, 8.099999999999998],
			"faces": {
				"north": {"uv": [8, 0, 16, 8], "texture": "#6"},
				"east": {"uv": [8, 0, 16, 8], "texture": "#6"},
				"south": {"uv": [8, 0, 16, 8], "texture": "#6"},
				"west": {"uv": [8, 0, 16, 8], "texture": "#6"},
				"up": {"uv": [8, 0, 16, 8], "texture": "#6"},
				"down": {"uv": [8, 0, 16, 8], "texture": "#6"}
			},
			"type": "cube"
		},
		{
			"name": "iron3",
			"from": [3.2, 3.1000000000000014, 7.899999999999999],
			"to": [3.8999999999999995, 4, 8.099999999999998],
			"faces": {
				"north": {"uv": [8, 0, 16, 8], "texture": "#6"},
				"east": {"uv": [8, 0, 16, 8], "texture": "#6"},
				"south": {"uv": [8, 0, 16, 8], "texture": "#6"},
				"west": {"uv": [8, 0, 16, 8], "texture": "#6"},
				"up": {"uv": [8, 0, 16, 8], "texture": "#6"},
				"down": {"uv": [8, 0, 16, 8], "texture": "#6"}
			},
			"type": "cube"
		},
		{
			"name": "iron3",
			"from": [3.2, 3.1000000000000014, 6.699999999999998],
			"to": [3.8999999999999995, 4, 6.899999999999998],
			"faces": {
				"north": {"uv": [8, 0, 16, 8], "texture": "#6"},
				"east": {"uv": [8, 0, 16, 8], "texture": "#6"},
				"south": {"uv": [8, 0, 16, 8], "texture": "#6"},
				"west": {"uv": [8, 0, 16, 8], "texture": "#6"},
				"up": {"uv": [8, 0, 16, 8], "texture": "#6"},
				"down": {"uv": [8, 0, 16, 8], "texture": "#6"}
			},
			"type": "cube"
		},
		{
			"name": "iron3",
			"from": [2.9, 2.200000000000001, 6.699999999999998],
			"to": [
				3.599999999999999,
				3.0999999999999996,
				6.899999999999998
			],
			"faces": {
				"north": {"uv": [8, 0, 16, 8], "texture": "#6"},
				"east": {"uv": [8, 0, 16, 8], "texture": "#6"},
				"south": {"uv": [8, 0, 16, 8], "texture": "#6"},
				"west": {"uv": [8, 0, 16, 8], "texture": "#6"},
				"up": {"uv": [8, 0, 16, 8], "texture": "#6"},
				"down": {"uv": [8, 0, 16, 8], "texture": "#6"}
			},
			"type": "cube"
		},
		{
			"name": "iron3",
			"from": [2.9, 2.200000000000001, 7.899999999999999],
			"to": [
				3.599999999999999,
				3.0999999999999996,
				8.099999999999998
			],
			"faces": {
				"north": {"uv": [8, 0, 16, 8], "texture": "#6"},
				"east": {"uv": [8, 0, 16, 8], "texture": "#6"},
				"south": {"uv": [8, 0, 16, 8], "texture": "#6"},
				"west": {"uv": [8, 0, 16, 8], "texture": "#6"},
				"up": {"uv": [8, 0, 16, 8], "texture": "#6"},
				"down": {"uv": [8, 0, 16, 8], "texture": "#6"}
			},
			"type": "cube"
		},
		{
			"name": "iron3",
			"from": [2.9, 1.4000000000000012, 7.899999999999999],
			"to": [3.599999999999999, 2.3, 8.099999999999998],
			"faces": {
				"north": {"uv": [8, 0, 16, 8], "texture": "#6"},
				"east": {"uv": [8, 0, 16, 8], "texture": "#6"},
				"south": {"uv": [8, 0, 16, 8], "texture": "#6"},
				"west": {"uv": [8, 0, 16, 8], "texture": "#6"},
				"up": {"uv": [8, 0, 16, 8], "texture": "#6"},
				"down": {"uv": [8, 0, 16, 8], "texture": "#6"}
			},
			"type": "cube"
		},
		{
			"name": "iron3",
			"from": [2.9, 1.4000000000000012, 6.699999999999998],
			"to": [3.599999999999999, 2.3, 6.899999999999998],
			"faces": {
				"north": {"uv": [8, 0, 16, 8], "texture": "#6"},
				"east": {"uv": [8, 0, 16, 8], "texture": "#6"},
				"south": {"uv": [8, 0, 16, 8], "texture": "#6"},
				"west": {"uv": [8, 0, 16, 8], "texture": "#6"},
				"up": {"uv": [8, 0, 16, 8], "texture": "#6"},
				"down": {"uv": [8, 0, 16, 8], "texture": "#6"}
			},
			"type": "cube"
		},
		{
			"name": "iron4",
			"from": [4.6, 3.500000000000001, 7.899999999999999],
			"to": [5.499999999999998, 4.2, 8.099999999999998],
			"faces": {
				"north": {"uv": [8, 0, 16, 8], "texture": "#7"},
				"east": {"uv": [8, 0, 16, 8], "texture": "#7"},
				"south": {"uv": [8, 0, 16, 8], "texture": "#7"},
				"west": {"uv": [8, 0, 16, 8], "texture": "#7"},
				"up": {"uv": [8, 0, 16, 8], "texture": "#7"},
				"down": {"uv": [8, 0, 16, 8], "texture": "#7"}
			},
			"type": "cube"
		},
		{
			"name": "iron4",
			"from": [4.6, 3.500000000000001, 6.699999999999998],
			"to": [5.499999999999998, 4.2, 6.899999999999998],
			"faces": {
				"north": {"uv": [8, 0, 16, 8], "texture": "#7"},
				"east": {"uv": [8, 0, 16, 8], "texture": "#7"},
				"south": {"uv": [8, 0, 16, 8], "texture": "#7"},
				"west": {"uv": [8, 0, 16, 8], "texture": "#7"},
				"up": {"uv": [8, 0, 16, 8], "texture": "#7"},
				"down": {"uv": [8, 0, 16, 8], "texture": "#7"}
			},
			"type": "cube"
		},
		{
			"name": "iron4",
			"from": [
				3.6999999999999993,
				3.500000000000001,
				6.699999999999998
			],
			"to": [4.599999999999998, 4.2, 6.899999999999998],
			"faces": {
				"north": {"uv": [8, 0, 16, 8], "texture": "#7"},
				"east": {"uv": [8, 0, 16, 8], "texture": "#7"},
				"south": {"uv": [8, 0, 16, 8], "texture": "#7"},
				"west": {"uv": [8, 0, 16, 8], "texture": "#7"},
				"up": {"uv": [8, 0, 16, 8], "texture": "#7"},
				"down": {"uv": [8, 0, 16, 8], "texture": "#7"}
			},
			"type": "cube"
		},
		{
			"name": "iron4",
			"from": [
				3.6999999999999993,
				3.500000000000001,
				7.899999999999999
			],
			"to": [4.599999999999998, 4.2, 8.099999999999998],
			"faces": {
				"north": {"uv": [8, 0, 16, 8], "texture": "#7"},
				"east": {"uv": [8, 0, 16, 8], "texture": "#7"},
				"south": {"uv": [8, 0, 16, 8], "texture": "#7"},
				"west": {"uv": [8, 0, 16, 8], "texture": "#7"},
				"up": {"uv": [8, 0, 16, 8], "texture": "#7"},
				"down": {"uv": [8, 0, 16, 8], "texture": "#7"}
			},
			"type": "cube"
		},
		{
			"name": "iron4",
			"from": [
				3.3000000000000003,
				3.200000000000001,
				7.899999999999999
			],
			"to": [3.9999999999999996, 4.1, 8.099999999999998],
			"faces": {
				"north": {"uv": [8, 0, 16, 8], "texture": "#7"},
				"east": {"uv": [8, 0, 16, 8], "texture": "#7"},
				"south": {"uv": [8, 0, 16, 8], "texture": "#7"},
				"west": {"uv": [8, 0, 16, 8], "texture": "#7"},
				"up": {"uv": [8, 0, 16, 8], "texture": "#7"},
				"down": {"uv": [8, 0, 16, 8], "texture": "#7"}
			},
			"type": "cube"
		},
		{
			"name": "iron4",
			"from": [
				3.3000000000000003,
				3.200000000000001,
				6.699999999999998
			],
			"to": [3.9999999999999996, 4.1, 6.899999999999998],
			"faces": {
				"north": {"uv": [8, 0, 16, 8], "texture": "#7"},
				"east": {"uv": [8, 0, 16, 8], "texture": "#7"},
				"south": {"uv": [8, 0, 16, 8], "texture": "#7"},
				"west": {"uv": [8, 0, 16, 8], "texture": "#7"},
				"up": {"uv": [8, 0, 16, 8], "texture": "#7"},
				"down": {"uv": [8, 0, 16, 8], "texture": "#7"}
			},
			"type": "cube"
		},
		{
			"name": "iron4",
			"from": [2.9, 2.300000000000001, 6.699999999999998],
			"to": [
				3.599999999999999,
				3.1999999999999997,
				6.899999999999998
			],
			"faces": {
				"north": {"uv": [8, 0, 16, 8], "texture": "#7"},
				"east": {"uv": [8, 0, 16, 8], "texture": "#7"},
				"south": {"uv": [8, 0, 16, 8], "texture": "#7"},
				"west": {"uv": [8, 0, 16, 8], "texture": "#7"},
				"up": {"uv": [8, 0, 16, 8], "texture": "#7"},
				"down": {"uv": [8, 0, 16, 8], "texture": "#7"}
			},
			"type": "cube"
		},
		{
			"name": "iron4",
			"from": [2.9, 2.300000000000001, 7.899999999999999],
			"to": [
				3.599999999999999,
				3.1999999999999997,
				8.099999999999998
			],
			"faces": {
				"north": {"uv": [8, 0, 16, 8], "texture": "#7"},
				"east": {"uv": [8, 0, 16, 8], "texture": "#7"},
				"south": {"uv": [8, 0, 16, 8], "texture": "#7"},
				"west": {"uv": [8, 0, 16, 8], "texture": "#7"},
				"up": {"uv": [8, 0, 16, 8], "texture": "#7"},
				"down": {"uv": [8, 0, 16, 8], "texture": "#7"}
			},
			"type": "cube"
		},
		{
			"name": "iron4",
			"from": [2.9, 1.5000000000000013, 7.899999999999999],
			"to": [3.599999999999999, 2.4, 8.099999999999998],
			"faces": {
				"north": {"uv": [8, 0, 16, 8], "texture": "#7"},
				"east": {"uv": [8, 0, 16, 8], "texture": "#7"},
				"south": {"uv": [8, 0, 16, 8], "texture": "#7"},
				"west": {"uv": [8, 0, 16, 8], "texture": "#7"},
				"up": {"uv": [8, 0, 16, 8], "texture": "#7"},
				"down": {"uv": [8, 0, 16, 8], "texture": "#7"}
			},
			"type": "cube"
		},
		{
			"name": "iron4",
			"from": [2.9, 1.5000000000000013, 6.699999999999998],
			"to": [3.599999999999999, 2.4, 6.899999999999998],
			"faces": {
				"north": {"uv": [8, 0, 16, 8], "texture": "#7"},
				"east": {"uv": [8, 0, 16, 8], "texture": "#7"},
				"south": {"uv": [8, 0, 16, 8], "texture": "#7"},
				"west": {"uv": [8, 0, 16, 8], "texture": "#7"},
				"up": {"uv": [8, 0, 16, 8], "texture": "#7"},
				"down": {"uv": [8, 0, 16, 8], "texture": "#7"}
			},
			"type": "cube"
		}
	],
	"groups": [
		0,
		1,
		2,
		3,
		4,
		5,
		6,
		7,
		8,
		9,
		10,
		11,
		12,
		13,
		14,
		15,
		16,
		17,
		18,
		19,
		20,
		21,
		22,
		23,
		24,
		25,
		{
			"name": "anvil1",
			"isOpen": false,
			"display": {"visibility": true, "autouv": 0},
			"children": [
				26,
				27,
				28,
				29,
				30,
				31,
				32,
				33,
				34,
				35,
				36,
				37,
				38
			]
		},
		{
			"name": "anvil2",
			"isOpen": false,
			"display": {"visibility": true, "autouv": 0},
			"children": [
				39,
				40,
				41,
				42,
				43,
				44,
				45,
				46,
				47,
				48,
				49,
				50,
				51
			]
		},
		{
			"name": "anvil3",
			"isOpen": false,
			"display": {"visibility": true, "autouv": 0},
			"children": [
				52,
				53,
				54,
				55,
				56,
				57,
				58,
				59,
				60,
				61,
				62,
				63,
				64
			]
		},
		{
			"name": "anvil4",
			"isOpen": false,
			"display": {"visibility": true, "autouv": 0},
			"children": [
				65,
				66,
				67,
				68,
				69,
				70,
				71,
				72,
				73,
				74,
				75,
				76,
				77
			]
		},
		{
			"name": "gold1",
			"isOpen": false,
			"display": {"visibility": true, "autouv": 0},
			"children": [78, 79, 80, 81, 82]
		},
		{
			"name": "gold2",
			"isOpen": false,
			"display": {"visibility": true, "autouv": 0},
			"children": [83, 84, 85, 86, 87]
		},
		{
			"name": "gold3",
			"isOpen": false,
			"display": {"visibility": true, "autouv": 0},
			"children": [88, 89, 90, 91, 92]
		},
		{
			"name": "gold4",
			"isOpen": false,
			"display": {"visibility": true, "autouv": 0},
			"children": [93, 94, 95, 96, 97]
		},
		{
			"name": "iron1",
			"isOpen": false,
			"display": {"visibility": true, "autouv": 0},
			"children": [
				98,
				99,
				100,
				101,
				102,
				103,
				104,
				105,
				106,
				107
			]
		},
		{
			"name": "iron2",
			"isOpen": false,
			"display": {"visibility": true, "autouv": 0},
			"children": [
				108,
				109,
				110,
				111,
				112,
				113,
				114,
				115,
				116,
				117
			]
		},
		{
			"name": "iron3",
			"isOpen": false,
			"display": {"visibility": true, "autouv": 0},
			"children": [
				118,
				119,
				120,
				121,
				122,
				123,
				124,
				125,
				126,
				127
			]
		},
		{
			"name": "iron4",
			"isOpen": false,
			"display": {"visibility": true, "autouv": 0},
			"children": [
				128,
				129,
				130,
				131,
				132,
				133,
				134,
				135,
				136,
				137
			]
		}
	],
	"display": {
		"thirdperson_righthand": {
			"rotation": [78, 0, 0],
			"translation": [0, 5, 1.5],
			"scale": [1, 1, 1]
		},
		"firstperson_righthand": {
			"scale": [1, 1, 0.75],
			"translation": [0, 3, -6.5],
			"rotation": [3, 4, 0]
		},
		"thirdperson_lefthand": {
			"scale": [1, 1, 1.075],
			"rotation": [92, -76, 3],
			"translation": [-3, 1.5, 3]
		},
		"firstperson_lefthand": {
			"scale": [1, 1, 1],
			"rotation": [12, -70, 3],
			"translation": [-7.5, 1, -0.5]
		},
		"head": {
			"scale": [1, 1, 1],
			"translation": [0, 13.5, 0]
		},
		"ground": {
			"scale": [0.8, 0.8, 0.8],
			"translation": [0, 10, 0]
		},
		"fixed": {
			"scale": [1, 1, 1],
			"translation": [0, 4.5, -3],
			"rotation": [0, -90, 0]
		},
		"gui": {
			"scale": [0.7, 0.7, 0.7],
			"rotation": [34, -145, 1],
			"translation": [-2.5, 4.5, 1]
		}
	}
}