{
	"credit": "Made with Blockbench",
	"textures": {
		"1": "block/spruce_planks",
		"2": "block/smooth_stone",
		"particle": "block/spruce_planks"
	},
	"elements": [
		{
			"name": "Cube",
			"from": [-2.45, -1.4, -12],
			"to": [0.95, -0.6, 28],
			"rotation": {"angle": 0, "axis": "y", "origin": [-2.92596, 3.30016, -8.7]},
			"faces": {
				"north": {"uv": [16, 0, 0, 16], "rotation": 90, "texture": "#1"},
				"east": {"uv": [0, 16, 16, 0], "texture": "#1"},
				"south": {"uv": [16, 0, 0, 16], "rotation": 90, "texture": "#1"},
				"west": {"uv": [0, 16, 16, 0], "texture": "#1"},
				"up": {"uv": [16, 0, 0, 16], "rotation": 90, "texture": "#1"},
				"down": {"uv": [16, 0, 0, 16], "rotation": 90, "texture": "#1"}
			}
		},
		{
			"name": "Cube",
			"from": [-2.45, 6.7, -12],
			"to": [0.95, 7.5, 28],
			"rotation": {"angle": 0, "axis": "y", "origin": [-2.92596, 11.40016, -8.7]},
			"faces": {
				"north": {"uv": [16, 0, 0, 16], "rotation": 90, "texture": "#1"},
				"east": {"uv": [0, 16, 16, 0], "texture": "#1"},
				"south": {"uv": [16, 0, 0, 16], "rotation": 90, "texture": "#1"},
				"west": {"uv": [0, 16, 16, 0], "texture": "#1"},
				"up": {"uv": [16, 0, 0, 16], "rotation": 90, "texture": "#1"},
				"down": {"uv": [16, 0, 0, 16], "rotation": 90, "texture": "#1"}
			}
		},
		{
			"name": "Cube",
			"from": [-2.55, 0.4, -12],
			"to": [0.85, 1.2, 28],
			"rotation": {"angle": 0, "axis": "y", "origin": [-3.02596, 5.10016, -8.7]},
			"faces": {
				"north": {"uv": [16, 0, 0, 16], "rotation": 90, "texture": "#1"},
				"east": {"uv": [0, 16, 16, 0], "texture": "#1"},
				"south": {"uv": [16, 0, 0, 16], "rotation": 90, "texture": "#1"},
				"west": {"uv": [0, 16, 16, 0], "texture": "#1"},
				"up": {"uv": [16, 0, 0, 16], "rotation": 90, "texture": "#1"},
				"down": {"uv": [16, 0, 0, 16], "rotation": 90, "texture": "#1"}
			}
		},
		{
			"name": "Cube",
			"from": [15.45, 4.9, -12],
			"to": [18.85, 5.7, 28],
			"rotation": {"angle": 0, "axis": "z", "origin": [8.15, 4.85, 20.78333]},
			"faces": {
				"north": {"uv": [16, 0, 0, 16], "rotation": 270, "texture": "#1"},
				"east": {"uv": [0, 16, 16, 0], "texture": "#1"},
				"south": {"uv": [16, 0, 0, 16], "rotation": 270, "texture": "#1"},
				"west": {"uv": [0, 16, 16, 0], "texture": "#1"},
				"up": {"uv": [16, 0, 0, 16], "rotation": 270, "texture": "#1"},
				"down": {"uv": [16, 0, 0, 16], "rotation": 270, "texture": "#1"}
			}
		},
		{
			"name": "Cube",
			"from": [15.45, 1.3, -12],
			"to": [18.85, 2.1, 28],
			"rotation": {"angle": 0, "axis": "z", "origin": [8.2, 2.15, 20.78333]},
			"faces": {
				"north": {"uv": [16, 0, 0, 16], "rotation": 270, "texture": "#1"},
				"east": {"uv": [0, 16, 16, 0], "texture": "#1"},
				"south": {"uv": [16, 0, 0, 16], "rotation": 270, "texture": "#1"},
				"west": {"uv": [0, 16, 16, 0], "texture": "#1"},
				"up": {"uv": [16, 0, 0, 16], "rotation": 270, "texture": "#1"},
				"down": {"uv": [16, 0, 0, 16], "rotation": 270, "texture": "#1"}
			}
		},
		{
			"name": "Cube",
			"from": [-2.55, 4, -12],
			"to": [0.85, 4.8, 28],
			"rotation": {"angle": 0, "axis": "z", "origin": [8.15, 4.85, 20.78333]},
			"faces": {
				"north": {"uv": [16, 0, 0, 16], "rotation": 90, "texture": "#1"},
				"east": {"uv": [0, 16, 16, 0], "texture": "#1"},
				"south": {"uv": [16, 0, 0, 16], "rotation": 90, "texture": "#1"},
				"west": {"uv": [0, 16, 16, 0], "texture": "#1"},
				"up": {"uv": [16, 0, 0, 16], "rotation": 90, "texture": "#1"},
				"down": {"uv": [16, 0, 0, 16], "rotation": 90, "texture": "#1"}
			}
		},
		{
			"name": "Cube",
			"from": [-2.55, -0.5, -12],
			"to": [0.85, 0.3, 28.6],
			"rotation": {"angle": 0, "axis": "y", "origin": [-3.02596, 4.20016, -8.7]},
			"faces": {
				"north": {"uv": [16, 0, 0, 16], "rotation": 90, "texture": "#1"},
				"east": {"uv": [0, 16, 16, 0], "texture": "#1"},
				"south": {"uv": [16, 0, 0, 16], "rotation": 90, "texture": "#1"},
				"west": {"uv": [0, 16, 16, 0], "texture": "#1"},
				"up": {"uv": [16, 0, 0, 16], "rotation": 90, "texture": "#1"},
				"down": {"uv": [16, 0, 0, 16], "rotation": 90, "texture": "#1"}
			}
		},
		{
			"name": "Cube",
			"from": [15.45, 5.8, -12],
			"to": [18.85, 6.6, 28.6],
			"rotation": {"angle": 0, "axis": "z", "origin": [8.15, 4.85, 20.78333]},
			"faces": {
				"north": {"uv": [16, 0, 0, 16], "rotation": 270, "texture": "#1"},
				"east": {"uv": [0, 16, 16, 0], "texture": "#1"},
				"south": {"uv": [16, 0, 0, 16], "rotation": 270, "texture": "#1"},
				"west": {"uv": [0, 16, 16, 0], "texture": "#1"},
				"up": {"uv": [16, 0, 0, 16], "rotation": 270, "texture": "#1"},
				"down": {"uv": [16, 0, 0, 16], "rotation": 270, "texture": "#1"}
			}
		},
		{
			"name": "Cube",
			"from": [15.45, 2.2, -12],
			"to": [18.85, 3, 28.6],
			"rotation": {"angle": 0, "axis": "z", "origin": [8.2, 2.15, 20.78333]},
			"faces": {
				"north": {"uv": [16, 0, 0, 16], "rotation": 270, "texture": "#1"},
				"east": {"uv": [0, 16, 16, 0], "texture": "#1"},
				"south": {"uv": [16, 0, 0, 16], "rotation": 270, "texture": "#1"},
				"west": {"uv": [0, 16, 16, 0], "texture": "#1"},
				"up": {"uv": [16, 0, 0, 16], "rotation": 270, "texture": "#1"},
				"down": {"uv": [16, 0, 0, 16], "rotation": 270, "texture": "#1"}
			}
		},
		{
			"name": "Cube",
			"from": [-2.55, 3.1, -12],
			"to": [0.85, 3.9, 28.6],
			"rotation": {"angle": 0, "axis": "z", "origin": [8.15, 4.85, 20.78333]},
			"faces": {
				"north": {"uv": [16, 0, 0, 16], "rotation": 90, "texture": "#1"},
				"east": {"uv": [0, 16, 16, 0], "texture": "#1"},
				"south": {"uv": [16, 0, 0, 16], "rotation": 90, "texture": "#1"},
				"west": {"uv": [0, 16, 16, 0], "texture": "#1"},
				"up": {"uv": [16, 0, 0, 16], "rotation": 90, "texture": "#1"},
				"down": {"uv": [16, 0, 0, 16], "rotation": 90, "texture": "#1"}
			}
		},
		{
			"name": "Cube",
			"from": [1.25, -1.4, -12],
			"to": [4.65, -0.6, 29.4],
			"rotation": {"angle": 0, "axis": "y", "origin": [0.77404, 3.30016, -8.7]},
			"faces": {
				"north": {"uv": [16, 0, 0, 16], "rotation": 90, "texture": "#1"},
				"east": {"uv": [0, 16, 16, 0], "texture": "#1"},
				"south": {"uv": [16, 0, 0, 16], "rotation": 90, "texture": "#1"},
				"west": {"uv": [0, 16, 16, 0], "texture": "#1"},
				"up": {"uv": [16, 0, 0, 16], "rotation": 90, "texture": "#1"},
				"down": {"uv": [16, 0, 0, 16], "rotation": 90, "texture": "#1"}
			}
		},
		{
			"name": "Cube",
			"from": [1.25, 6.7, -12],
			"to": [4.65, 7.5, 29.4],
			"rotation": {"angle": 0, "axis": "y", "origin": [0.77404, 11.40016, -8.7]},
			"faces": {
				"north": {"uv": [16, 0, 0, 16], "rotation": 90, "texture": "#1"},
				"east": {"uv": [0, 16, 16, 0], "texture": "#1"},
				"south": {"uv": [16, 0, 0, 16], "rotation": 90, "texture": "#1"},
				"west": {"uv": [0, 16, 16, 0], "texture": "#1"},
				"up": {"uv": [16, 0, 0, 16], "rotation": 90, "texture": "#1"},
				"down": {"uv": [16, 0, 0, 16], "rotation": 90, "texture": "#1"}
			}
		},
		{
			"name": "Cube",
			"from": [1.05, 0.4, 26.4],
			"to": [4.45, 1.2, 28],
			"rotation": {"angle": 0, "axis": "y", "origin": [0.57404, 5.10016, -8.7]},
			"faces": {
				"north": {"uv": [16, 0, 0, 16], "rotation": 90, "texture": "#1"},
				"east": {"uv": [0, 16, 16, 0], "texture": "#1"},
				"south": {"uv": [16, 0, 0, 16], "rotation": 90, "texture": "#1"},
				"west": {"uv": [0, 16, 16, 0], "texture": "#1"},
				"up": {"uv": [16, 0, 0, 16], "rotation": 90, "texture": "#1"},
				"down": {"uv": [16, 0, 0, 16], "rotation": 90, "texture": "#1"}
			}
		},
		{
			"name": "Cube",
			"from": [11.85, 4.9, 26.4],
			"to": [15.25, 5.7, 28],
			"rotation": {"angle": 0, "axis": "z", "origin": [8.15, 4.85, 20.78333]},
			"faces": {
				"north": {"uv": [16, 0, 0, 16], "rotation": 270, "texture": "#1"},
				"east": {"uv": [0, 16, 16, 0], "texture": "#1"},
				"south": {"uv": [16, 0, 0, 16], "rotation": 270, "texture": "#1"},
				"west": {"uv": [0, 16, 16, 0], "texture": "#1"},
				"up": {"uv": [16, 0, 0, 16], "rotation": 270, "texture": "#1"},
				"down": {"uv": [16, 0, 0, 16], "rotation": 270, "texture": "#1"}
			}
		},
		{
			"name": "Cube",
			"from": [11.85, 1.3, 26.4],
			"to": [15.25, 2.1, 28],
			"rotation": {"angle": 0, "axis": "z", "origin": [8.2, 2.15, 20.78333]},
			"faces": {
				"north": {"uv": [16, 0, 0, 16], "rotation": 270, "texture": "#1"},
				"east": {"uv": [0, 16, 16, 0], "texture": "#1"},
				"south": {"uv": [16, 0, 0, 16], "rotation": 270, "texture": "#1"},
				"west": {"uv": [0, 16, 16, 0], "texture": "#1"},
				"up": {"uv": [16, 0, 0, 16], "rotation": 270, "texture": "#1"},
				"down": {"uv": [16, 0, 0, 16], "rotation": 270, "texture": "#1"}
			}
		},
		{
			"name": "Cube",
			"from": [1.05, 4, 26.4],
			"to": [4.45, 4.8, 28],
			"rotation": {"angle": 0, "axis": "z", "origin": [8.15, 4.85, 20.78333]},
			"faces": {
				"north": {"uv": [16, 0, 0, 16], "rotation": 90, "texture": "#1"},
				"east": {"uv": [0, 16, 16, 0], "texture": "#1"},
				"south": {"uv": [16, 0, 0, 16], "rotation": 90, "texture": "#1"},
				"west": {"uv": [0, 16, 16, 0], "texture": "#1"},
				"up": {"uv": [16, 0, 0, 16], "rotation": 90, "texture": "#1"},
				"down": {"uv": [16, 0, 0, 16], "rotation": 90, "texture": "#1"}
			}
		},
		{
			"name": "Cube",
			"from": [1.15, -0.5, 26.4],
			"to": [4.55, 0.3, 28.6],
			"rotation": {"angle": 0, "axis": "y", "origin": [0.67404, 4.20016, -8.7]},
			"faces": {
				"north": {"uv": [16, 0, 0, 16], "rotation": 90, "texture": "#1"},
				"east": {"uv": [0, 16, 16, 0], "texture": "#1"},
				"south": {"uv": [16, 0, 0, 16], "rotation": 90, "texture": "#1"},
				"west": {"uv": [0, 16, 16, 0], "texture": "#1"},
				"up": {"uv": [16, 0, 0, 16], "rotation": 90, "texture": "#1"},
				"down": {"uv": [16, 0, 0, 16], "rotation": 90, "texture": "#1"}
			}
		},
		{
			"name": "Cube",
			"from": [11.75, 5.8, 26.4],
			"to": [15.15, 6.6, 28.6],
			"rotation": {"angle": 0, "axis": "z", "origin": [8.15, 4.85, 20.78333]},
			"faces": {
				"north": {"uv": [16, 0, 0, 16], "rotation": 270, "texture": "#1"},
				"east": {"uv": [0, 16, 16, 0], "texture": "#1"},
				"south": {"uv": [16, 0, 0, 16], "rotation": 270, "texture": "#1"},
				"west": {"uv": [0, 16, 16, 0], "texture": "#1"},
				"up": {"uv": [16, 0, 0, 16], "rotation": 270, "texture": "#1"},
				"down": {"uv": [16, 0, 0, 16], "rotation": 270, "texture": "#1"}
			}
		},
		{
			"name": "Cube",
			"from": [11.75, 2.2, 26.4],
			"to": [15.15, 3, 28.6],
			"rotation": {"angle": 0, "axis": "z", "origin": [8.2, 2.15, 20.78333]},
			"faces": {
				"north": {"uv": [16, 0, 0, 16], "rotation": 270, "texture": "#1"},
				"east": {"uv": [0, 16, 16, 0], "texture": "#1"},
				"south": {"uv": [16, 0, 0, 16], "rotation": 270, "texture": "#1"},
				"west": {"uv": [0, 16, 16, 0], "texture": "#1"},
				"up": {"uv": [16, 0, 0, 16], "rotation": 270, "texture": "#1"},
				"down": {"uv": [16, 0, 0, 16], "rotation": 270, "texture": "#1"}
			}
		},
		{
			"name": "Cube",
			"from": [1.15, 3.1, 26.4],
			"to": [4.55, 3.9, 28.6],
			"rotation": {"angle": 0, "axis": "z", "origin": [8.15, 4.85, 20.78333]},
			"faces": {
				"north": {"uv": [16, 0, 0, 16], "rotation": 90, "texture": "#1"},
				"east": {"uv": [0, 16, 16, 0], "texture": "#1"},
				"south": {"uv": [16, 0, 0, 16], "rotation": 90, "texture": "#1"},
				"west": {"uv": [0, 16, 16, 0], "texture": "#1"},
				"up": {"uv": [16, 0, 0, 16], "rotation": 90, "texture": "#1"},
				"down": {"uv": [16, 0, 0, 16], "rotation": 90, "texture": "#1"}
			}
		},
		{
			"name": "Cube",
			"from": [8.25, -1.4, -12],
			"to": [11.65, -0.6, 28.5],
			"rotation": {"angle": 0, "axis": "y", "origin": [7.77404, 3.30016, -8.7]},
			"faces": {
				"north": {"uv": [16, 0, 0, 16], "rotation": 90, "texture": "#1"},
				"east": {"uv": [0, 16, 16, 0], "texture": "#1"},
				"south": {"uv": [16, 0, 0, 16], "rotation": 90, "texture": "#1"},
				"west": {"uv": [0, 16, 16, 0], "texture": "#1"},
				"up": {"uv": [16, 0, 0, 16], "rotation": 90, "texture": "#1"},
				"down": {"uv": [16, 0, 0, 16], "rotation": 90, "texture": "#1"}
			}
		},
		{
			"name": "Cube",
			"from": [8.25, 6.7, -12],
			"to": [11.65, 7.5, 28.5],
			"rotation": {"angle": 0, "axis": "y", "origin": [7.77404, 11.40016, -8.7]},
			"faces": {
				"north": {"uv": [16, 0, 0, 16], "rotation": 90, "texture": "#1"},
				"east": {"uv": [0, 16, 16, 0], "texture": "#1"},
				"south": {"uv": [16, 0, 0, 16], "rotation": 90, "texture": "#1"},
				"west": {"uv": [0, 16, 16, 0], "texture": "#1"},
				"up": {"uv": [16, 0, 0, 16], "rotation": 90, "texture": "#1"},
				"down": {"uv": [16, 0, 0, 16], "rotation": 90, "texture": "#1"}
			}
		},
		{
			"name": "Cube",
			"from": [8.15, 0.4, 26.4],
			"to": [11.55, 1.2, 27.2],
			"rotation": {"angle": 0, "axis": "y", "origin": [7.67404, 5.10016, -8.7]},
			"faces": {
				"north": {"uv": [16, 0, 0, 16], "rotation": 90, "texture": "#1"},
				"east": {"uv": [0, 16, 16, 0], "texture": "#1"},
				"south": {"uv": [16, 0, 0, 16], "rotation": 90, "texture": "#1"},
				"west": {"uv": [0, 16, 16, 0], "texture": "#1"},
				"up": {"uv": [16, 0, 0, 16], "rotation": 90, "texture": "#1"},
				"down": {"uv": [16, 0, 0, 16], "rotation": 90, "texture": "#1"}
			}
		},
		{
			"name": "Cube",
			"from": [4.75, 4.9, 26.4],
			"to": [8.15, 5.7, 27.2],
			"rotation": {"angle": 0, "axis": "z", "origin": [8.15, 4.85, 20.78333]},
			"faces": {
				"north": {"uv": [16, 0, 0, 16], "rotation": 270, "texture": "#1"},
				"east": {"uv": [0, 16, 16, 0], "texture": "#1"},
				"south": {"uv": [16, 0, 0, 16], "rotation": 270, "texture": "#1"},
				"west": {"uv": [0, 16, 16, 0], "texture": "#1"},
				"up": {"uv": [16, 0, 0, 16], "rotation": 270, "texture": "#1"},
				"down": {"uv": [16, 0, 0, 16], "rotation": 270, "texture": "#1"}
			}
		},
		{
			"name": "Cube",
			"from": [4.75, 1.3, 26.4],
			"to": [8.15, 2.1, 27.2],
			"rotation": {"angle": 0, "axis": "z", "origin": [8.2, 2.15, 20.78333]},
			"faces": {
				"north": {"uv": [16, 0, 0, 16], "rotation": 270, "texture": "#1"},
				"east": {"uv": [0, 16, 16, 0], "texture": "#1"},
				"south": {"uv": [16, 0, 0, 16], "rotation": 270, "texture": "#1"},
				"west": {"uv": [0, 16, 16, 0], "texture": "#1"},
				"up": {"uv": [16, 0, 0, 16], "rotation": 270, "texture": "#1"},
				"down": {"uv": [16, 0, 0, 16], "rotation": 270, "texture": "#1"}
			}
		},
		{
			"name": "Cube",
			"from": [8.15, 4, 26.4],
			"to": [11.55, 4.8, 27.2],
			"rotation": {"angle": 0, "axis": "z", "origin": [8.15, 4.85, 20.78333]},
			"faces": {
				"north": {"uv": [16, 0, 0, 16], "rotation": 90, "texture": "#1"},
				"east": {"uv": [0, 16, 16, 0], "texture": "#1"},
				"south": {"uv": [16, 0, 0, 16], "rotation": 90, "texture": "#1"},
				"west": {"uv": [0, 16, 16, 0], "texture": "#1"},
				"up": {"uv": [16, 0, 0, 16], "rotation": 90, "texture": "#1"},
				"down": {"uv": [16, 0, 0, 16], "rotation": 90, "texture": "#1"}
			}
		},
		{
			"name": "Cube",
			"from": [8.35, -0.5, 26.4],
			"to": [11.75, 0.3, 27.6],
			"rotation": {"angle": 0, "axis": "y", "origin": [7.87404, 4.20016, -8.7]},
			"faces": {
				"north": {"uv": [16, 0, 0, 16], "rotation": 90, "texture": "#1"},
				"east": {"uv": [0, 16, 16, 0], "texture": "#1"},
				"south": {"uv": [16, 0, 0, 16], "rotation": 90, "texture": "#1"},
				"west": {"uv": [0, 16, 16, 0], "texture": "#1"},
				"up": {"uv": [16, 0, 0, 16], "rotation": 90, "texture": "#1"},
				"down": {"uv": [16, 0, 0, 16], "rotation": 90, "texture": "#1"}
			}
		},
		{
			"name": "Cube",
			"from": [4.55, 5.8, 26.4],
			"to": [7.95, 6.6, 27.6],
			"rotation": {"angle": 0, "axis": "z", "origin": [8.15, 4.85, 20.78333]},
			"faces": {
				"north": {"uv": [16, 0, 0, 16], "rotation": 270, "texture": "#1"},
				"east": {"uv": [0, 16, 16, 0], "texture": "#1"},
				"south": {"uv": [16, 0, 0, 16], "rotation": 270, "texture": "#1"},
				"west": {"uv": [0, 16, 16, 0], "texture": "#1"},
				"up": {"uv": [16, 0, 0, 16], "rotation": 270, "texture": "#1"},
				"down": {"uv": [16, 0, 0, 16], "rotation": 270, "texture": "#1"}
			}
		},
		{
			"name": "Cube",
			"from": [4.55, 2.2, 26.4],
			"to": [7.95, 3, 27.6],
			"rotation": {"angle": 0, "axis": "z", "origin": [8.2, 2.15, 20.78333]},
			"faces": {
				"north": {"uv": [16, 0, 0, 16], "rotation": 270, "texture": "#1"},
				"east": {"uv": [0, 16, 16, 0], "texture": "#1"},
				"south": {"uv": [16, 0, 0, 16], "rotation": 270, "texture": "#1"},
				"west": {"uv": [0, 16, 16, 0], "texture": "#1"},
				"up": {"uv": [16, 0, 0, 16], "rotation": 270, "texture": "#1"},
				"down": {"uv": [16, 0, 0, 16], "rotation": 270, "texture": "#1"}
			}
		},
		{
			"name": "Cube",
			"from": [8.35, 3.1, 26.4],
			"to": [11.75, 3.9, 27.6],
			"rotation": {"angle": 0, "axis": "z", "origin": [8.15, 4.85, 20.78333]},
			"faces": {
				"north": {"uv": [16, 0, 0, 16], "rotation": 90, "texture": "#1"},
				"east": {"uv": [0, 16, 16, 0], "texture": "#1"},
				"south": {"uv": [16, 0, 0, 16], "rotation": 90, "texture": "#1"},
				"west": {"uv": [0, 16, 16, 0], "texture": "#1"},
				"up": {"uv": [16, 0, 0, 16], "rotation": 90, "texture": "#1"},
				"down": {"uv": [16, 0, 0, 16], "rotation": 90, "texture": "#1"}
			}
		},
		{
			"name": "Cube",
			"from": [11.75, -1.4, -12],
			"to": [15.15, -0.6, 28.9],
			"rotation": {"angle": 0, "axis": "y", "origin": [11.27404, 3.30016, -8.7]},
			"faces": {
				"north": {"uv": [16, 0, 0, 16], "rotation": 90, "texture": "#1"},
				"east": {"uv": [0, 16, 16, 0], "texture": "#1"},
				"south": {"uv": [16, 0, 0, 16], "rotation": 90, "texture": "#1"},
				"west": {"uv": [0, 16, 16, 0], "texture": "#1"},
				"up": {"uv": [16, 0, 0, 16], "rotation": 90, "texture": "#1"},
				"down": {"uv": [16, 0, 0, 16], "rotation": 90, "texture": "#1"}
			}
		},
		{
			"name": "Cube",
			"from": [11.75, 6.7, -12],
			"to": [15.15, 7.5, 28.9],
			"rotation": {"angle": 0, "axis": "y", "origin": [11.27404, 11.40016, -8.7]},
			"faces": {
				"north": {"uv": [16, 0, 0, 16], "rotation": 90, "texture": "#1"},
				"east": {"uv": [0, 16, 16, 0], "texture": "#1"},
				"south": {"uv": [16, 0, 0, 16], "rotation": 90, "texture": "#1"},
				"west": {"uv": [0, 16, 16, 0], "texture": "#1"},
				"up": {"uv": [16, 0, 0, 16], "rotation": 90, "texture": "#1"},
				"down": {"uv": [16, 0, 0, 16], "rotation": 90, "texture": "#1"}
			}
		},
		{
			"name": "Cube",
			"from": [11.65, 0.4, 26.4],
			"to": [15.05, 1.2, 28.3],
			"rotation": {"angle": 0, "axis": "y", "origin": [11.17404, 5.10016, -8.7]},
			"faces": {
				"north": {"uv": [16, 0, 0, 16], "rotation": 90, "texture": "#1"},
				"east": {"uv": [0, 16, 16, 0], "texture": "#1"},
				"south": {"uv": [16, 0, 0, 16], "rotation": 90, "texture": "#1"},
				"west": {"uv": [0, 16, 16, 0], "texture": "#1"},
				"up": {"uv": [16, 0, 0, 16], "rotation": 90, "texture": "#1"},
				"down": {"uv": [16, 0, 0, 16], "rotation": 90, "texture": "#1"}
			}
		},
		{
			"name": "Cube",
			"from": [1.25, 4.9, 26.4],
			"to": [4.65, 5.7, 28.3],
			"rotation": {"angle": 0, "axis": "z", "origin": [8.15, 4.85, 20.78333]},
			"faces": {
				"north": {"uv": [16, 0, 0, 16], "rotation": 270, "texture": "#1"},
				"east": {"uv": [0, 16, 16, 0], "texture": "#1"},
				"south": {"uv": [16, 0, 0, 16], "rotation": 270, "texture": "#1"},
				"west": {"uv": [0, 16, 16, 0], "texture": "#1"},
				"up": {"uv": [16, 0, 0, 16], "rotation": 270, "texture": "#1"},
				"down": {"uv": [16, 0, 0, 16], "rotation": 270, "texture": "#1"}
			}
		},
		{
			"name": "Cube",
			"from": [1.25, 1.3, 26.4],
			"to": [4.65, 2.1, 28.3],
			"rotation": {"angle": 0, "axis": "z", "origin": [8.2, 2.15, 20.78333]},
			"faces": {
				"north": {"uv": [16, 0, 0, 16], "rotation": 270, "texture": "#1"},
				"east": {"uv": [0, 16, 16, 0], "texture": "#1"},
				"south": {"uv": [16, 0, 0, 16], "rotation": 270, "texture": "#1"},
				"west": {"uv": [0, 16, 16, 0], "texture": "#1"},
				"up": {"uv": [16, 0, 0, 16], "rotation": 270, "texture": "#1"},
				"down": {"uv": [16, 0, 0, 16], "rotation": 270, "texture": "#1"}
			}
		},
		{
			"name": "Cube",
			"from": [11.65, 4, 26.4],
			"to": [15.05, 4.8, 28.3],
			"rotation": {"angle": 0, "axis": "z", "origin": [8.15, 4.85, 20.78333]},
			"faces": {
				"north": {"uv": [16, 0, 0, 16], "rotation": 90, "texture": "#1"},
				"east": {"uv": [0, 16, 16, 0], "texture": "#1"},
				"south": {"uv": [16, 0, 0, 16], "rotation": 90, "texture": "#1"},
				"west": {"uv": [0, 16, 16, 0], "texture": "#1"},
				"up": {"uv": [16, 0, 0, 16], "rotation": 90, "texture": "#1"},
				"down": {"uv": [16, 0, 0, 16], "rotation": 90, "texture": "#1"}
			}
		},
		{
			"name": "Cube",
			"from": [11.85, -0.5, 26.4],
			"to": [15.25, 0.3, 28.6],
			"rotation": {"angle": 0, "axis": "y", "origin": [11.37404, 4.20016, -8.7]},
			"faces": {
				"north": {"uv": [16, 0, 0, 16], "rotation": 90, "texture": "#1"},
				"east": {"uv": [0, 16, 16, 0], "texture": "#1"},
				"south": {"uv": [16, 0, 0, 16], "rotation": 90, "texture": "#1"},
				"west": {"uv": [0, 16, 16, 0], "texture": "#1"},
				"up": {"uv": [16, 0, 0, 16], "rotation": 90, "texture": "#1"},
				"down": {"uv": [16, 0, 0, 16], "rotation": 90, "texture": "#1"}
			}
		},
		{
			"name": "Cube",
			"from": [1.05, 5.8, 26.4],
			"to": [4.45, 6.6, 28.6],
			"rotation": {"angle": 0, "axis": "z", "origin": [8.15, 4.85, 20.78333]},
			"faces": {
				"north": {"uv": [16, 0, 0, 16], "rotation": 270, "texture": "#1"},
				"east": {"uv": [0, 16, 16, 0], "texture": "#1"},
				"south": {"uv": [16, 0, 0, 16], "rotation": 270, "texture": "#1"},
				"west": {"uv": [0, 16, 16, 0], "texture": "#1"},
				"up": {"uv": [16, 0, 0, 16], "rotation": 270, "texture": "#1"},
				"down": {"uv": [16, 0, 0, 16], "rotation": 270, "texture": "#1"}
			}
		},
		{
			"name": "Cube",
			"from": [1.05, 2.2, 26.4],
			"to": [4.45, 3, 28.6],
			"rotation": {"angle": 0, "axis": "z", "origin": [8.2, 2.15, 20.78333]},
			"faces": {
				"north": {"uv": [16, 0, 0, 16], "rotation": 270, "texture": "#1"},
				"east": {"uv": [0, 16, 16, 0], "texture": "#1"},
				"south": {"uv": [16, 0, 0, 16], "rotation": 270, "texture": "#1"},
				"west": {"uv": [0, 16, 16, 0], "texture": "#1"},
				"up": {"uv": [16, 0, 0, 16], "rotation": 270, "texture": "#1"},
				"down": {"uv": [16, 0, 0, 16], "rotation": 270, "texture": "#1"}
			}
		},
		{
			"name": "Cube",
			"from": [11.85, 3.1, 26.4],
			"to": [15.25, 3.9, 28.6],
			"rotation": {"angle": 0, "axis": "z", "origin": [8.15, 4.85, 20.78333]},
			"faces": {
				"north": {"uv": [16, 0, 0, 16], "rotation": 90, "texture": "#1"},
				"east": {"uv": [0, 16, 16, 0], "texture": "#1"},
				"south": {"uv": [16, 0, 0, 16], "rotation": 90, "texture": "#1"},
				"west": {"uv": [0, 16, 16, 0], "texture": "#1"},
				"up": {"uv": [16, 0, 0, 16], "rotation": 90, "texture": "#1"},
				"down": {"uv": [16, 0, 0, 16], "rotation": 90, "texture": "#1"}
			}
		},
		{
			"name": "Cube",
			"from": [4.75, -1.4, -12],
			"to": [8.15, -0.6, 26.8],
			"rotation": {"angle": 0, "axis": "y", "origin": [4.27404, 3.30016, -8.7]},
			"faces": {
				"north": {"uv": [16, 0, 0, 16], "rotation": 90, "texture": "#1"},
				"east": {"uv": [0, 16, 16, 0], "texture": "#1"},
				"south": {"uv": [16, 0, 0, 16], "rotation": 90, "texture": "#1"},
				"west": {"uv": [0, 16, 16, 0], "texture": "#1"},
				"up": {"uv": [16, 0, 0, 16], "rotation": 90, "texture": "#1"},
				"down": {"uv": [16, 0, 0, 16], "rotation": 90, "texture": "#1"}
			}
		},
		{
			"name": "Cube",
			"from": [4.75, 6.7, -12],
			"to": [8.15, 7.5, 26.8],
			"rotation": {"angle": 0, "axis": "y", "origin": [4.27404, 11.40016, -8.7]},
			"faces": {
				"north": {"uv": [16, 0, 0, 16], "rotation": 90, "texture": "#1"},
				"east": {"uv": [0, 16, 16, 0], "texture": "#1"},
				"south": {"uv": [16, 0, 0, 16], "rotation": 90, "texture": "#1"},
				"west": {"uv": [0, 16, 16, 0], "texture": "#1"},
				"up": {"uv": [16, 0, 0, 16], "rotation": 90, "texture": "#1"},
				"down": {"uv": [16, 0, 0, 16], "rotation": 90, "texture": "#1"}
			}
		},
		{
			"name": "Cube",
			"from": [4.65, 0.4, 26.4],
			"to": [8.05, 1.2, 27.2],
			"rotation": {"angle": 0, "axis": "y", "origin": [4.17404, 5.10016, -8.7]},
			"faces": {
				"north": {"uv": [16, 0, 0, 16], "rotation": 90, "texture": "#1"},
				"east": {"uv": [0, 16, 16, 0], "texture": "#1"},
				"south": {"uv": [16, 0, 0, 16], "rotation": 90, "texture": "#1"},
				"west": {"uv": [0, 16, 16, 0], "texture": "#1"},
				"up": {"uv": [16, 0, 0, 16], "rotation": 90, "texture": "#1"},
				"down": {"uv": [16, 0, 0, 16], "rotation": 90, "texture": "#1"}
			}
		},
		{
			"name": "Cube",
			"from": [8.25, 4.9, 26.4],
			"to": [11.65, 5.7, 27.2],
			"rotation": {"angle": 0, "axis": "z", "origin": [8.15, 4.85, 20.78333]},
			"faces": {
				"north": {"uv": [16, 0, 0, 16], "rotation": 270, "texture": "#1"},
				"east": {"uv": [0, 16, 16, 0], "texture": "#1"},
				"south": {"uv": [16, 0, 0, 16], "rotation": 270, "texture": "#1"},
				"west": {"uv": [0, 16, 16, 0], "texture": "#1"},
				"up": {"uv": [16, 0, 0, 16], "rotation": 270, "texture": "#1"},
				"down": {"uv": [16, 0, 0, 16], "rotation": 270, "texture": "#1"}
			}
		},
		{
			"name": "Cube",
			"from": [8.25, 1.3, 26.4],
			"to": [11.65, 2.1, 27.2],
			"rotation": {"angle": 0, "axis": "z", "origin": [8.2, 2.15, 20.78333]},
			"faces": {
				"north": {"uv": [16, 0, 0, 16], "rotation": 270, "texture": "#1"},
				"east": {"uv": [0, 16, 16, 0], "texture": "#1"},
				"south": {"uv": [16, 0, 0, 16], "rotation": 270, "texture": "#1"},
				"west": {"uv": [0, 16, 16, 0], "texture": "#1"},
				"up": {"uv": [16, 0, 0, 16], "rotation": 270, "texture": "#1"},
				"down": {"uv": [16, 0, 0, 16], "rotation": 270, "texture": "#1"}
			}
		},
		{
			"name": "Cube",
			"from": [4.65, 4, 26.4],
			"to": [8.05, 4.8, 27.2],
			"rotation": {"angle": 0, "axis": "z", "origin": [8.15, 4.85, 20.78333]},
			"faces": {
				"north": {"uv": [16, 0, 0, 16], "rotation": 90, "texture": "#1"},
				"east": {"uv": [0, 16, 16, 0], "texture": "#1"},
				"south": {"uv": [16, 0, 0, 16], "rotation": 90, "texture": "#1"},
				"west": {"uv": [0, 16, 16, 0], "texture": "#1"},
				"up": {"uv": [16, 0, 0, 16], "rotation": 90, "texture": "#1"},
				"down": {"uv": [16, 0, 0, 16], "rotation": 90, "texture": "#1"}
			}
		},
		{
			"name": "Cube",
			"from": [4.65, -0.5, 26.4],
			"to": [8.05, 0.3, 27.6],
			"rotation": {"angle": 0, "axis": "y", "origin": [4.17404, 4.20016, -8.7]},
			"faces": {
				"north": {"uv": [16, 0, 0, 16], "rotation": 90, "texture": "#1"},
				"east": {"uv": [0, 16, 16, 0], "texture": "#1"},
				"south": {"uv": [16, 0, 0, 16], "rotation": 90, "texture": "#1"},
				"west": {"uv": [0, 16, 16, 0], "texture": "#1"},
				"up": {"uv": [16, 0, 0, 16], "rotation": 90, "texture": "#1"},
				"down": {"uv": [16, 0, 0, 16], "rotation": 90, "texture": "#1"}
			}
		},
		{
			"name": "Cube",
			"from": [8.25, 5.8, 26.4],
			"to": [11.65, 6.6, 27.6],
			"rotation": {"angle": 0, "axis": "z", "origin": [8.15, 4.85, 20.78333]},
			"faces": {
				"north": {"uv": [16, 0, 0, 16], "rotation": 270, "texture": "#1"},
				"east": {"uv": [0, 16, 16, 0], "texture": "#1"},
				"south": {"uv": [16, 0, 0, 16], "rotation": 270, "texture": "#1"},
				"west": {"uv": [0, 16, 16, 0], "texture": "#1"},
				"up": {"uv": [16, 0, 0, 16], "rotation": 270, "texture": "#1"},
				"down": {"uv": [16, 0, 0, 16], "rotation": 270, "texture": "#1"}
			}
		},
		{
			"name": "Cube",
			"from": [8.25, 2.2, 26.4],
			"to": [11.65, 3, 27.6],
			"rotation": {"angle": 0, "axis": "z", "origin": [8.2, 2.15, 20.78333]},
			"faces": {
				"north": {"uv": [16, 0, 0, 16], "rotation": 270, "texture": "#1"},
				"east": {"uv": [0, 16, 16, 0], "texture": "#1"},
				"south": {"uv": [16, 0, 0, 16], "rotation": 270, "texture": "#1"},
				"west": {"uv": [0, 16, 16, 0], "texture": "#1"},
				"up": {"uv": [16, 0, 0, 16], "rotation": 270, "texture": "#1"},
				"down": {"uv": [16, 0, 0, 16], "rotation": 270, "texture": "#1"}
			}
		},
		{
			"name": "Cube",
			"from": [4.65, 3.1, 26.4],
			"to": [8.05, 3.9, 27.6],
			"rotation": {"angle": 0, "axis": "z", "origin": [8.15, 4.85, 20.78333]},
			"faces": {
				"north": {"uv": [16, 0, 0, 16], "rotation": 90, "texture": "#1"},
				"east": {"uv": [0, 16, 16, 0], "texture": "#1"},
				"south": {"uv": [16, 0, 0, 16], "rotation": 90, "texture": "#1"},
				"west": {"uv": [0, 16, 16, 0], "texture": "#1"},
				"up": {"uv": [16, 0, 0, 16], "rotation": 90, "texture": "#1"},
				"down": {"uv": [16, 0, 0, 16], "rotation": 90, "texture": "#1"}
			}
		},
		{
			"name": "Cube",
			"from": [15.25, -1.4, -12],
			"to": [18.45, -0.6, 27.6],
			"rotation": {"angle": 0, "axis": "y", "origin": [14.47404, 3.30016, -8.7]},
			"faces": {
				"north": {"uv": [16, 0, 0, 16], "rotation": 90, "texture": "#1"},
				"east": {"uv": [0, 16, 16, 0], "texture": "#1"},
				"south": {"uv": [16, 0, 0, 16], "rotation": 90, "texture": "#1"},
				"west": {"uv": [0, 16, 16, 0], "texture": "#1"},
				"up": {"uv": [16, 0, 0, 16], "rotation": 90, "texture": "#1"},
				"down": {"uv": [16, 0, 0, 16], "rotation": 90, "texture": "#1"}
			}
		},
		{
			"name": "Cube",
			"from": [15.25, 6.7, -12],
			"to": [18.45, 7.5, 27.6],
			"rotation": {"angle": 0, "axis": "y", "origin": [14.47404, 11.40016, -8.7]},
			"faces": {
				"north": {"uv": [16, 0, 0, 16], "rotation": 90, "texture": "#1"},
				"east": {"uv": [0, 16, 16, 0], "texture": "#1"},
				"south": {"uv": [16, 0, 0, 16], "rotation": 90, "texture": "#1"},
				"west": {"uv": [0, 16, 16, 0], "texture": "#1"},
				"up": {"uv": [16, 0, 0, 16], "rotation": 90, "texture": "#1"},
				"down": {"uv": [16, 0, 0, 16], "rotation": 90, "texture": "#1"}
			}
		},
		{
			"name": "Cube",
			"from": [18.25, -1.5, 21.6],
			"to": [18.95, 7.5, 23.6],
			"rotation": {"angle": 0, "axis": "y", "origin": [17.47404, 11.40016, 1.3]},
			"faces": {
				"north": {"uv": [0, 16, 16, 0], "rotation": 90, "texture": "#2"},
				"east": {"uv": [0, 16, 16, 0], "rotation": 90, "texture": "#2"},
				"south": {"uv": [0, 16, 16, 0], "rotation": 90, "texture": "#2"},
				"west": {"uv": [0, 16, 16, 0], "rotation": 90, "texture": "#2"},
				"up": {"uv": [16, 0, 0, 16], "rotation": 90, "texture": "#2"},
				"down": {"uv": [16, 0, 0, 16], "rotation": 90, "texture": "#2"}
			}
		},
		{
			"name": "Cube",
			"from": [18.25, -1.5, 1.6],
			"to": [18.95, 7.5, 3.6],
			"rotation": {"angle": 0, "axis": "y", "origin": [17.47404, 11.40016, -18.7]},
			"faces": {
				"north": {"uv": [0, 16, 16, 0], "rotation": 90, "texture": "#2"},
				"east": {"uv": [0, 16, 16, 0], "rotation": 90, "texture": "#2"},
				"south": {"uv": [0, 16, 16, 0], "rotation": 90, "texture": "#2"},
				"west": {"uv": [0, 16, 16, 0], "rotation": 90, "texture": "#2"},
				"up": {"uv": [16, 0, 0, 16], "rotation": 90, "texture": "#2"},
				"down": {"uv": [16, 0, 0, 16], "rotation": 90, "texture": "#2"}
			}
		},
		{
			"name": "Cube",
			"from": [-2.95, -1.5, 21.6],
			"to": [-2.25, 7.5, 23.6],
			"rotation": {"angle": 0, "axis": "y", "origin": [-1.47404, 11.40016, 1.3]},
			"faces": {
				"north": {"uv": [0, 0, 16, 16], "rotation": 90, "texture": "#2"},
				"east": {"uv": [0, 0, 16, 16], "rotation": 90, "texture": "#2"},
				"south": {"uv": [0, 0, 16, 16], "rotation": 90, "texture": "#2"},
				"west": {"uv": [0, 0, 16, 16], "rotation": 90, "texture": "#2"},
				"up": {"uv": [16, 16, 0, 0], "rotation": 90, "texture": "#2"},
				"down": {"uv": [16, 16, 0, 0], "rotation": 90, "texture": "#2"}
			}
		},
		{
			"name": "Cube",
			"from": [-2.95, -1.5, 1.6],
			"to": [-2.25, 7.5, 3.6],
			"rotation": {"angle": 0, "axis": "y", "origin": [-1.47404, 11.40016, -18.7]},
			"faces": {
				"north": {"uv": [0, 0, 16, 16], "rotation": 90, "texture": "#2"},
				"east": {"uv": [0, 0, 16, 16], "rotation": 90, "texture": "#2"},
				"south": {"uv": [0, 0, 16, 16], "rotation": 90, "texture": "#2"},
				"west": {"uv": [0, 0, 16, 16], "rotation": 90, "texture": "#2"},
				"up": {"uv": [16, 16, 0, 0], "rotation": 90, "texture": "#2"},
				"down": {"uv": [16, 16, 0, 0], "rotation": 90, "texture": "#2"}
			}
		},
		{
			"name": "Cube",
			"from": [-2.95, 7.5, 21.6],
			"to": [18.95, 7.8, 23.6],
			"rotation": {"angle": 0, "axis": "y", "origin": [-1.47404, 11.70016, 1.3]},
			"faces": {
				"north": {"uv": [0, 0, 16, 16], "rotation": 90, "texture": "#2"},
				"east": {"uv": [0, 0, 16, 16], "rotation": 90, "texture": "#2"},
				"south": {"uv": [0, 0, 16, 16], "rotation": 90, "texture": "#2"},
				"west": {"uv": [0, 0, 16, 16], "rotation": 90, "texture": "#2"},
				"up": {"uv": [16, 16, 0, 0], "rotation": 90, "texture": "#2"},
				"down": {"uv": [16, 16, 0, 0], "rotation": 90, "texture": "#2"}
			}
		},
		{
			"name": "Cube",
			"from": [-2.95, 7.5, 1.6],
			"to": [18.95, 7.8, 3.6],
			"rotation": {"angle": 0, "axis": "y", "origin": [-1.47404, 11.70016, -18.7]},
			"faces": {
				"north": {"uv": [0, 0, 16, 16], "rotation": 90, "texture": "#2"},
				"east": {"uv": [0, 0, 16, 16], "rotation": 90, "texture": "#2"},
				"south": {"uv": [0, 0, 16, 16], "rotation": 90, "texture": "#2"},
				"west": {"uv": [0, 0, 16, 16], "rotation": 90, "texture": "#2"},
				"up": {"uv": [16, 16, 0, 0], "rotation": 90, "texture": "#2"},
				"down": {"uv": [16, 16, 0, 0], "rotation": 90, "texture": "#2"}
			}
		},
		{
			"name": "Cube",
			"from": [15.15, 0.4, -12],
			"to": [18.35, 1.2, 27.6],
			"rotation": {"angle": 0, "axis": "y", "origin": [14.37404, 5.10016, -8.7]},
			"faces": {
				"north": {"uv": [16, 0, 0, 16], "rotation": 90, "texture": "#1"},
				"east": {"uv": [0, 16, 16, 0], "texture": "#1"},
				"south": {"uv": [16, 0, 0, 16], "rotation": 90, "texture": "#1"},
				"west": {"uv": [0, 16, 16, 0], "texture": "#1"},
				"up": {"uv": [16, 0, 0, 16], "rotation": 90, "texture": "#1"},
				"down": {"uv": [16, 0, 0, 16], "rotation": 90, "texture": "#1"}
			}
		},
		{
			"name": "Cube",
			"from": [-2.05, 4.9, -12],
			"to": [1.15, 5.7, 27.6],
			"rotation": {"angle": 0, "axis": "z", "origin": [8.15, 4.85, 20.78333]},
			"faces": {
				"north": {"uv": [16, 0, 0, 16], "rotation": 270, "texture": "#1"},
				"east": {"uv": [0, 16, 16, 0], "texture": "#1"},
				"south": {"uv": [16, 0, 0, 16], "rotation": 270, "texture": "#1"},
				"west": {"uv": [0, 16, 16, 0], "texture": "#1"},
				"up": {"uv": [16, 0, 0, 16], "rotation": 270, "texture": "#1"},
				"down": {"uv": [16, 0, 0, 16], "rotation": 270, "texture": "#1"}
			}
		},
		{
			"name": "Cube",
			"from": [-2.05, 1.3, -12],
			"to": [1.15, 2.1, 27.6],
			"rotation": {"angle": 0, "axis": "z", "origin": [8.2, 2.15, 20.78333]},
			"faces": {
				"north": {"uv": [16, 0, 0, 16], "rotation": 270, "texture": "#1"},
				"east": {"uv": [0, 16, 16, 0], "texture": "#1"},
				"south": {"uv": [16, 0, 0, 16], "rotation": 270, "texture": "#1"},
				"west": {"uv": [0, 16, 16, 0], "texture": "#1"},
				"up": {"uv": [16, 0, 0, 16], "rotation": 270, "texture": "#1"},
				"down": {"uv": [16, 0, 0, 16], "rotation": 270, "texture": "#1"}
			}
		},
		{
			"name": "Cube",
			"from": [15.15, 4, -12],
			"to": [18.35, 4.8, 27.6],
			"rotation": {"angle": 0, "axis": "z", "origin": [8.15, 4.85, 20.78333]},
			"faces": {
				"north": {"uv": [16, 0, 0, 16], "rotation": 90, "texture": "#1"},
				"east": {"uv": [0, 16, 16, 0], "texture": "#1"},
				"south": {"uv": [16, 0, 0, 16], "rotation": 90, "texture": "#1"},
				"west": {"uv": [0, 16, 16, 0], "texture": "#1"},
				"up": {"uv": [16, 0, 0, 16], "rotation": 90, "texture": "#1"},
				"down": {"uv": [16, 0, 0, 16], "rotation": 90, "texture": "#1"}
			}
		},
		{
			"name": "Cube",
			"from": [15.45, -0.5, -12],
			"to": [18.65, 0.3, 28.3],
			"rotation": {"angle": 0, "axis": "y", "origin": [14.67404, 4.20016, -8.7]},
			"faces": {
				"north": {"uv": [16, 0, 0, 16], "rotation": 90, "texture": "#1"},
				"east": {"uv": [0, 16, 16, 0], "texture": "#1"},
				"south": {"uv": [16, 0, 0, 16], "rotation": 90, "texture": "#1"},
				"west": {"uv": [0, 16, 16, 0], "texture": "#1"},
				"up": {"uv": [16, 0, 0, 16], "rotation": 90, "texture": "#1"},
				"down": {"uv": [16, 0, 0, 16], "rotation": 90, "texture": "#1"}
			}
		},
		{
			"name": "Cube",
			"from": [-2.35, 5.8, -12],
			"to": [0.85, 6.6, 28.3],
			"rotation": {"angle": 0, "axis": "z", "origin": [8.15, 4.85, 20.78333]},
			"faces": {
				"north": {"uv": [16, 0, 0, 16], "rotation": 270, "texture": "#1"},
				"east": {"uv": [0, 16, 16, 0], "texture": "#1"},
				"south": {"uv": [16, 0, 0, 16], "rotation": 270, "texture": "#1"},
				"west": {"uv": [0, 16, 16, 0], "texture": "#1"},
				"up": {"uv": [16, 0, 0, 16], "rotation": 270, "texture": "#1"},
				"down": {"uv": [16, 0, 0, 16], "rotation": 270, "texture": "#1"}
			}
		},
		{
			"name": "Cube",
			"from": [-2.35, 2.2, -12],
			"to": [0.85, 3, 28.3],
			"rotation": {"angle": 0, "axis": "z", "origin": [8.2, 2.15, 20.78333]},
			"faces": {
				"north": {"uv": [16, 0, 0, 16], "rotation": 270, "texture": "#1"},
				"east": {"uv": [0, 16, 16, 0], "texture": "#1"},
				"south": {"uv": [16, 0, 0, 16], "rotation": 270, "texture": "#1"},
				"west": {"uv": [0, 16, 16, 0], "texture": "#1"},
				"up": {"uv": [16, 0, 0, 16], "rotation": 270, "texture": "#1"},
				"down": {"uv": [16, 0, 0, 16], "rotation": 270, "texture": "#1"}
			}
		},
		{
			"name": "Cube",
			"from": [15.45, 3.1, -12],
			"to": [18.65, 3.9, 28.3],
			"rotation": {"angle": 0, "axis": "z", "origin": [8.15, 4.85, 20.78333]},
			"faces": {
				"north": {"uv": [16, 0, 0, 16], "rotation": 90, "texture": "#1"},
				"east": {"uv": [0, 16, 16, 0], "texture": "#1"},
				"south": {"uv": [16, 0, 0, 16], "rotation": 90, "texture": "#1"},
				"west": {"uv": [0, 16, 16, 0], "texture": "#1"},
				"up": {"uv": [16, 0, 0, 16], "rotation": 90, "texture": "#1"},
				"down": {"uv": [16, 0, 0, 16], "rotation": 90, "texture": "#1"}
			}
		}
	],
	"display": {
		"head": {
			"translation": [0, 0, 80],
			"scale": [4, 4, 4]
		}
	}
}