{
	"credit": "Made with Blockbench",
	"textures": {
		"0": "block/anvil",
		"1": "block/iron_block",
		"2": "block/white_concrete",
		"6": "block/gray_concrete",
		"particle": "block/white_concrete"
	},
	"elements": [
		{
			"name": "Cube",
			"from": [1.90713, 23.39344, -12],
			"to": [8.79137, 24.41584, 28.8],
			"rotation": {"angle": 22.5, "axis": "z", "origin": [6.8082, 7.91296, 36.4]},
			"faces": {
				"north": {"uv": [16, 0, 0, 16], "texture": "#6", "tintindex": 0},
				"east": {"uv": [16, 0, 0, 16], "texture": "#6", "tintindex": 0},
				"south": {"uv": [16, 0, 0, 16], "texture": "#6", "tintindex": 0},
				"west": {"uv": [16, 0, 0, 16], "texture": "#6", "tintindex": 0},
				"up": {"uv": [16, 0, 0, 16], "texture": "#6", "tintindex": 0},
				"down": {"uv": [16, 0, 0, 16], "texture": "#6", "tintindex": 0}
			}
		},
		{
			"name": "Cube",
			"from": [7.20863, 23.39344, -12],
			"to": [14.09287, 24.41584, 28.8],
			"rotation": {"angle": -22.5, "axis": "z", "origin": [9.1918, 7.91296, 36.4]},
			"faces": {
				"north": {"uv": [0, 0, 16, 16], "texture": "#6", "tintindex": 0},
				"east": {"uv": [0, 0, 16, 16], "texture": "#6", "tintindex": 0},
				"south": {"uv": [0, 0, 16, 16], "texture": "#6", "tintindex": 0},
				"west": {"uv": [0, 0, 16, 16], "texture": "#6", "tintindex": 0},
				"up": {"uv": [0, 0, 16, 16], "texture": "#6", "tintindex": 0},
				"down": {"uv": [0, 0, 16, 16], "texture": "#6", "tintindex": 0}
			}
		},
		{
			"name": "Cube",
			"from": [2.29496, 22.76576, -12],
			"to": [13.70504, 23.8464, 28.8],
			"rotation": {"angle": 0, "axis": "y", "origin": [10.6796, 8.1712, 35.4]},
			"faces": {
				"north": {"uv": [0, 0, 16, 16], "texture": "#6", "tintindex": 0},
				"east": {"uv": [0, 0, 16, 16], "texture": "#6", "tintindex": 0},
				"south": {"uv": [0, 0, 16, 16], "texture": "#6", "tintindex": 0},
				"west": {"uv": [0, 0, 16, 16], "texture": "#6", "tintindex": 0},
				"up": {"uv": [0, 0, 16, 16], "texture": "#6", "tintindex": 0},
				"down": {"uv": [0, 0, 16, 16], "texture": "#6", "tintindex": 0}
			}
		},
		{
			"name": "Cube",
			"from": [-4.9587, 1.60384, 28],
			"to": [20.9587, 3.19104, 29.6],
			"rotation": {"angle": 0, "axis": "y", "origin": [11.23326, 8.8512, 3.2]},
			"faces": {
				"north": {"uv": [16, 0, 0, 16], "texture": "#1", "tintindex": 0},
				"east": {"uv": [16, 0, 0, 16], "texture": "#1", "tintindex": 0},
				"south": {"uv": [16, 0, 0, 16], "texture": "#1", "tintindex": 0},
				"west": {"uv": [16, 0, 0, 16], "texture": "#1", "tintindex": 0},
				"up": {"uv": [0, 16, 16, 0], "texture": "#1", "tintindex": 0},
				"down": {"uv": [0, 16, 16, 0], "texture": "#1", "tintindex": 0}
			}
		},
		{
			"name": "Cube",
			"from": [18.90584, 3.05104, -4],
			"to": [19.79684, 12.13344, 4.1],
			"rotation": {"angle": 0, "axis": "y", "origin": [8.67288, 10.4512, -23.8]},
			"faces": {
				"north": {"uv": [15, 1, 1, 15], "texture": "#1", "tintindex": 0},
				"east": {"uv": [15, 1, 1, 15], "texture": "#1", "tintindex": 0},
				"south": {"uv": [15, 1, 1, 15], "texture": "#1", "tintindex": 0},
				"west": {"uv": [15, 1, 1, 15], "texture": "#1", "tintindex": 0},
				"up": {"uv": [1, 15, 15, 1], "texture": "#1", "tintindex": 0},
				"down": {"uv": [1, 15, 15, 1], "texture": "#1", "tintindex": 0}
			}
		},
		{
			"name": "Cube",
			"from": [18.90584, 12.05104, -4],
			"to": [19.79684, 21.03344, 4.1],
			"rotation": {"angle": 0, "axis": "y", "origin": [8.67288, 20.4512, -23.8]},
			"faces": {
				"north": {"uv": [15, 1, 1, 15], "texture": "#1", "tintindex": 0},
				"east": {"uv": [15, 1, 1, 15], "texture": "#1", "tintindex": 0},
				"south": {"uv": [15, 1, 1, 15], "texture": "#1", "tintindex": 0},
				"west": {"uv": [15, 1, 1, 15], "texture": "#1", "tintindex": 0},
				"up": {"uv": [1, 15, 15, 1], "texture": "#1", "tintindex": 0},
				"down": {"uv": [1, 15, 15, 1], "texture": "#1", "tintindex": 0}
			}
		},
		{
			"name": "Cube",
			"from": [-3.79684, 3.05104, -4],
			"to": [-2.90584, 12.13344, 4.1],
			"rotation": {"angle": 0, "axis": "y", "origin": [7.32712, 10.4512, -23.8]},
			"faces": {
				"north": {"uv": [15, 15, 1, 1], "texture": "#1", "tintindex": 0},
				"east": {"uv": [15, 15, 1, 1], "texture": "#1", "tintindex": 0},
				"south": {"uv": [15, 15, 1, 1], "texture": "#1", "tintindex": 0},
				"west": {"uv": [15, 15, 1, 1], "texture": "#1", "tintindex": 0},
				"up": {"uv": [1, 1, 15, 15], "texture": "#1", "tintindex": 0},
				"down": {"uv": [1, 1, 15, 15], "texture": "#1", "tintindex": 0}
			}
		},
		{
			"name": "Cube",
			"from": [-3.79684, 12.05104, -4],
			"to": [-2.90584, 21.03344, 4.1],
			"rotation": {"angle": 0, "axis": "y", "origin": [7.32712, 20.4512, -23.8]},
			"faces": {
				"north": {"uv": [15, 15, 1, 1], "texture": "#1", "tintindex": 0},
				"east": {"uv": [15, 15, 1, 1], "texture": "#1", "tintindex": 0},
				"south": {"uv": [15, 15, 1, 1], "texture": "#1", "tintindex": 0},
				"west": {"uv": [15, 15, 1, 1], "texture": "#1", "tintindex": 0},
				"up": {"uv": [1, 1, 15, 15], "texture": "#1", "tintindex": 0},
				"down": {"uv": [1, 1, 15, 15], "texture": "#1", "tintindex": 0}
			}
		},
		{
			"name": "Cube",
			"from": [18.90584, 3.05104, 4],
			"to": [19.79684, 12.13344, 12.1],
			"rotation": {"angle": 0, "axis": "y", "origin": [8.67288, 10.4512, -15.8]},
			"faces": {
				"north": {"uv": [15, 1, 1, 15], "texture": "#1", "tintindex": 0},
				"east": {"uv": [15, 1, 1, 15], "texture": "#1", "tintindex": 0},
				"south": {"uv": [15, 1, 1, 15], "texture": "#1", "tintindex": 0},
				"west": {"uv": [15, 1, 1, 15], "texture": "#1", "tintindex": 0},
				"up": {"uv": [1, 15, 15, 1], "texture": "#1", "tintindex": 0},
				"down": {"uv": [1, 15, 15, 1], "texture": "#1", "tintindex": 0}
			}
		},
		{
			"name": "Cube",
			"from": [18.90584, 12.05104, 4],
			"to": [19.79684, 21.03344, 12.1],
			"rotation": {"angle": 0, "axis": "y", "origin": [8.67288, 20.4512, -15.8]},
			"faces": {
				"north": {"uv": [15, 1, 1, 15], "texture": "#1", "tintindex": 0},
				"east": {"uv": [15, 1, 1, 15], "texture": "#1", "tintindex": 0},
				"south": {"uv": [15, 1, 1, 15], "texture": "#1", "tintindex": 0},
				"west": {"uv": [15, 1, 1, 15], "texture": "#1", "tintindex": 0},
				"up": {"uv": [1, 15, 15, 1], "texture": "#1", "tintindex": 0},
				"down": {"uv": [1, 15, 15, 1], "texture": "#1", "tintindex": 0}
			}
		},
		{
			"name": "Cube",
			"from": [-3.79684, 3.05104, 4],
			"to": [-2.90584, 12.13344, 12.1],
			"rotation": {"angle": 0, "axis": "y", "origin": [7.32712, 10.4512, -15.8]},
			"faces": {
				"north": {"uv": [15, 15, 1, 1], "texture": "#1", "tintindex": 0},
				"east": {"uv": [15, 15, 1, 1], "texture": "#1", "tintindex": 0},
				"south": {"uv": [15, 15, 1, 1], "texture": "#1", "tintindex": 0},
				"west": {"uv": [15, 15, 1, 1], "texture": "#1", "tintindex": 0},
				"up": {"uv": [1, 1, 15, 15], "texture": "#1", "tintindex": 0},
				"down": {"uv": [1, 1, 15, 15], "texture": "#1", "tintindex": 0}
			}
		},
		{
			"name": "Cube",
			"from": [-3.79684, 12.05104, 4],
			"to": [-2.90584, 21.03344, 12.1],
			"rotation": {"angle": 0, "axis": "y", "origin": [7.32712, 20.4512, -15.8]},
			"faces": {
				"north": {"uv": [15, 15, 1, 1], "texture": "#1", "tintindex": 0},
				"east": {"uv": [15, 15, 1, 1], "texture": "#1", "tintindex": 0},
				"south": {"uv": [15, 15, 1, 1], "texture": "#1", "tintindex": 0},
				"west": {"uv": [15, 15, 1, 1], "texture": "#1", "tintindex": 0},
				"up": {"uv": [1, 1, 15, 15], "texture": "#1", "tintindex": 0},
				"down": {"uv": [1, 1, 15, 15], "texture": "#1", "tintindex": 0}
			}
		},
		{
			"name": "Cube",
			"from": [18.90584, 3.05104, 12],
			"to": [19.79684, 12.13344, 20.1],
			"rotation": {"angle": 0, "axis": "y", "origin": [8.67288, 10.4512, -7.8]},
			"faces": {
				"north": {"uv": [15, 1, 1, 15], "texture": "#1", "tintindex": 0},
				"east": {"uv": [15, 1, 1, 15], "texture": "#1", "tintindex": 0},
				"south": {"uv": [15, 1, 1, 15], "texture": "#1", "tintindex": 0},
				"west": {"uv": [15, 1, 1, 15], "texture": "#1", "tintindex": 0},
				"up": {"uv": [1, 15, 15, 1], "texture": "#1", "tintindex": 0},
				"down": {"uv": [1, 15, 15, 1], "texture": "#1", "tintindex": 0}
			}
		},
		{
			"name": "Cube",
			"from": [18.90584, 12.05104, 12],
			"to": [19.79684, 21.03344, 20.1],
			"rotation": {"angle": 0, "axis": "y", "origin": [8.67288, 20.4512, -7.8]},
			"faces": {
				"north": {"uv": [15, 1, 1, 15], "texture": "#1", "tintindex": 0},
				"east": {"uv": [15, 1, 1, 15], "texture": "#1", "tintindex": 0},
				"south": {"uv": [15, 1, 1, 15], "texture": "#1", "tintindex": 0},
				"west": {"uv": [15, 1, 1, 15], "texture": "#1", "tintindex": 0},
				"up": {"uv": [1, 15, 15, 1], "texture": "#1", "tintindex": 0},
				"down": {"uv": [1, 15, 15, 1], "texture": "#1", "tintindex": 0}
			}
		},
		{
			"name": "Cube",
			"from": [-3.79684, 3.05104, 12],
			"to": [-2.90584, 12.13344, 20.1],
			"rotation": {"angle": 0, "axis": "y", "origin": [7.32712, 10.4512, -7.8]},
			"faces": {
				"north": {"uv": [15, 15, 1, 1], "texture": "#1", "tintindex": 0},
				"east": {"uv": [15, 15, 1, 1], "texture": "#1", "tintindex": 0},
				"south": {"uv": [15, 15, 1, 1], "texture": "#1", "tintindex": 0},
				"west": {"uv": [15, 15, 1, 1], "texture": "#1", "tintindex": 0},
				"up": {"uv": [1, 1, 15, 15], "texture": "#1", "tintindex": 0},
				"down": {"uv": [1, 1, 15, 15], "texture": "#1", "tintindex": 0}
			}
		},
		{
			"name": "Cube",
			"from": [-3.79684, 12.05104, 12],
			"to": [-2.90584, 21.03344, 20.1],
			"rotation": {"angle": 0, "axis": "y", "origin": [7.32712, 20.4512, -7.8]},
			"faces": {
				"north": {"uv": [15, 15, 1, 1], "texture": "#1", "tintindex": 0},
				"east": {"uv": [15, 15, 1, 1], "texture": "#1", "tintindex": 0},
				"south": {"uv": [15, 15, 1, 1], "texture": "#1", "tintindex": 0},
				"west": {"uv": [15, 15, 1, 1], "texture": "#1", "tintindex": 0},
				"up": {"uv": [1, 1, 15, 15], "texture": "#1", "tintindex": 0},
				"down": {"uv": [1, 1, 15, 15], "texture": "#1", "tintindex": 0}
			}
		},
		{
			"name": "Cube",
			"from": [18.90584, 3.05104, 20],
			"to": [19.79684, 12.13344, 28.1],
			"rotation": {"angle": 0, "axis": "y", "origin": [8.67288, 10.4512, 0.2]},
			"faces": {
				"north": {"uv": [15, 1, 1, 15], "texture": "#1", "tintindex": 0},
				"east": {"uv": [15, 1, 1, 15], "texture": "#1", "tintindex": 0},
				"south": {"uv": [15, 1, 1, 15], "texture": "#1", "tintindex": 0},
				"west": {"uv": [15, 1, 1, 15], "texture": "#1", "tintindex": 0},
				"up": {"uv": [1, 15, 15, 1], "texture": "#1", "tintindex": 0},
				"down": {"uv": [1, 15, 15, 1], "texture": "#1", "tintindex": 0}
			}
		},
		{
			"name": "Cube",
			"from": [18.90584, 12.05104, 20],
			"to": [19.79684, 21.03344, 28.1],
			"rotation": {"angle": 0, "axis": "y", "origin": [8.67288, 20.4512, 0.2]},
			"faces": {
				"north": {"uv": [15, 1, 1, 15], "texture": "#1", "tintindex": 0},
				"east": {"uv": [15, 1, 1, 15], "texture": "#1", "tintindex": 0},
				"south": {"uv": [15, 1, 1, 15], "texture": "#1", "tintindex": 0},
				"west": {"uv": [15, 1, 1, 15], "texture": "#1", "tintindex": 0},
				"up": {"uv": [1, 15, 15, 1], "texture": "#1", "tintindex": 0},
				"down": {"uv": [1, 15, 15, 1], "texture": "#1", "tintindex": 0}
			}
		},
		{
			"name": "Cube",
			"from": [-3.79684, 3.05104, 20],
			"to": [-2.90584, 12.13344, 28.1],
			"rotation": {"angle": 0, "axis": "y", "origin": [7.32712, 10.4512, 0.2]},
			"faces": {
				"north": {"uv": [15, 15, 1, 1], "texture": "#1", "tintindex": 0},
				"east": {"uv": [15, 15, 1, 1], "texture": "#1", "tintindex": 0},
				"south": {"uv": [15, 15, 1, 1], "texture": "#1", "tintindex": 0},
				"west": {"uv": [15, 15, 1, 1], "texture": "#1", "tintindex": 0},
				"up": {"uv": [1, 1, 15, 15], "texture": "#1", "tintindex": 0},
				"down": {"uv": [1, 1, 15, 15], "texture": "#1", "tintindex": 0}
			}
		},
		{
			"name": "Cube",
			"from": [-3.79684, 12.05104, 20],
			"to": [-2.90584, 21.03344, 28.1],
			"rotation": {"angle": 0, "axis": "y", "origin": [7.32712, 20.4512, 0.2]},
			"faces": {
				"north": {"uv": [15, 15, 1, 1], "texture": "#1", "tintindex": 0},
				"east": {"uv": [15, 15, 1, 1], "texture": "#1", "tintindex": 0},
				"south": {"uv": [15, 15, 1, 1], "texture": "#1", "tintindex": 0},
				"west": {"uv": [15, 15, 1, 1], "texture": "#1", "tintindex": 0},
				"up": {"uv": [1, 1, 15, 15], "texture": "#1", "tintindex": 0},
				"down": {"uv": [1, 1, 15, 15], "texture": "#1", "tintindex": 0}
			}
		},
		{
			"name": "Cube",
			"from": [19.56584, 3.05104, -12],
			"to": [20.45684, 12.13344, -3.7],
			"rotation": {"angle": 0, "axis": "y", "origin": [9.11288, 10.4512, -28.8]},
			"faces": {
				"north": {"uv": [15, 1, 1, 15], "texture": "#1", "tintindex": 0},
				"east": {"uv": [15, 1, 1, 15], "texture": "#1", "tintindex": 0},
				"south": {"uv": [15, 1, 1, 15], "texture": "#1", "tintindex": 0},
				"west": {"uv": [15, 1, 1, 15], "texture": "#1", "tintindex": 0},
				"up": {"uv": [1, 15, 15, 1], "texture": "#1", "tintindex": 0},
				"down": {"uv": [1, 15, 15, 1], "texture": "#1", "tintindex": 0}
			}
		},
		{
			"name": "Cube",
			"from": [-4.34684, 3.05104, -12],
			"to": [-3.56584, 12.13344, -3.7],
			"rotation": {"angle": 0, "axis": "y", "origin": [6.88712, 10.4512, -28.8]},
			"faces": {
				"north": {"uv": [1, 1, 15, 15], "texture": "#1", "tintindex": 0},
				"east": {"uv": [1, 1, 15, 15], "texture": "#1", "tintindex": 0},
				"south": {"uv": [1, 1, 15, 15], "texture": "#1", "tintindex": 0},
				"west": {"uv": [1, 1, 15, 15], "texture": "#1", "tintindex": 0},
				"up": {"uv": [15, 15, 1, 1], "texture": "#1", "tintindex": 0},
				"down": {"uv": [15, 15, 1, 1], "texture": "#1", "tintindex": 0}
			}
		},
		{
			"name": "Cube",
			"from": [19.56584, 12.05104, -12],
			"to": [20.45684, 21.03344, -3.7],
			"rotation": {"angle": 0, "axis": "y", "origin": [9.11288, 20.4512, -28.8]},
			"faces": {
				"north": {"uv": [15, 1, 1, 15], "texture": "#1", "tintindex": 0},
				"east": {"uv": [15, 1, 1, 15], "texture": "#1", "tintindex": 0},
				"south": {"uv": [15, 1, 1, 15], "texture": "#1", "tintindex": 0},
				"west": {"uv": [15, 1, 1, 15], "texture": "#1", "tintindex": 0},
				"up": {"uv": [1, 15, 15, 1], "texture": "#1", "tintindex": 0},
				"down": {"uv": [1, 15, 15, 1], "texture": "#1", "tintindex": 0}
			}
		},
		{
			"name": "Cube",
			"from": [-4.34684, 12.05104, -12],
			"to": [-3.56584, 21.03344, -3.7],
			"rotation": {"angle": 0, "axis": "y", "origin": [6.88712, 20.4512, -28.8]},
			"faces": {
				"north": {"uv": [1, 1, 15, 15], "texture": "#1", "tintindex": 0},
				"east": {"uv": [1, 1, 15, 15], "texture": "#1", "tintindex": 0},
				"south": {"uv": [1, 1, 15, 15], "texture": "#1", "tintindex": 0},
				"west": {"uv": [1, 1, 15, 15], "texture": "#1", "tintindex": 0},
				"up": {"uv": [15, 15, 1, 1], "texture": "#1", "tintindex": 0},
				"down": {"uv": [15, 15, 1, 1], "texture": "#1", "tintindex": 0}
			}
		},
		{
			"name": "Cube",
			"from": [8, 3.05104, 27.0848],
			"to": [19.1375, 12.23344, 28.0848],
			"rotation": {"angle": 0, "axis": "y", "origin": [4.97523, 8.34224, 27.5848]},
			"faces": {
				"north": {"uv": [15, 1, 1, 15], "texture": "#1", "tintindex": 0},
				"east": {"uv": [15, 1, 1, 15], "texture": "#1", "tintindex": 0},
				"south": {"uv": [15, 1, 1, 15], "texture": "#1", "tintindex": 0},
				"west": {"uv": [15, 1, 1, 15], "texture": "#1", "tintindex": 0},
				"up": {"uv": [1, 15, 15, 1], "texture": "#1", "tintindex": 0},
				"down": {"uv": [1, 15, 15, 1], "texture": "#1", "tintindex": 0}
			}
		},
		{
			"name": "Cube",
			"from": [8, 12.05104, 27.0848],
			"to": [19.1375, 21.23344, 28.0848],
			"rotation": {"angle": 0, "axis": "y", "origin": [4.97523, 18.34224, 27.5848]},
			"faces": {
				"north": {"uv": [15, 1, 1, 15], "texture": "#1", "tintindex": 0},
				"east": {"uv": [15, 1, 1, 15], "texture": "#1", "tintindex": 0},
				"south": {"uv": [15, 1, 1, 15], "texture": "#1", "tintindex": 0},
				"west": {"uv": [15, 1, 1, 15], "texture": "#1", "tintindex": 0},
				"up": {"uv": [1, 15, 15, 1], "texture": "#1", "tintindex": 0},
				"down": {"uv": [1, 15, 15, 1], "texture": "#1", "tintindex": 0}
			}
		},
		{
			"name": "Cube",
			"from": [7.93125, 21.25104, 27.0848],
			"to": [15.10875, 22.83344, 28.0848],
			"rotation": {"angle": 0, "axis": "y", "origin": [-0.59352, 10.04224, 27.5848]},
			"faces": {
				"north": {"uv": [1, 15, 15, 1], "rotation": 90, "texture": "#1", "tintindex": 0},
				"east": {"uv": [1, 15, 15, 1], "rotation": 90, "texture": "#1", "tintindex": 0},
				"south": {"uv": [1, 15, 15, 1], "rotation": 90, "texture": "#1", "tintindex": 0},
				"west": {"uv": [1, 15, 15, 1], "rotation": 90, "texture": "#1", "tintindex": 0},
				"up": {"uv": [15, 1, 1, 15], "rotation": 90, "texture": "#1", "tintindex": 0},
				"down": {"uv": [15, 1, 1, 15], "rotation": 90, "texture": "#1", "tintindex": 0}
			}
		},
		{
			"name": "Cube",
			"from": [0.89125, 21.25104, 27.0848],
			"to": [7.95875, 22.83344, 28.0848],
			"rotation": {"angle": 0, "axis": "y", "origin": [16.59352, 10.04224, 27.5848]},
			"faces": {
				"north": {"uv": [1, 1, 15, 15], "rotation": 90, "texture": "#1", "tintindex": 0},
				"east": {"uv": [1, 1, 15, 15], "rotation": 90, "texture": "#1", "tintindex": 0},
				"south": {"uv": [1, 1, 15, 15], "rotation": 90, "texture": "#1", "tintindex": 0},
				"west": {"uv": [1, 1, 15, 15], "rotation": 90, "texture": "#1", "tintindex": 0},
				"up": {"uv": [15, 15, 1, 1], "rotation": 90, "texture": "#1", "tintindex": 0},
				"down": {"uv": [15, 15, 1, 1], "rotation": 90, "texture": "#1", "tintindex": 0}
			}
		},
		{
			"name": "Cube",
			"from": [15.08125, 21.25104, 27.0848],
			"to": [17.19875, 22.13344, 28.0848],
			"rotation": {"angle": 0, "axis": "y", "origin": [1.71648, 10.04224, 27.5848]},
			"faces": {
				"north": {"uv": [1, 15, 15, 1], "rotation": 90, "texture": "#1", "tintindex": 0},
				"east": {"uv": [1, 15, 15, 1], "rotation": 90, "texture": "#1", "tintindex": 0},
				"south": {"uv": [1, 15, 15, 1], "rotation": 90, "texture": "#1", "tintindex": 0},
				"west": {"uv": [1, 15, 15, 1], "rotation": 90, "texture": "#1", "tintindex": 0},
				"up": {"uv": [15, 1, 1, 15], "rotation": 90, "texture": "#1", "tintindex": 0},
				"down": {"uv": [15, 1, 1, 15], "rotation": 90, "texture": "#1", "tintindex": 0}
			}
		},
		{
			"name": "Cube",
			"from": [-1.19875, 21.25104, 27.0848],
			"to": [0.91875, 22.13344, 28.0848],
			"rotation": {"angle": 0, "axis": "y", "origin": [14.28352, 10.04224, 27.5848]},
			"faces": {
				"north": {"uv": [1, 1, 15, 15], "rotation": 90, "texture": "#1", "tintindex": 0},
				"east": {"uv": [1, 1, 15, 15], "rotation": 90, "texture": "#1", "tintindex": 0},
				"south": {"uv": [1, 1, 15, 15], "rotation": 90, "texture": "#1", "tintindex": 0},
				"west": {"uv": [1, 1, 15, 15], "rotation": 90, "texture": "#1", "tintindex": 0},
				"up": {"uv": [15, 15, 1, 1], "rotation": 90, "texture": "#1", "tintindex": 0},
				"down": {"uv": [15, 15, 1, 1], "rotation": 90, "texture": "#1", "tintindex": 0}
			}
		},
		{
			"name": "Cube",
			"from": [-3.1375, 3.05104, 27.0848],
			"to": [8, 12.23344, 28.0848],
			"rotation": {"angle": 0, "axis": "y", "origin": [11.02477, 8.34224, 27.5848]},
			"faces": {
				"north": {"uv": [15, 1, 1, 15], "texture": "#1", "tintindex": 0},
				"east": {"uv": [15, 1, 1, 15], "texture": "#1", "tintindex": 0},
				"south": {"uv": [15, 1, 1, 15], "texture": "#1", "tintindex": 0},
				"west": {"uv": [15, 1, 1, 15], "texture": "#1", "tintindex": 0},
				"up": {"uv": [1, 15, 15, 1], "texture": "#1", "tintindex": 0},
				"down": {"uv": [1, 15, 15, 1], "texture": "#1", "tintindex": 0}
			}
		},
		{
			"name": "Cube",
			"from": [-3.1375, 12.05104, 27.0848],
			"to": [8, 21.23344, 28.0848],
			"rotation": {"angle": 0, "axis": "y", "origin": [11.02477, 18.34224, 27.5848]},
			"faces": {
				"north": {"uv": [15, 1, 1, 15], "texture": "#1", "tintindex": 0},
				"east": {"uv": [15, 1, 1, 15], "texture": "#1", "tintindex": 0},
				"south": {"uv": [15, 1, 1, 15], "texture": "#1", "tintindex": 0},
				"west": {"uv": [15, 1, 1, 15], "texture": "#1", "tintindex": 0},
				"up": {"uv": [1, 15, 15, 1], "texture": "#1", "tintindex": 0},
				"down": {"uv": [1, 15, 15, 1], "texture": "#1", "tintindex": 0}
			}
		},
		{
			"name": "Cube",
			"from": [18.90584, 20.45104, -4],
			"to": [20.28964, 21.23344, 28],
			"rotation": {"angle": 0, "axis": "y", "origin": [8.67288, 18.2512, 2.6]},
			"faces": {
				"north": {"uv": [16, 0, 0, 16], "texture": "#1", "tintindex": 0},
				"east": {"uv": [16, 0, 0, 16], "texture": "#1", "tintindex": 0},
				"south": {"uv": [16, 0, 0, 16], "texture": "#1", "tintindex": 0},
				"west": {"uv": [16, 0, 0, 16], "texture": "#1", "tintindex": 0},
				"up": {"uv": [0, 16, 16, 0], "texture": "#1", "tintindex": 0},
				"down": {"uv": [0, 16, 16, 0], "texture": "#1", "tintindex": 0}
			}
		},
		{
			"name": "Cube",
			"from": [-4.28964, 20.45104, -4],
			"to": [-2.90584, 21.23344, 28],
			"rotation": {"angle": 0, "axis": "y", "origin": [7.32712, 18.2512, 2.6]},
			"faces": {
				"north": {"uv": [16, 0, 0, 16], "texture": "#1", "tintindex": 0},
				"east": {"uv": [16, 0, 0, 16], "texture": "#1", "tintindex": 0},
				"south": {"uv": [16, 0, 0, 16], "texture": "#1", "tintindex": 0},
				"west": {"uv": [16, 0, 0, 16], "texture": "#1", "tintindex": 0},
				"up": {"uv": [0, 16, 16, 0], "texture": "#1", "tintindex": 0},
				"down": {"uv": [0, 16, 16, 0], "texture": "#1", "tintindex": 0}
			}
		},
		{
			"name": "Cube",
			"from": [20.00584, 17.45104, -12],
			"to": [20.61964, 17.83344, -3.7],
			"rotation": {"angle": 0, "axis": "y", "origin": [8.67288, 15.2512, -24.4]},
			"faces": {
				"north": {"uv": [16, 0, 0, 16], "texture": "#1", "tintindex": 0},
				"east": {"uv": [16, 0, 0, 16], "texture": "#1", "tintindex": 0},
				"south": {"uv": [16, 0, 0, 16], "texture": "#1", "tintindex": 0},
				"west": {"uv": [16, 0, 0, 16], "texture": "#1", "tintindex": 0},
				"up": {"uv": [0, 16, 16, 0], "texture": "#1", "tintindex": 0},
				"down": {"uv": [0, 16, 16, 0], "texture": "#1", "tintindex": 0}
			}
		},
		{
			"name": "Cube",
			"from": [-4.61964, 17.45104, -12],
			"to": [-4.00584, 17.83344, -3.7],
			"rotation": {"angle": 0, "axis": "y", "origin": [7.32712, 15.2512, -24.4]},
			"faces": {
				"north": {"uv": [16, 0, 0, 16], "texture": "#1", "tintindex": 0},
				"east": {"uv": [16, 0, 0, 16], "texture": "#1", "tintindex": 0},
				"south": {"uv": [16, 0, 0, 16], "texture": "#1", "tintindex": 0},
				"west": {"uv": [16, 0, 0, 16], "texture": "#1", "tintindex": 0},
				"up": {"uv": [0, 16, 16, 0], "texture": "#1", "tintindex": 0},
				"down": {"uv": [0, 16, 16, 0], "texture": "#1", "tintindex": 0}
			}
		},
		{
			"name": "Cube",
			"from": [20.00584, 8.45104, -12],
			"to": [20.61964, 8.83344, -3.7],
			"rotation": {"angle": 0, "axis": "y", "origin": [8.67288, 6.2512, -24.4]},
			"faces": {
				"north": {"uv": [16, 0, 0, 16], "texture": "#1", "tintindex": 0},
				"east": {"uv": [16, 0, 0, 16], "texture": "#1", "tintindex": 0},
				"south": {"uv": [16, 0, 0, 16], "texture": "#1", "tintindex": 0},
				"west": {"uv": [16, 0, 0, 16], "texture": "#1", "tintindex": 0},
				"up": {"uv": [0, 16, 16, 0], "texture": "#1", "tintindex": 0},
				"down": {"uv": [0, 16, 16, 0], "texture": "#1", "tintindex": 0}
			}
		},
		{
			"name": "Cube",
			"from": [-4.61964, 8.45104, -12],
			"to": [-4.00584, 8.83344, -3.7],
			"rotation": {"angle": 0, "axis": "y", "origin": [7.32712, 6.2512, -24.4]},
			"faces": {
				"north": {"uv": [16, 0, 0, 16], "texture": "#1", "tintindex": 0},
				"east": {"uv": [16, 0, 0, 16], "texture": "#1", "tintindex": 0},
				"south": {"uv": [16, 0, 0, 16], "texture": "#1", "tintindex": 0},
				"west": {"uv": [16, 0, 0, 16], "texture": "#1", "tintindex": 0},
				"up": {"uv": [0, 16, 16, 0], "texture": "#1", "tintindex": 0},
				"down": {"uv": [0, 16, 16, 0], "texture": "#1", "tintindex": 0}
			}
		},
		{
			"name": "Cube",
			"from": [19.23584, 20.45104, -12],
			"to": [20.61964, 21.23344, -3.9],
			"rotation": {"angle": 0, "axis": "y", "origin": [9.00288, 18.2512, -24.4]},
			"faces": {
				"north": {"uv": [16, 0, 0, 16], "texture": "#1", "tintindex": 0},
				"east": {"uv": [16, 0, 0, 16], "texture": "#1", "tintindex": 0},
				"south": {"uv": [16, 0, 0, 16], "texture": "#1", "tintindex": 0},
				"west": {"uv": [16, 0, 0, 16], "texture": "#1", "tintindex": 0},
				"up": {"uv": [0, 16, 16, 0], "texture": "#1", "tintindex": 0},
				"down": {"uv": [0, 16, 16, 0], "texture": "#1", "tintindex": 0}
			}
		},
		{
			"name": "Cube",
			"from": [-4.61964, 20.45104, -12],
			"to": [-3.23584, 21.23344, -3.9],
			"rotation": {"angle": 0, "axis": "y", "origin": [6.99712, 18.2512, -24.4]},
			"faces": {
				"north": {"uv": [0, 0, 16, 16], "texture": "#1", "tintindex": 0},
				"east": {"uv": [0, 0, 16, 16], "texture": "#1", "tintindex": 0},
				"south": {"uv": [0, 0, 16, 16], "texture": "#1", "tintindex": 0},
				"west": {"uv": [0, 0, 16, 16], "texture": "#1", "tintindex": 0},
				"up": {"uv": [16, 16, 0, 0], "texture": "#1", "tintindex": 0},
				"down": {"uv": [16, 16, 0, 0], "texture": "#1", "tintindex": 0}
			}
		},
		{
			"name": "Cube",
			"from": [-4.43836, 1.75104, -12],
			"to": [20.43836, 3.13344, 28.4],
			"rotation": {"angle": 0, "axis": "y", "origin": [9.38568, 6.4512, 3.2]},
			"faces": {
				"north": {"uv": [16, 0, 0, 16], "texture": "#1", "tintindex": 0},
				"east": {"uv": [16, 0, 0, 16], "texture": "#1", "tintindex": 0},
				"south": {"uv": [16, 0, 0, 16], "texture": "#1", "tintindex": 0},
				"west": {"uv": [16, 0, 0, 16], "texture": "#1", "tintindex": 0},
				"up": {"uv": [0, 16, 16, 0], "texture": "#1", "tintindex": 0},
				"down": {"uv": [0, 16, 16, 0], "texture": "#1", "tintindex": 0}
			}
		},
		{
			"name": "Cube",
			"from": [19.28006, -3.24896, -12],
			"to": [20.17106, -2.24896, 1.7],
			"rotation": {"angle": 0, "axis": "y", "origin": [6.34702, 1.4512, -12.2]},
			"faces": {
				"north": {"uv": [16, 0, 0, 16], "texture": "#1", "tintindex": 0},
				"east": {"uv": [16, 0, 0, 16], "texture": "#1", "tintindex": 0},
				"south": {"uv": [16, 0, 0, 16], "texture": "#1", "tintindex": 0},
				"west": {"uv": [16, 0, 0, 16], "texture": "#1", "tintindex": 0},
				"up": {"uv": [0, 16, 16, 0], "texture": "#1", "tintindex": 0},
				"down": {"uv": [0, 16, 16, 0], "texture": "#1", "tintindex": 0}
			}
		},
		{
			"name": "Cube",
			"from": [-4.17106, -3.24896, -12],
			"to": [-3.28006, -2.24896, 1.7],
			"rotation": {"angle": 0, "axis": "y", "origin": [9.65298, 1.4512, -12.2]},
			"faces": {
				"north": {"uv": [16, 0, 0, 16], "texture": "#1", "tintindex": 0},
				"east": {"uv": [16, 0, 0, 16], "texture": "#1", "tintindex": 0},
				"south": {"uv": [16, 0, 0, 16], "texture": "#1", "tintindex": 0},
				"west": {"uv": [16, 0, 0, 16], "texture": "#1", "tintindex": 0},
				"up": {"uv": [0, 16, 16, 0], "texture": "#1", "tintindex": 0},
				"down": {"uv": [0, 16, 16, 0], "texture": "#1", "tintindex": 0}
			}
		},
		{
			"name": "Cube",
			"from": [19.28006, -1.24896, 0.5],
			"to": [20.17106, -0.24896, 8],
			"rotation": {"angle": -45, "axis": "x", "origin": [19.72556, -0.74896, 3.5]},
			"faces": {
				"north": {"uv": [16, 0, 0, 16], "texture": "#1", "tintindex": 0},
				"east": {"uv": [16, 0, 0, 16], "texture": "#1", "tintindex": 0},
				"south": {"uv": [16, 0, 0, 16], "texture": "#1", "tintindex": 0},
				"west": {"uv": [16, 0, 0, 16], "texture": "#1", "tintindex": 0},
				"up": {"uv": [0, 16, 16, 0], "texture": "#1", "tintindex": 0},
				"down": {"uv": [0, 16, 16, 0], "texture": "#1", "tintindex": 0}
			}
		},
		{
			"name": "Cube",
			"from": [-4.17106, -1.24896, 0.5],
			"to": [-3.28006, -0.24896, 8],
			"rotation": {"angle": -45, "axis": "x", "origin": [-3.72556, -0.74896, 3.5]},
			"faces": {
				"north": {"uv": [16, 0, 0, 16], "texture": "#1", "tintindex": 0},
				"east": {"uv": [16, 0, 0, 16], "texture": "#1", "tintindex": 0},
				"south": {"uv": [16, 0, 0, 16], "texture": "#1", "tintindex": 0},
				"west": {"uv": [16, 0, 0, 16], "texture": "#1", "tintindex": 0},
				"up": {"uv": [0, 16, 16, 0], "texture": "#1", "tintindex": 0},
				"down": {"uv": [0, 16, 16, 0], "texture": "#1", "tintindex": 0}
			}
		},
		{
			"name": "Cube",
			"from": [19.45826, 2.75104, 20],
			"to": [20.34926, 20.45104, 20.5],
			"rotation": {"angle": 0, "axis": "x", "origin": [19.90376, 3.25104, 20]},
			"faces": {
				"north": {"uv": [0, 16, 16, 0], "rotation": 90, "texture": "#1", "tintindex": 0},
				"east": {"uv": [0, 16, 16, 0], "rotation": 90, "texture": "#1", "tintindex": 0},
				"south": {"uv": [0, 16, 16, 0], "rotation": 90, "texture": "#1", "tintindex": 0},
				"west": {"uv": [0, 16, 16, 0], "rotation": 90, "texture": "#1", "tintindex": 0},
				"up": {"uv": [16, 0, 0, 16], "rotation": 90, "texture": "#1", "tintindex": 0},
				"down": {"uv": [16, 0, 0, 16], "rotation": 90, "texture": "#1", "tintindex": 0}
			}
		},
		{
			"name": "Cube",
			"from": [-4.34926, 2.75104, 20],
			"to": [-3.45826, 20.45104, 20.5],
			"rotation": {"angle": 0, "axis": "x", "origin": [-3.90376, 3.25104, 20]},
			"faces": {
				"north": {"uv": [0, 16, 16, 0], "rotation": 90, "texture": "#1", "tintindex": 0},
				"east": {"uv": [0, 16, 16, 0], "rotation": 90, "texture": "#1", "tintindex": 0},
				"south": {"uv": [0, 16, 16, 0], "rotation": 90, "texture": "#1", "tintindex": 0},
				"west": {"uv": [0, 16, 16, 0], "rotation": 90, "texture": "#1", "tintindex": 0},
				"up": {"uv": [16, 0, 0, 16], "rotation": 90, "texture": "#1", "tintindex": 0},
				"down": {"uv": [16, 0, 0, 16], "rotation": 90, "texture": "#1", "tintindex": 0}
			}
		},
		{
			"name": "Cube",
			"from": [19.45826, 2.75104, 12],
			"to": [20.34926, 20.45104, 12.5],
			"rotation": {"angle": 0, "axis": "x", "origin": [19.90376, 3.25104, 12]},
			"faces": {
				"north": {"uv": [0, 16, 16, 0], "rotation": 90, "texture": "#1", "tintindex": 0},
				"east": {"uv": [0, 16, 16, 0], "rotation": 90, "texture": "#1", "tintindex": 0},
				"south": {"uv": [0, 16, 16, 0], "rotation": 90, "texture": "#1", "tintindex": 0},
				"west": {"uv": [0, 16, 16, 0], "rotation": 90, "texture": "#1", "tintindex": 0},
				"up": {"uv": [16, 0, 0, 16], "rotation": 90, "texture": "#1", "tintindex": 0},
				"down": {"uv": [16, 0, 0, 16], "rotation": 90, "texture": "#1", "tintindex": 0}
			}
		},
		{
			"name": "Cube",
			"from": [-4.34926, 2.75104, 12],
			"to": [-3.45826, 20.45104, 12.5],
			"rotation": {"angle": 0, "axis": "x", "origin": [-3.90376, 3.25104, 12]},
			"faces": {
				"north": {"uv": [0, 16, 16, 0], "rotation": 90, "texture": "#1", "tintindex": 0},
				"east": {"uv": [0, 16, 16, 0], "rotation": 90, "texture": "#1", "tintindex": 0},
				"south": {"uv": [0, 16, 16, 0], "rotation": 90, "texture": "#1", "tintindex": 0},
				"west": {"uv": [0, 16, 16, 0], "rotation": 90, "texture": "#1", "tintindex": 0},
				"up": {"uv": [16, 0, 0, 16], "rotation": 90, "texture": "#1", "tintindex": 0},
				"down": {"uv": [16, 0, 0, 16], "rotation": 90, "texture": "#1", "tintindex": 0}
			}
		},
		{
			"name": "Cube",
			"from": [19.45826, 2.75104, 4],
			"to": [20.34926, 20.45104, 4.5],
			"rotation": {"angle": 0, "axis": "x", "origin": [19.90376, 3.25104, 4]},
			"faces": {
				"north": {"uv": [0, 16, 16, 0], "rotation": 90, "texture": "#1", "tintindex": 0},
				"east": {"uv": [0, 16, 16, 0], "rotation": 90, "texture": "#1", "tintindex": 0},
				"south": {"uv": [0, 16, 16, 0], "rotation": 90, "texture": "#1", "tintindex": 0},
				"west": {"uv": [0, 16, 16, 0], "rotation": 90, "texture": "#1", "tintindex": 0},
				"up": {"uv": [16, 0, 0, 16], "rotation": 90, "texture": "#1", "tintindex": 0},
				"down": {"uv": [16, 0, 0, 16], "rotation": 90, "texture": "#1", "tintindex": 0}
			}
		},
		{
			"name": "Cube",
			"from": [-4.34926, 2.75104, 4],
			"to": [-3.45826, 20.45104, 4.5],
			"rotation": {"angle": 0, "axis": "x", "origin": [-3.90376, 3.25104, 4]},
			"faces": {
				"north": {"uv": [0, 16, 16, 0], "rotation": 90, "texture": "#1", "tintindex": 0},
				"east": {"uv": [0, 16, 16, 0], "rotation": 90, "texture": "#1", "tintindex": 0},
				"south": {"uv": [0, 16, 16, 0], "rotation": 90, "texture": "#1", "tintindex": 0},
				"west": {"uv": [0, 16, 16, 0], "rotation": 90, "texture": "#1", "tintindex": 0},
				"up": {"uv": [16, 0, 0, 16], "rotation": 90, "texture": "#1", "tintindex": 0},
				"down": {"uv": [16, 0, 0, 16], "rotation": 90, "texture": "#1", "tintindex": 0}
			}
		},
		{
			"name": "Cube",
			"from": [19.45826, 1.85104, -4],
			"to": [20.67926, 21.25104, -3.5],
			"rotation": {"angle": 0, "axis": "x", "origin": [19.90376, 3.25104, -4]},
			"faces": {
				"north": {"uv": [0, 16, 16, 0], "rotation": 90, "texture": "#1", "tintindex": 0},
				"east": {"uv": [0, 16, 16, 0], "rotation": 90, "texture": "#1", "tintindex": 0},
				"south": {"uv": [0, 16, 16, 0], "rotation": 90, "texture": "#1", "tintindex": 0},
				"west": {"uv": [0, 16, 16, 0], "rotation": 90, "texture": "#1", "tintindex": 0},
				"up": {"uv": [16, 0, 0, 16], "rotation": 90, "texture": "#1", "tintindex": 0},
				"down": {"uv": [16, 0, 0, 16], "rotation": 90, "texture": "#1", "tintindex": 0}
			}
		},
		{
			"name": "Cube",
			"from": [-4.67926, 1.85104, -4],
			"to": [-3.45826, 21.25104, -3.5],
			"rotation": {"angle": 0, "axis": "x", "origin": [-3.90376, 3.25104, -4]},
			"faces": {
				"north": {"uv": [0, 16, 16, 0], "rotation": 90, "texture": "#1", "tintindex": 0},
				"east": {"uv": [0, 16, 16, 0], "rotation": 90, "texture": "#1", "tintindex": 0},
				"south": {"uv": [0, 16, 16, 0], "rotation": 90, "texture": "#1", "tintindex": 0},
				"west": {"uv": [0, 16, 16, 0], "rotation": 90, "texture": "#1", "tintindex": 0},
				"up": {"uv": [16, 0, 0, 16], "rotation": 90, "texture": "#1", "tintindex": 0},
				"down": {"uv": [16, 0, 0, 16], "rotation": 90, "texture": "#1", "tintindex": 0}
			}
		},
		{
			"name": "Cube",
			"from": [19.45826, 2.15104, 24],
			"to": [20.12926, 21.35104, 24.5],
			"rotation": {"angle": 22.5, "axis": "x", "origin": [19.90376, 11.60104, 24.25]},
			"faces": {
				"north": {"uv": [0, 16, 16, 0], "rotation": 90, "texture": "#1", "tintindex": 0},
				"east": {"uv": [0, 16, 16, 0], "rotation": 90, "texture": "#1", "tintindex": 0},
				"south": {"uv": [0, 16, 16, 0], "rotation": 90, "texture": "#1", "tintindex": 0},
				"west": {"uv": [0, 16, 16, 0], "rotation": 90, "texture": "#1", "tintindex": 0},
				"up": {"uv": [16, 0, 0, 16], "rotation": 90, "texture": "#1", "tintindex": 0},
				"down": {"uv": [16, 0, 0, 16], "rotation": 90, "texture": "#1", "tintindex": 0}
			}
		},
		{
			"name": "Cube",
			"from": [-4.12926, 2.15104, 24],
			"to": [-3.45826, 21.35104, 24.5],
			"rotation": {"angle": 22.5, "axis": "x", "origin": [-3.90376, 11.60104, 24.25]},
			"faces": {
				"north": {"uv": [0, 16, 16, 0], "rotation": 90, "texture": "#1", "tintindex": 0},
				"east": {"uv": [0, 16, 16, 0], "rotation": 90, "texture": "#1", "tintindex": 0},
				"south": {"uv": [0, 16, 16, 0], "rotation": 90, "texture": "#1", "tintindex": 0},
				"west": {"uv": [0, 16, 16, 0], "rotation": 90, "texture": "#1", "tintindex": 0},
				"up": {"uv": [16, 0, 0, 16], "rotation": 90, "texture": "#1", "tintindex": 0},
				"down": {"uv": [16, 0, 0, 16], "rotation": 90, "texture": "#1", "tintindex": 0}
			}
		},
		{
			"name": "Cube",
			"from": [19.45826, 2.15104, 16],
			"to": [20.12926, 21.35104, 16.5],
			"rotation": {"angle": -22.5, "axis": "x", "origin": [19.90376, 11.60104, 16.25]},
			"faces": {
				"north": {"uv": [0, 16, 16, 0], "rotation": 90, "texture": "#1", "tintindex": 0},
				"east": {"uv": [0, 16, 16, 0], "rotation": 90, "texture": "#1", "tintindex": 0},
				"south": {"uv": [0, 16, 16, 0], "rotation": 90, "texture": "#1", "tintindex": 0},
				"west": {"uv": [0, 16, 16, 0], "rotation": 90, "texture": "#1", "tintindex": 0},
				"up": {"uv": [16, 0, 0, 16], "rotation": 90, "texture": "#1", "tintindex": 0},
				"down": {"uv": [16, 0, 0, 16], "rotation": 90, "texture": "#1", "tintindex": 0}
			}
		},
		{
			"name": "Cube",
			"from": [-4.12926, 2.15104, 16],
			"to": [-3.45826, 21.35104, 16.5],
			"rotation": {"angle": -22.5, "axis": "x", "origin": [-3.90376, 11.60104, 16.25]},
			"faces": {
				"north": {"uv": [0, 16, 16, 0], "rotation": 90, "texture": "#1", "tintindex": 0},
				"east": {"uv": [0, 16, 16, 0], "rotation": 90, "texture": "#1", "tintindex": 0},
				"south": {"uv": [0, 16, 16, 0], "rotation": 90, "texture": "#1", "tintindex": 0},
				"west": {"uv": [0, 16, 16, 0], "rotation": 90, "texture": "#1", "tintindex": 0},
				"up": {"uv": [16, 0, 0, 16], "rotation": 90, "texture": "#1", "tintindex": 0},
				"down": {"uv": [16, 0, 0, 16], "rotation": 90, "texture": "#1", "tintindex": 0}
			}
		},
		{
			"name": "Cube",
			"from": [19.45826, 2.15104, 8],
			"to": [20.12926, 21.35104, 8.5],
			"rotation": {"angle": -22.5, "axis": "x", "origin": [19.90376, 11.60104, 8.25]},
			"faces": {
				"north": {"uv": [0, 16, 16, 0], "rotation": 90, "texture": "#1", "tintindex": 0},
				"east": {"uv": [0, 16, 16, 0], "rotation": 90, "texture": "#1", "tintindex": 0},
				"south": {"uv": [0, 16, 16, 0], "rotation": 90, "texture": "#1", "tintindex": 0},
				"west": {"uv": [0, 16, 16, 0], "rotation": 90, "texture": "#1", "tintindex": 0},
				"up": {"uv": [16, 0, 0, 16], "rotation": 90, "texture": "#1", "tintindex": 0},
				"down": {"uv": [16, 0, 0, 16], "rotation": 90, "texture": "#1", "tintindex": 0}
			}
		},
		{
			"name": "Cube",
			"from": [-4.12926, 2.15104, 8],
			"to": [-3.45826, 21.35104, 8.5],
			"rotation": {"angle": -22.5, "axis": "x", "origin": [-3.90376, 11.60104, 8.25]},
			"faces": {
				"north": {"uv": [0, 16, 16, 0], "rotation": 90, "texture": "#1", "tintindex": 0},
				"east": {"uv": [0, 16, 16, 0], "rotation": 90, "texture": "#1", "tintindex": 0},
				"south": {"uv": [0, 16, 16, 0], "rotation": 90, "texture": "#1", "tintindex": 0},
				"west": {"uv": [0, 16, 16, 0], "rotation": 90, "texture": "#1", "tintindex": 0},
				"up": {"uv": [16, 0, 0, 16], "rotation": 90, "texture": "#1", "tintindex": 0},
				"down": {"uv": [16, 0, 0, 16], "rotation": 90, "texture": "#1", "tintindex": 0}
			}
		},
		{
			"name": "Cube",
			"from": [19.45826, 2.15104, 0],
			"to": [20.12926, 21.35104, 0.5],
			"rotation": {"angle": -22.5, "axis": "x", "origin": [19.90376, 11.60104, 0.25]},
			"faces": {
				"north": {"uv": [0, 16, 16, 0], "rotation": 90, "texture": "#1", "tintindex": 0},
				"east": {"uv": [0, 16, 16, 0], "rotation": 90, "texture": "#1", "tintindex": 0},
				"south": {"uv": [0, 16, 16, 0], "rotation": 90, "texture": "#1", "tintindex": 0},
				"west": {"uv": [0, 16, 16, 0], "rotation": 90, "texture": "#1", "tintindex": 0},
				"up": {"uv": [16, 0, 0, 16], "rotation": 90, "texture": "#1", "tintindex": 0},
				"down": {"uv": [16, 0, 0, 16], "rotation": 90, "texture": "#1", "tintindex": 0}
			}
		},
		{
			"name": "Cube",
			"from": [-4.12926, 2.15104, 0],
			"to": [-3.45826, 21.35104, 0.5],
			"rotation": {"angle": -22.5, "axis": "x", "origin": [-3.90376, 11.60104, 0.25]},
			"faces": {
				"north": {"uv": [0, 16, 16, 0], "rotation": 90, "texture": "#1", "tintindex": 0},
				"east": {"uv": [0, 16, 16, 0], "rotation": 90, "texture": "#1", "tintindex": 0},
				"south": {"uv": [0, 16, 16, 0], "rotation": 90, "texture": "#1", "tintindex": 0},
				"west": {"uv": [0, 16, 16, 0], "rotation": 90, "texture": "#1", "tintindex": 0},
				"up": {"uv": [16, 0, 0, 16], "rotation": 90, "texture": "#1", "tintindex": 0},
				"down": {"uv": [16, 0, 0, 16], "rotation": 90, "texture": "#1", "tintindex": 0}
			}
		},
		{
			"name": "Cube",
			"from": [19.45826, 2.75104, 28],
			"to": [20.34926, 21.25104, 29],
			"rotation": {"angle": 0, "axis": "x", "origin": [19.90376, 3.25104, 28.5]},
			"faces": {
				"north": {"uv": [0, 16, 16, 0], "rotation": 90, "texture": "#1", "tintindex": 0},
				"east": {"uv": [0, 16, 16, 0], "rotation": 90, "texture": "#1", "tintindex": 0},
				"south": {"uv": [0, 16, 16, 0], "rotation": 90, "texture": "#1", "tintindex": 0},
				"west": {"uv": [0, 16, 16, 0], "rotation": 90, "texture": "#1", "tintindex": 0},
				"up": {"uv": [16, 0, 0, 16], "rotation": 90, "texture": "#1", "tintindex": 0},
				"down": {"uv": [16, 0, 0, 16], "rotation": 90, "texture": "#1", "tintindex": 0}
			}
		},
		{
			"name": "Cube",
			"from": [-4.34926, 2.75104, 28],
			"to": [-3.45826, 21.25104, 29],
			"rotation": {"angle": 0, "axis": "x", "origin": [-3.90376, 3.25104, 28.5]},
			"faces": {
				"north": {"uv": [0, 16, 16, 0], "rotation": 90, "texture": "#1", "tintindex": 0},
				"east": {"uv": [0, 16, 16, 0], "rotation": 90, "texture": "#1", "tintindex": 0},
				"south": {"uv": [0, 16, 16, 0], "rotation": 90, "texture": "#1", "tintindex": 0},
				"west": {"uv": [0, 16, 16, 0], "rotation": 90, "texture": "#1", "tintindex": 0},
				"up": {"uv": [16, 0, 0, 16], "rotation": 90, "texture": "#1", "tintindex": 0},
				"down": {"uv": [16, 0, 0, 16], "rotation": 90, "texture": "#1", "tintindex": 0}
			}
		},
		{
			"name": "Cube",
			"from": [-3.46376, 3.15104, 28.5],
			"to": [-3.01826, 20.65104, 29],
			"rotation": {"angle": 0, "axis": "x", "origin": [-3.46376, 3.65104, 28.5]},
			"faces": {
				"north": {"uv": [1, 1, 15, 15], "rotation": 90, "texture": "#0"},
				"east": {"uv": [1, 1, 15, 15], "rotation": 90, "texture": "#0"},
				"south": {"uv": [1, 1, 15, 15], "rotation": 90, "texture": "#0"},
				"west": {"uv": [1, 1, 15, 15], "rotation": 90, "texture": "#0"},
				"up": {"uv": [15, 15, 1, 1], "rotation": 90, "texture": "#0"},
				"down": {"uv": [15, 15, 1, 1], "rotation": 90, "texture": "#0"}
			}
		},
		{
			"name": "Cube",
			"from": [0.9347, 3.15104, 28.5],
			"to": [1.3802, 20.65104, 29],
			"rotation": {"angle": 0, "axis": "x", "origin": [0.9347, 3.65104, 28.5]},
			"faces": {
				"north": {"uv": [1, 1, 15, 15], "rotation": 90, "texture": "#0"},
				"east": {"uv": [1, 1, 15, 15], "rotation": 90, "texture": "#0"},
				"south": {"uv": [1, 1, 15, 15], "rotation": 90, "texture": "#0"},
				"west": {"uv": [1, 1, 15, 15], "rotation": 90, "texture": "#0"},
				"up": {"uv": [15, 15, 1, 1], "rotation": 90, "texture": "#0"},
				"down": {"uv": [15, 15, 1, 1], "rotation": 90, "texture": "#0"}
			}
		},
		{
			"name": "Cube",
			"from": [-3.0539, 13.65104, 28.5],
			"to": [0.9556, 14.15104, 29],
			"rotation": {"angle": 0, "axis": "x", "origin": [0.421, 14.15104, 28.5]},
			"faces": {
				"north": {"uv": [1, 1, 15, 15], "rotation": 90, "texture": "#0"},
				"east": {"uv": [1, 1, 15, 15], "rotation": 90, "texture": "#0"},
				"south": {"uv": [1, 1, 15, 15], "rotation": 90, "texture": "#0"},
				"west": {"uv": [1, 1, 15, 15], "rotation": 90, "texture": "#0"},
				"up": {"uv": [15, 15, 1, 1], "rotation": 90, "texture": "#0"},
				"down": {"uv": [15, 15, 1, 1], "rotation": 90, "texture": "#0"}
			}
		},
		{
			"name": "Cube",
			"from": [-3.0539, 15.65104, 28.5],
			"to": [0.9556, 16.15104, 29],
			"rotation": {"angle": 0, "axis": "x", "origin": [0.421, 16.15104, 28.5]},
			"faces": {
				"north": {"uv": [1, 1, 15, 15], "rotation": 90, "texture": "#0"},
				"east": {"uv": [1, 1, 15, 15], "rotation": 90, "texture": "#0"},
				"south": {"uv": [1, 1, 15, 15], "rotation": 90, "texture": "#0"},
				"west": {"uv": [1, 1, 15, 15], "rotation": 90, "texture": "#0"},
				"up": {"uv": [15, 15, 1, 1], "rotation": 90, "texture": "#0"},
				"down": {"uv": [15, 15, 1, 1], "rotation": 90, "texture": "#0"}
			}
		},
		{
			"name": "Cube",
			"from": [-3.0539, 17.65104, 28.5],
			"to": [0.9556, 18.15104, 29],
			"rotation": {"angle": 0, "axis": "x", "origin": [0.421, 18.15104, 28.5]},
			"faces": {
				"north": {"uv": [1, 1, 15, 15], "rotation": 90, "texture": "#0"},
				"east": {"uv": [1, 1, 15, 15], "rotation": 90, "texture": "#0"},
				"south": {"uv": [1, 1, 15, 15], "rotation": 90, "texture": "#0"},
				"west": {"uv": [1, 1, 15, 15], "rotation": 90, "texture": "#0"},
				"up": {"uv": [15, 15, 1, 1], "rotation": 90, "texture": "#0"},
				"down": {"uv": [15, 15, 1, 1], "rotation": 90, "texture": "#0"}
			}
		},
		{
			"name": "Cube",
			"from": [-3.0539, 19.65104, 28.5],
			"to": [0.9556, 20.15104, 29],
			"rotation": {"angle": 0, "axis": "x", "origin": [0.421, 20.15104, 28.5]},
			"faces": {
				"north": {"uv": [1, 1, 15, 15], "rotation": 90, "texture": "#0"},
				"east": {"uv": [1, 1, 15, 15], "rotation": 90, "texture": "#0"},
				"south": {"uv": [1, 1, 15, 15], "rotation": 90, "texture": "#0"},
				"west": {"uv": [1, 1, 15, 15], "rotation": 90, "texture": "#0"},
				"up": {"uv": [15, 15, 1, 1], "rotation": 90, "texture": "#0"},
				"down": {"uv": [15, 15, 1, 1], "rotation": 90, "texture": "#0"}
			}
		},
		{
			"name": "Cube",
			"from": [-3.0539, 11.65104, 28.5],
			"to": [0.9556, 12.15104, 29],
			"rotation": {"angle": 0, "axis": "x", "origin": [0.421, 12.15104, 28.5]},
			"faces": {
				"north": {"uv": [1, 1, 15, 15], "rotation": 90, "texture": "#0"},
				"east": {"uv": [1, 1, 15, 15], "rotation": 90, "texture": "#0"},
				"south": {"uv": [1, 1, 15, 15], "rotation": 90, "texture": "#0"},
				"west": {"uv": [1, 1, 15, 15], "rotation": 90, "texture": "#0"},
				"up": {"uv": [15, 15, 1, 1], "rotation": 90, "texture": "#0"},
				"down": {"uv": [15, 15, 1, 1], "rotation": 90, "texture": "#0"}
			}
		},
		{
			"name": "Cube",
			"from": [-3.0539, 9.65104, 28.5],
			"to": [0.9556, 10.15104, 29],
			"rotation": {"angle": 0, "axis": "x", "origin": [0.421, 10.15104, 28.5]},
			"faces": {
				"north": {"uv": [1, 1, 15, 15], "rotation": 90, "texture": "#0"},
				"east": {"uv": [1, 1, 15, 15], "rotation": 90, "texture": "#0"},
				"south": {"uv": [1, 1, 15, 15], "rotation": 90, "texture": "#0"},
				"west": {"uv": [1, 1, 15, 15], "rotation": 90, "texture": "#0"},
				"up": {"uv": [15, 15, 1, 1], "rotation": 90, "texture": "#0"},
				"down": {"uv": [15, 15, 1, 1], "rotation": 90, "texture": "#0"}
			}
		},
		{
			"name": "Cube",
			"from": [-3.0539, 7.65104, 28.5],
			"to": [0.9556, 8.15104, 29],
			"rotation": {"angle": 0, "axis": "x", "origin": [0.421, 8.15104, 28.5]},
			"faces": {
				"north": {"uv": [1, 1, 15, 15], "rotation": 90, "texture": "#0"},
				"east": {"uv": [1, 1, 15, 15], "rotation": 90, "texture": "#0"},
				"south": {"uv": [1, 1, 15, 15], "rotation": 90, "texture": "#0"},
				"west": {"uv": [1, 1, 15, 15], "rotation": 90, "texture": "#0"},
				"up": {"uv": [15, 15, 1, 1], "rotation": 90, "texture": "#0"},
				"down": {"uv": [15, 15, 1, 1], "rotation": 90, "texture": "#0"}
			}
		},
		{
			"name": "Cube",
			"from": [-3.0539, 5.65104, 28.5],
			"to": [0.9556, 6.15104, 29],
			"rotation": {"angle": 0, "axis": "x", "origin": [0.421, 6.15104, 28.5]},
			"faces": {
				"north": {"uv": [1, 1, 15, 15], "rotation": 90, "texture": "#0"},
				"east": {"uv": [1, 1, 15, 15], "rotation": 90, "texture": "#0"},
				"south": {"uv": [1, 1, 15, 15], "rotation": 90, "texture": "#0"},
				"west": {"uv": [1, 1, 15, 15], "rotation": 90, "texture": "#0"},
				"up": {"uv": [15, 15, 1, 1], "rotation": 90, "texture": "#0"},
				"down": {"uv": [15, 15, 1, 1], "rotation": 90, "texture": "#0"}
			}
		},
		{
			"name": "Cube",
			"from": [-3.0539, 3.65104, 28.5],
			"to": [0.9556, 4.15104, 29],
			"rotation": {"angle": 0, "axis": "x", "origin": [0.421, 4.15104, 28.5]},
			"faces": {
				"north": {"uv": [1, 1, 15, 15], "rotation": 90, "texture": "#0"},
				"east": {"uv": [1, 1, 15, 15], "rotation": 90, "texture": "#0"},
				"south": {"uv": [1, 1, 15, 15], "rotation": 90, "texture": "#0"},
				"west": {"uv": [1, 1, 15, 15], "rotation": 90, "texture": "#0"},
				"up": {"uv": [15, 15, 1, 1], "rotation": 90, "texture": "#0"},
				"down": {"uv": [15, 15, 1, 1], "rotation": 90, "texture": "#0"}
			}
		},
		{
			"name": "Cube",
			"from": [10.8985, 2.75104, 28],
			"to": [11.2395, 20.55104, 28.7],
			"rotation": {"angle": 0, "axis": "x", "origin": [10.794, 3.25104, 28.5]},
			"faces": {
				"north": {"uv": [0, 16, 16, 0], "rotation": 90, "texture": "#1", "tintindex": 0},
				"east": {"uv": [0, 16, 16, 0], "rotation": 90, "texture": "#1", "tintindex": 0},
				"south": {"uv": [0, 16, 16, 0], "rotation": 90, "texture": "#1", "tintindex": 0},
				"west": {"uv": [0, 16, 16, 0], "rotation": 90, "texture": "#1", "tintindex": 0},
				"up": {"uv": [16, 0, 0, 16], "rotation": 90, "texture": "#1", "tintindex": 0},
				"down": {"uv": [16, 0, 0, 16], "rotation": 90, "texture": "#1", "tintindex": 0}
			}
		},
		{
			"name": "Cube",
			"from": [4.7605, 2.75104, 28],
			"to": [5.1015, 20.55104, 28.7],
			"rotation": {"angle": 0, "axis": "x", "origin": [5.206, 3.25104, 28.5]},
			"faces": {
				"north": {"uv": [0, 16, 16, 0], "rotation": 90, "texture": "#1", "tintindex": 0},
				"east": {"uv": [0, 16, 16, 0], "rotation": 90, "texture": "#1", "tintindex": 0},
				"south": {"uv": [0, 16, 16, 0], "rotation": 90, "texture": "#1", "tintindex": 0},
				"west": {"uv": [0, 16, 16, 0], "rotation": 90, "texture": "#1", "tintindex": 0},
				"up": {"uv": [16, 0, 0, 16], "rotation": 90, "texture": "#1", "tintindex": 0},
				"down": {"uv": [16, 0, 0, 16], "rotation": 90, "texture": "#1", "tintindex": 0}
			}
		},
		{
			"name": "Cube",
			"from": [15.1885, 2.05104, 28],
			"to": [15.5295, 21.45104, 28.7],
			"rotation": {"angle": 22.5, "axis": "z", "origin": [15.359, 11.65104, 28.35]},
			"faces": {
				"north": {"uv": [0, 16, 16, 0], "rotation": 90, "texture": "#1", "tintindex": 0},
				"east": {"uv": [0, 16, 16, 0], "rotation": 90, "texture": "#1", "tintindex": 0},
				"south": {"uv": [0, 16, 16, 0], "rotation": 90, "texture": "#1", "tintindex": 0},
				"west": {"uv": [0, 16, 16, 0], "rotation": 90, "texture": "#1", "tintindex": 0},
				"up": {"uv": [16, 0, 0, 16], "rotation": 90, "texture": "#1", "tintindex": 0},
				"down": {"uv": [16, 0, 0, 16], "rotation": 90, "texture": "#1", "tintindex": 0}
			}
		},
		{
			"name": "Cube",
			"from": [0.4705, 2.05104, 28],
			"to": [0.8115, 21.45104, 28.7],
			"rotation": {"angle": -22.5, "axis": "z", "origin": [0.641, 11.65104, 28.35]},
			"faces": {
				"north": {"uv": [0, 16, 16, 0], "rotation": 90, "texture": "#1", "tintindex": 0},
				"east": {"uv": [0, 16, 16, 0], "rotation": 90, "texture": "#1", "tintindex": 0},
				"south": {"uv": [0, 16, 16, 0], "rotation": 90, "texture": "#1", "tintindex": 0},
				"west": {"uv": [0, 16, 16, 0], "rotation": 90, "texture": "#1", "tintindex": 0},
				"up": {"uv": [16, 0, 0, 16], "rotation": 90, "texture": "#1", "tintindex": 0},
				"down": {"uv": [16, 0, 0, 16], "rotation": 90, "texture": "#1", "tintindex": 0}
			}
		},
		{
			"name": "Cube",
			"from": [-3.4169, 20.35104, 28],
			"to": [19.4169, 21.25104, 28.9],
			"rotation": {"angle": 0, "axis": "x", "origin": [10.7786, 21.05104, 28.5]},
			"faces": {
				"north": {"uv": [0, 16, 16, 0], "rotation": 90, "texture": "#1", "tintindex": 0},
				"east": {"uv": [0, 16, 16, 0], "rotation": 90, "texture": "#1", "tintindex": 0},
				"south": {"uv": [0, 16, 16, 0], "rotation": 90, "texture": "#1", "tintindex": 0},
				"west": {"uv": [0, 16, 16, 0], "rotation": 90, "texture": "#1", "tintindex": 0},
				"up": {"uv": [16, 0, 0, 16], "rotation": 90, "texture": "#1", "tintindex": 0},
				"down": {"uv": [16, 0, 0, 16], "rotation": 90, "texture": "#1", "tintindex": 0}
			}
		},
		{
			"name": "Cube",
			"from": [19.28006, -2.24896, 0],
			"to": [20.17106, 1.75104, 1],
			"rotation": {"angle": 0, "axis": "x", "origin": [19.72556, -0.74896, 0.5]},
			"faces": {
				"north": {"uv": [16, 0, 0, 16], "rotation": 180, "texture": "#1", "tintindex": 0},
				"east": {"uv": [16, 0, 0, 16], "rotation": 180, "texture": "#1", "tintindex": 0},
				"south": {"uv": [16, 0, 0, 16], "rotation": 180, "texture": "#1", "tintindex": 0},
				"west": {"uv": [16, 0, 0, 16], "rotation": 180, "texture": "#1", "tintindex": 0},
				"up": {"uv": [0, 16, 16, 0], "rotation": 180, "texture": "#1", "tintindex": 0},
				"down": {"uv": [0, 16, 16, 0], "rotation": 180, "texture": "#1", "tintindex": 0}
			}
		},
		{
			"name": "Cube",
			"from": [-4.17106, -2.24896, 0],
			"to": [-3.28006, 1.75104, 1],
			"rotation": {"angle": 0, "axis": "x", "origin": [-3.72556, -0.74896, 0.5]},
			"faces": {
				"north": {"uv": [16, 0, 0, 16], "rotation": 180, "texture": "#1", "tintindex": 0},
				"east": {"uv": [16, 0, 0, 16], "rotation": 180, "texture": "#1", "tintindex": 0},
				"south": {"uv": [16, 0, 0, 16], "rotation": 180, "texture": "#1", "tintindex": 0},
				"west": {"uv": [16, 0, 0, 16], "rotation": 180, "texture": "#1", "tintindex": 0},
				"up": {"uv": [0, 16, 16, 0], "rotation": 180, "texture": "#1", "tintindex": 0},
				"down": {"uv": [0, 16, 16, 0], "rotation": 180, "texture": "#1", "tintindex": 0}
			}
		},
		{
			"name": "Cube",
			"from": [19.28006, -2.24896, -7],
			"to": [20.17106, 1.75104, -6],
			"rotation": {"angle": 0, "axis": "x", "origin": [19.72556, -0.74896, -6.5]},
			"faces": {
				"north": {"uv": [16, 0, 0, 16], "rotation": 180, "texture": "#1", "tintindex": 0},
				"east": {"uv": [16, 0, 0, 16], "rotation": 180, "texture": "#1", "tintindex": 0},
				"south": {"uv": [16, 0, 0, 16], "rotation": 180, "texture": "#1", "tintindex": 0},
				"west": {"uv": [16, 0, 0, 16], "rotation": 180, "texture": "#1", "tintindex": 0},
				"up": {"uv": [0, 16, 16, 0], "rotation": 180, "texture": "#1", "tintindex": 0},
				"down": {"uv": [0, 16, 16, 0], "rotation": 180, "texture": "#1", "tintindex": 0}
			}
		},
		{
			"name": "Cube",
			"from": [-4.17106, -2.24896, -7],
			"to": [-3.28006, 1.75104, -6],
			"rotation": {"angle": 0, "axis": "x", "origin": [-3.72556, -0.74896, -6.5]},
			"faces": {
				"north": {"uv": [16, 0, 0, 16], "rotation": 180, "texture": "#1", "tintindex": 0},
				"east": {"uv": [16, 0, 0, 16], "rotation": 180, "texture": "#1", "tintindex": 0},
				"south": {"uv": [16, 0, 0, 16], "rotation": 180, "texture": "#1", "tintindex": 0},
				"west": {"uv": [16, 0, 0, 16], "rotation": 180, "texture": "#1", "tintindex": 0},
				"up": {"uv": [0, 16, 16, 0], "rotation": 180, "texture": "#1", "tintindex": 0},
				"down": {"uv": [0, 16, 16, 0], "rotation": 180, "texture": "#1", "tintindex": 0}
			}
		},
		{
			"name": "Cube",
			"from": [-3.31987, -0.76256, 28],
			"to": [19.31987, 1.75104, 29.7],
			"rotation": {"angle": 0, "axis": "y", "origin": [5.69053, 6.4512, 5.2]},
			"faces": {
				"north": {"uv": [15, 1, 1, 15], "texture": "#0"},
				"east": {"uv": [15, 1, 1, 15], "texture": "#0"},
				"south": {"uv": [15, 1, 1, 15], "texture": "#0"},
				"west": {"uv": [15, 1, 1, 15], "texture": "#0"},
				"up": {"uv": [1, 15, 15, 1], "texture": "#0"},
				"down": {"uv": [1, 15, 15, 1], "texture": "#0"}
			}
		},
		{
			"name": "Cube",
			"from": [2.18013, -0.76256, -12],
			"to": [13.81987, 1.75104, 28.4],
			"rotation": {"angle": 0, "axis": "y", "origin": [5.69053, 6.4512, 5.2]},
			"faces": {
				"north": {"uv": [15, 1, 1, 15], "texture": "#0"},
				"east": {"uv": [15, 1, 1, 15], "texture": "#0"},
				"south": {"uv": [15, 1, 1, 15], "texture": "#0"},
				"west": {"uv": [15, 1, 1, 15], "texture": "#0"},
				"up": {"uv": [1, 15, 15, 1], "texture": "#0"},
				"down": {"uv": [1, 15, 15, 1], "texture": "#0"}
			}
		},
		{
			"name": "Cube",
			"from": [19.89013, 3.93744, -6],
			"to": [20.63987, 7.65104, -5.6],
			"rotation": {"angle": 0, "axis": "y", "origin": [12.18053, 11.8512, 11.2]},
			"faces": {
				"north": {"uv": [15, 1, 1, 15], "texture": "#0"},
				"east": {"uv": [15, 1, 1, 15], "texture": "#0"},
				"south": {"uv": [15, 1, 1, 15], "texture": "#0"},
				"west": {"uv": [15, 1, 1, 15], "texture": "#0"},
				"up": {"uv": [1, 15, 15, 1], "texture": "#0"},
				"down": {"uv": [1, 15, 15, 1], "texture": "#0"}
			}
		},
		{
			"name": "Cube",
			"from": [-4.63987, 3.93744, -6],
			"to": [-3.89013, 7.65104, -5.6],
			"rotation": {"angle": 0, "axis": "y", "origin": [3.81947, 11.8512, 11.2]},
			"faces": {
				"north": {"uv": [1, 1, 15, 15], "texture": "#0"},
				"east": {"uv": [1, 1, 15, 15], "texture": "#0"},
				"south": {"uv": [1, 1, 15, 15], "texture": "#0"},
				"west": {"uv": [1, 1, 15, 15], "texture": "#0"},
				"up": {"uv": [15, 15, 1, 1], "texture": "#0"},
				"down": {"uv": [15, 15, 1, 1], "texture": "#0"}
			}
		},
		{
			"name": "Base",
			"from": [-3.88, 6.8512, 25.6],
			"to": [-3.77, 7.0512, 26.88],
			"rotation": {"angle": 0, "axis": "y", "origin": [8.12813, 12.6912, -0.8]},
			"faces": {
				"north": {"uv": [0, 0, 16, 16], "texture": "#2"},
				"east": {"uv": [0, 0, 16, 16], "texture": "#2"},
				"south": {"uv": [0, 0, 16, 16], "texture": "#2"},
				"west": {"uv": [0, 0, 16, 16], "texture": "#2"},
				"up": {"uv": [16, 16, 0, 0], "texture": "#2"},
				"down": {"uv": [16, 16, 0, 0], "texture": "#2"}
			}
		},
		{
			"name": "Base",
			"from": [20.43, 4.8512, -8.4],
			"to": [20.54, 5.0512, -7.12],
			"rotation": {"angle": 0, "axis": "y", "origin": [8.53187, 10.6912, -34.8]},
			"faces": {
				"north": {"uv": [16, 0, 0, 16], "texture": "#2"},
				"east": {"uv": [16, 0, 0, 16], "texture": "#2"},
				"south": {"uv": [16, 0, 0, 16], "texture": "#2"},
				"west": {"uv": [16, 0, 0, 16], "texture": "#2"},
				"up": {"uv": [0, 16, 16, 0], "texture": "#2"},
				"down": {"uv": [0, 16, 16, 0], "texture": "#2"}
			}
		},
		{
			"name": "Base",
			"from": [-3.88, 7.3512, 26.2],
			"to": [-3.77, 7.5512, 26.88],
			"rotation": {"angle": 0, "axis": "y", "origin": [8.12813, 13.1912, -0.8]},
			"faces": {
				"north": {"uv": [0, 0, 16, 16], "texture": "#2"},
				"east": {"uv": [0, 0, 16, 16], "texture": "#2"},
				"south": {"uv": [0, 0, 16, 16], "texture": "#2"},
				"west": {"uv": [0, 0, 16, 16], "texture": "#2"},
				"up": {"uv": [16, 16, 0, 0], "texture": "#2"},
				"down": {"uv": [16, 16, 0, 0], "texture": "#2"}
			}
		},
		{
			"name": "Base",
			"from": [20.43, 5.3512, -7.8],
			"to": [20.54, 5.5512, -7.12],
			"rotation": {"angle": 0, "axis": "y", "origin": [8.53187, 11.1912, -34.8]},
			"faces": {
				"north": {"uv": [16, 0, 0, 16], "texture": "#2"},
				"east": {"uv": [16, 0, 0, 16], "texture": "#2"},
				"south": {"uv": [16, 0, 0, 16], "texture": "#2"},
				"west": {"uv": [16, 0, 0, 16], "texture": "#2"},
				"up": {"uv": [0, 16, 16, 0], "texture": "#2"},
				"down": {"uv": [0, 16, 16, 0], "texture": "#2"}
			}
		},
		{
			"name": "Base",
			"from": [19.77, 3.5512, 16.4],
			"to": [19.88, 3.7512, 16.68],
			"rotation": {"angle": 0, "axis": "y", "origin": [7.87187, 9.3912, -8.8]},
			"faces": {
				"north": {"uv": [16, 0, 0, 16], "texture": "#2"},
				"east": {"uv": [16, 0, 0, 16], "texture": "#2"},
				"south": {"uv": [16, 0, 0, 16], "texture": "#2"},
				"west": {"uv": [16, 0, 0, 16], "texture": "#2"},
				"up": {"uv": [0, 16, 16, 0], "texture": "#2"},
				"down": {"uv": [0, 16, 16, 0], "texture": "#2"}
			}
		},
		{
			"name": "Base",
			"from": [-3.88, 5.5512, 23.4],
			"to": [-3.77, 5.7512, 23.68],
			"rotation": {"angle": 0, "axis": "y", "origin": [8.12813, 11.3912, -1.8]},
			"faces": {
				"north": {"uv": [0, 0, 16, 16], "texture": "#2"},
				"east": {"uv": [0, 0, 16, 16], "texture": "#2"},
				"south": {"uv": [0, 0, 16, 16], "texture": "#2"},
				"west": {"uv": [0, 0, 16, 16], "texture": "#2"},
				"up": {"uv": [16, 16, 0, 0], "texture": "#2"},
				"down": {"uv": [16, 16, 0, 0], "texture": "#2"}
			}
		},
		{
			"name": "Base",
			"from": [-3.88, 5.9512, 23.4],
			"to": [-3.77, 6.1512, 23.68],
			"rotation": {"angle": 0, "axis": "y", "origin": [8.12813, 11.7912, -1.8]},
			"faces": {
				"north": {"uv": [0, 0, 16, 16], "texture": "#2"},
				"east": {"uv": [0, 0, 16, 16], "texture": "#2"},
				"south": {"uv": [0, 0, 16, 16], "texture": "#2"},
				"west": {"uv": [0, 0, 16, 16], "texture": "#2"},
				"up": {"uv": [16, 16, 0, 0], "texture": "#2"},
				"down": {"uv": [16, 16, 0, 0], "texture": "#2"}
			}
		},
		{
			"name": "Base",
			"from": [-3.88, 6.3512, 23.4],
			"to": [-3.77, 6.5512, 23.68],
			"rotation": {"angle": 0, "axis": "y", "origin": [8.12813, 12.1912, -1.8]},
			"faces": {
				"north": {"uv": [0, 0, 16, 16], "texture": "#2"},
				"east": {"uv": [0, 0, 16, 16], "texture": "#2"},
				"south": {"uv": [0, 0, 16, 16], "texture": "#2"},
				"west": {"uv": [0, 0, 16, 16], "texture": "#2"},
				"up": {"uv": [16, 16, 0, 0], "texture": "#2"},
				"down": {"uv": [16, 16, 0, 0], "texture": "#2"}
			}
		},
		{
			"name": "Base",
			"from": [19.77, 3.5512, 13],
			"to": [19.88, 3.7512, 15.88],
			"rotation": {"angle": 0, "axis": "y", "origin": [7.87187, 9.3912, -12.2]},
			"faces": {
				"north": {"uv": [16, 0, 0, 16], "texture": "#2"},
				"east": {"uv": [16, 0, 0, 16], "texture": "#2"},
				"south": {"uv": [16, 0, 0, 16], "texture": "#2"},
				"west": {"uv": [16, 0, 0, 16], "texture": "#2"},
				"up": {"uv": [0, 16, 16, 0], "texture": "#2"},
				"down": {"uv": [0, 16, 16, 0], "texture": "#2"}
			}
		},
		{
			"name": "Base",
			"from": [-3.88, 5.5512, 24],
			"to": [-3.77, 5.7512, 26.88],
			"rotation": {"angle": 0, "axis": "y", "origin": [8.12813, 11.3912, -1.2]},
			"faces": {
				"north": {"uv": [0, 0, 16, 16], "texture": "#2"},
				"east": {"uv": [0, 0, 16, 16], "texture": "#2"},
				"south": {"uv": [0, 0, 16, 16], "texture": "#2"},
				"west": {"uv": [0, 0, 16, 16], "texture": "#2"},
				"up": {"uv": [16, 16, 0, 0], "texture": "#2"},
				"down": {"uv": [16, 16, 0, 0], "texture": "#2"}
			}
		},
		{
			"name": "Base",
			"from": [-3.88, 5.9512, 24],
			"to": [-3.77, 6.1512, 26.88],
			"rotation": {"angle": 0, "axis": "y", "origin": [8.12813, 11.7912, -1.2]},
			"faces": {
				"north": {"uv": [0, 0, 16, 16], "texture": "#2"},
				"east": {"uv": [0, 0, 16, 16], "texture": "#2"},
				"south": {"uv": [0, 0, 16, 16], "texture": "#2"},
				"west": {"uv": [0, 0, 16, 16], "texture": "#2"},
				"up": {"uv": [16, 16, 0, 0], "texture": "#2"},
				"down": {"uv": [16, 16, 0, 0], "texture": "#2"}
			}
		},
		{
			"name": "Base",
			"from": [-3.88, 6.3512, 24],
			"to": [-3.77, 6.5512, 26.88],
			"rotation": {"angle": 0, "axis": "y", "origin": [8.12813, 12.1912, -1.2]},
			"faces": {
				"north": {"uv": [0, 0, 16, 16], "texture": "#2"},
				"east": {"uv": [0, 0, 16, 16], "texture": "#2"},
				"south": {"uv": [0, 0, 16, 16], "texture": "#2"},
				"west": {"uv": [0, 0, 16, 16], "texture": "#2"},
				"up": {"uv": [16, 16, 0, 0], "texture": "#2"},
				"down": {"uv": [16, 16, 0, 0], "texture": "#2"}
			}
		},
		{
			"name": "Base",
			"from": [-3.88, 6.8512, 23.4],
			"to": [-3.77, 7.0512, 25.28],
			"rotation": {"angle": 0, "axis": "y", "origin": [8.12813, 12.6912, -1.8]},
			"faces": {
				"north": {"uv": [0, 0, 16, 16], "texture": "#2"},
				"east": {"uv": [0, 0, 16, 16], "texture": "#2"},
				"south": {"uv": [0, 0, 16, 16], "texture": "#2"},
				"west": {"uv": [0, 0, 16, 16], "texture": "#2"},
				"up": {"uv": [16, 16, 0, 0], "texture": "#2"},
				"down": {"uv": [16, 16, 0, 0], "texture": "#2"}
			}
		},
		{
			"name": "Base",
			"from": [20.43, 4.8512, -10.6],
			"to": [20.54, 5.0512, -8.72],
			"rotation": {"angle": 0, "axis": "y", "origin": [8.53187, 10.6912, -35.8]},
			"faces": {
				"north": {"uv": [16, 0, 0, 16], "texture": "#2"},
				"east": {"uv": [16, 0, 0, 16], "texture": "#2"},
				"south": {"uv": [16, 0, 0, 16], "texture": "#2"},
				"west": {"uv": [16, 0, 0, 16], "texture": "#2"},
				"up": {"uv": [0, 16, 16, 0], "texture": "#2"},
				"down": {"uv": [0, 16, 16, 0], "texture": "#2"}
			}
		},
		{
			"name": "Base",
			"from": [-3.88, 7.3512, 23.4],
			"to": [-3.77, 7.5512, 25.88],
			"rotation": {"angle": 0, "axis": "y", "origin": [8.12813, 13.1912, -1.8]},
			"faces": {
				"north": {"uv": [0, 0, 16, 16], "texture": "#2"},
				"east": {"uv": [0, 0, 16, 16], "texture": "#2"},
				"south": {"uv": [0, 0, 16, 16], "texture": "#2"},
				"west": {"uv": [0, 0, 16, 16], "texture": "#2"},
				"up": {"uv": [16, 16, 0, 0], "texture": "#2"},
				"down": {"uv": [16, 16, 0, 0], "texture": "#2"}
			}
		},
		{
			"name": "Base",
			"from": [20.43, 5.3512, -10.6],
			"to": [20.54, 5.5512, -8.12],
			"rotation": {"angle": 0, "axis": "y", "origin": [8.53187, 11.1912, -35.8]},
			"faces": {
				"north": {"uv": [16, 0, 0, 16], "texture": "#2"},
				"east": {"uv": [16, 0, 0, 16], "texture": "#2"},
				"south": {"uv": [16, 0, 0, 16], "texture": "#2"},
				"west": {"uv": [16, 0, 0, 16], "texture": "#2"},
				"up": {"uv": [0, 16, 16, 0], "texture": "#2"},
				"down": {"uv": [0, 16, 16, 0], "texture": "#2"}
			}
		},
		{
			"name": "Base",
			"from": [-3.88, 7.8512, 23.4],
			"to": [-3.77, 8.0512, 26.88],
			"rotation": {"angle": 0, "axis": "y", "origin": [8.12813, 13.6912, -1.8]},
			"faces": {
				"north": {"uv": [0, 0, 16, 16], "texture": "#2"},
				"east": {"uv": [0, 0, 16, 16], "texture": "#2"},
				"south": {"uv": [0, 0, 16, 16], "texture": "#2"},
				"west": {"uv": [0, 0, 16, 16], "texture": "#2"},
				"up": {"uv": [16, 16, 0, 0], "texture": "#2"},
				"down": {"uv": [16, 16, 0, 0], "texture": "#2"}
			}
		},
		{
			"name": "Base",
			"from": [20.43, 5.8512, -10.6],
			"to": [20.54, 6.0512, -7.12],
			"rotation": {"angle": 0, "axis": "y", "origin": [8.53187, 11.6912, -35.8]},
			"faces": {
				"north": {"uv": [16, 0, 0, 16], "texture": "#2"},
				"east": {"uv": [16, 0, 0, 16], "texture": "#2"},
				"south": {"uv": [16, 0, 0, 16], "texture": "#2"},
				"west": {"uv": [16, 0, 0, 16], "texture": "#2"},
				"up": {"uv": [0, 16, 16, 0], "texture": "#2"},
				"down": {"uv": [0, 16, 16, 0], "texture": "#2"}
			}
		},
		{
			"name": "Base",
			"from": [9.3248, -1.3488, 30.6],
			"to": [10.9952, 1.8048, 32],
			"rotation": {"angle": 0, "axis": "y", "origin": [-2.47168, 6.2912, 3.2]},
			"faces": {
				"north": {"uv": [16, 0, 0, 16], "texture": "#0"},
				"east": {"uv": [16, 0, 0, 16], "texture": "#0"},
				"south": {"uv": [16, 0, 0, 16], "texture": "#0"},
				"west": {"uv": [16, 0, 0, 16], "texture": "#0"},
				"up": {"uv": [0, 16, 16, 0], "texture": "#0"},
				"down": {"uv": [0, 16, 16, 0], "texture": "#0"}
			}
		},
		{
			"name": "Base",
			"from": [5.0048, -1.3488, 30.6],
			"to": [6.6752, 1.8048, 32],
			"rotation": {"angle": 0, "axis": "y", "origin": [-6.79168, 6.2912, 3.2]},
			"faces": {
				"north": {"uv": [16, 0, 0, 16], "texture": "#0"},
				"east": {"uv": [16, 0, 0, 16], "texture": "#0"},
				"south": {"uv": [16, 0, 0, 16], "texture": "#0"},
				"west": {"uv": [16, 0, 0, 16], "texture": "#0"},
				"up": {"uv": [0, 16, 16, 0], "texture": "#0"},
				"down": {"uv": [0, 16, 16, 0], "texture": "#0"}
			}
		},
		{
			"name": "Base",
			"from": [6.4448, -1.3488, 28.6],
			"to": [9.5552, 1.8048, 31.6],
			"rotation": {"angle": 0, "axis": "y", "origin": [-3.91168, 6.2912, 3.2]},
			"faces": {
				"north": {"uv": [16, 0, 0, 16], "texture": "#0"},
				"east": {"uv": [16, 0, 0, 16], "texture": "#0"},
				"south": {"uv": [16, 0, 0, 16], "texture": "#0"},
				"west": {"uv": [16, 0, 0, 16], "texture": "#0"},
				"up": {"uv": [0, 16, 16, 0], "texture": "#0"},
				"down": {"uv": [0, 16, 16, 0], "texture": "#0"}
			}
		},
		{
			"name": "Base",
			"from": [15, 0.0512, 29.6],
			"to": [17, 2.0512, 31.88],
			"rotation": {"angle": 0, "axis": "y", "origin": [6.08352, 7.6912, 3.2]},
			"faces": {
				"north": {"uv": [16, 0, 0, 16], "texture": "#0"},
				"east": {"uv": [16, 0, 0, 16], "texture": "#0"},
				"south": {"uv": [16, 0, 0, 16], "texture": "#0"},
				"west": {"uv": [16, 0, 0, 16], "texture": "#0"},
				"up": {"uv": [0, 16, 16, 0], "texture": "#0"},
				"down": {"uv": [0, 16, 16, 0], "texture": "#0"}
			}
		},
		{
			"name": "Base",
			"from": [14, -0.9856, 31.76],
			"to": [18, 3.0144, 32],
			"rotation": {"angle": 0, "axis": "y", "origin": [6.7424, 7.6912, 3.2]},
			"faces": {
				"north": {"uv": [16, 0, 0, 16], "texture": "#0"},
				"east": {"uv": [16, 0, 0, 16], "texture": "#0"},
				"south": {"uv": [16, 0, 0, 16], "texture": "#0"},
				"west": {"uv": [16, 0, 0, 16], "texture": "#0"},
				"up": {"uv": [0, 16, 16, 0], "texture": "#0"},
				"down": {"uv": [0, 16, 16, 0], "texture": "#0"}
			}
		},
		{
			"name": "Base",
			"from": [-1, 0.0512, 29.6],
			"to": [1, 2.0512, 31.88],
			"rotation": {"angle": 0, "axis": "y", "origin": [9.91648, 7.6912, 3.2]},
			"faces": {
				"north": {"uv": [16, 0, 0, 16], "texture": "#0"},
				"east": {"uv": [16, 0, 0, 16], "texture": "#0"},
				"south": {"uv": [16, 0, 0, 16], "texture": "#0"},
				"west": {"uv": [16, 0, 0, 16], "texture": "#0"},
				"up": {"uv": [0, 16, 16, 0], "texture": "#0"},
				"down": {"uv": [0, 16, 16, 0], "texture": "#0"}
			}
		},
		{
			"name": "Base",
			"from": [-2, -0.9856, 31.76],
			"to": [2, 3.0144, 32],
			"rotation": {"angle": 0, "axis": "y", "origin": [9.2576, 7.6912, 3.2]},
			"faces": {
				"north": {"uv": [16, 0, 0, 16], "texture": "#0"},
				"east": {"uv": [16, 0, 0, 16], "texture": "#0"},
				"south": {"uv": [16, 0, 0, 16], "texture": "#0"},
				"west": {"uv": [16, 0, 0, 16], "texture": "#0"},
				"up": {"uv": [0, 16, 16, 0], "texture": "#0"},
				"down": {"uv": [0, 16, 16, 0], "texture": "#0"}
			}
		}
	],
	"display": {
		"head": {
			"translation": [0, -15, 80],
			"scale": [4, 4, 4]
		}
	},
	"groups": [0, 1, 2, 3, 4, 5, 6, 7, 8, 9, 10, 11, 12, 13, 14, 15, 16, 17, 18, 19, 20, 21, 22, 23, 24, 25, 26, 27, 28, 29, 30, 31, 32, 33, 34, 35, 36, 37, 38, 39, 40, 41, 42, 43, 44, 45, 46, 47, 48, 49, 50, 51, 52, 53, 54, 55, 56, 57, 58, 59, 60, 61, 62, 63, 64, 65, 66, 67, 68, 69, 70, 71, 72, 73, 74, 75, 76, 77, 78, 79, 80, 81, 82, 83, 84, 85, 86, 87, 88, 89, 90, 91, 92, 93, 94, 95, 96, 97, 98, 99, 100, 101, 102, 103, 104,
		{
			"name": "buffer",
			"origin": [8, 8, 8],
			"children": [
				{
					"name": "BaseColor",
					"origin": [13.45, 14.876, 18.7],
					"children": []
				},
				{
					"name": "DetailColor",
					"origin": [8, 5.376, 38.7],
					"children": []
				},
				{
					"name": "Base",
					"origin": [8, 7.376, 18.8],
					"children": [
						{
							"name": "group",
							"origin": [9.2576, 9.6912, 12.8],
							"children": []
						}
					]
				}
			]
		},
		{
			"name": "buffer",
			"origin": [8, 8, 8],
			"children": [
				{
					"name": "BaseColor",
					"origin": [13.45, 14.876, 18.7],
					"children": []
				},
				{
					"name": "DetailColor",
					"origin": [8, 5.376, 38.7],
					"children": []
				},
				{
					"name": "Base",
					"origin": [8, 7.376, 18.8],
					"children": [105, 106, 107,
						{
							"name": "group",
							"origin": [9.2576, 9.6912, 12.8],
							"children": [108, 109, 110, 111]
						}
					]
				}
			]
		}
	]
}