{
	"credit": "Made with Blockbench",
	"textures": {
		"0": "block/anvil",
		"1": "block/iron_block",
		"2": "block/white_concrete",
		"6": "block/gray_concrete",
		"particle": "block/white_concrete"
	},
	"elements": [
		{
			"name": "Cube",
			"from": [1.90713, 23.39344, -12.8],
			"to": [8.79137, 24.41584, 28],
			"rotation": {"angle": 22.5, "axis": "z", "origin": [6.8082, 7.91296, -20.4]},
			"faces": {
				"north": {"uv": [0, 0, 16, 16], "texture": "#6", "tintindex": 0},
				"east": {"uv": [0, 0, 16, 16], "texture": "#6", "tintindex": 0},
				"south": {"uv": [0, 0, 16, 16], "texture": "#6", "tintindex": 0},
				"west": {"uv": [0, 0, 16, 16], "texture": "#6", "tintindex": 0},
				"up": {"uv": [16, 16, 0, 0], "texture": "#6", "tintindex": 0},
				"down": {"uv": [16, 16, 0, 0], "texture": "#6", "tintindex": 0}
			}
		},
		{
			"name": "Cube",
			"from": [7.20863, 23.39344, -12.8],
			"to": [14.09287, 24.41584, 28],
			"rotation": {"angle": -22.5, "axis": "z", "origin": [9.1918, 7.91296, -20.4]},
			"faces": {
				"north": {"uv": [16, 0, 0, 16], "texture": "#6", "tintindex": 0},
				"east": {"uv": [16, 0, 0, 16], "texture": "#6", "tintindex": 0},
				"south": {"uv": [16, 0, 0, 16], "texture": "#6", "tintindex": 0},
				"west": {"uv": [16, 0, 0, 16], "texture": "#6", "tintindex": 0},
				"up": {"uv": [0, 16, 16, 0], "texture": "#6", "tintindex": 0},
				"down": {"uv": [0, 16, 16, 0], "texture": "#6", "tintindex": 0}
			}
		},
		{
			"name": "Cube",
			"from": [2.29496, 22.76576, -12.8],
			"to": [13.70504, 23.8464, 28],
			"rotation": {"angle": 0, "axis": "y", "origin": [10.6796, 8.1712, -19.4]},
			"faces": {
				"north": {"uv": [16, 0, 0, 16], "texture": "#6", "tintindex": 0},
				"east": {"uv": [16, 0, 0, 16], "texture": "#6", "tintindex": 0},
				"south": {"uv": [16, 0, 0, 16], "texture": "#6", "tintindex": 0},
				"west": {"uv": [16, 0, 0, 16], "texture": "#6", "tintindex": 0},
				"up": {"uv": [0, 16, 16, 0], "texture": "#6", "tintindex": 0},
				"down": {"uv": [0, 16, 16, 0], "texture": "#6", "tintindex": 0}
			}
		},
		{
			"name": "Cube",
			"from": [-4.9587, 1.60384, -13.6],
			"to": [20.9587, 3.19104, -12],
			"rotation": {"angle": 0, "axis": "y", "origin": [11.23326, 8.8512, 12.8]},
			"faces": {
				"north": {"uv": [0, 0, 16, 16], "texture": "#1", "tintindex": 0},
				"east": {"uv": [0, 0, 16, 16], "texture": "#1", "tintindex": 0},
				"south": {"uv": [0, 0, 16, 16], "texture": "#1", "tintindex": 0},
				"west": {"uv": [0, 0, 16, 16], "texture": "#1", "tintindex": 0},
				"up": {"uv": [0, 0, 16, 16], "texture": "#1", "tintindex": 0},
				"down": {"uv": [0, 0, 16, 16], "texture": "#1", "tintindex": 0}
			}
		},
		{
			"name": "Cube",
			"from": [18.90584, 3.05104, 11.9],
			"to": [19.79684, 12.13344, 20],
			"rotation": {"angle": 0, "axis": "y", "origin": [8.67288, 10.4512, 39.8]},
			"faces": {
				"north": {"uv": [1, 1, 15, 15], "texture": "#1", "tintindex": 0},
				"east": {"uv": [1, 1, 15, 15], "texture": "#1", "tintindex": 0},
				"south": {"uv": [1, 1, 15, 15], "texture": "#1", "tintindex": 0},
				"west": {"uv": [1, 1, 15, 15], "texture": "#1", "tintindex": 0},
				"up": {"uv": [1, 1, 15, 15], "texture": "#1", "tintindex": 0},
				"down": {"uv": [1, 1, 15, 15], "texture": "#1", "tintindex": 0}
			}
		},
		{
			"name": "Cube",
			"from": [18.90584, 12.05104, 11.9],
			"to": [19.79684, 21.03344, 20],
			"rotation": {"angle": 0, "axis": "y", "origin": [8.67288, 20.4512, 39.8]},
			"faces": {
				"north": {"uv": [1, 1, 15, 15], "texture": "#1", "tintindex": 0},
				"east": {"uv": [1, 1, 15, 15], "texture": "#1", "tintindex": 0},
				"south": {"uv": [1, 1, 15, 15], "texture": "#1", "tintindex": 0},
				"west": {"uv": [1, 1, 15, 15], "texture": "#1", "tintindex": 0},
				"up": {"uv": [1, 1, 15, 15], "texture": "#1", "tintindex": 0},
				"down": {"uv": [1, 1, 15, 15], "texture": "#1", "tintindex": 0}
			}
		},
		{
			"name": "Cube",
			"from": [-3.79684, 3.05104, 11.9],
			"to": [-2.90584, 12.13344, 20],
			"rotation": {"angle": 0, "axis": "y", "origin": [7.32712, 10.4512, 39.8]},
			"faces": {
				"north": {"uv": [1, 15, 15, 1], "texture": "#1", "tintindex": 0},
				"east": {"uv": [1, 15, 15, 1], "texture": "#1", "tintindex": 0},
				"south": {"uv": [1, 15, 15, 1], "texture": "#1", "tintindex": 0},
				"west": {"uv": [1, 15, 15, 1], "texture": "#1", "tintindex": 0},
				"up": {"uv": [1, 15, 15, 1], "texture": "#1", "tintindex": 0},
				"down": {"uv": [1, 15, 15, 1], "texture": "#1", "tintindex": 0}
			}
		},
		{
			"name": "Cube",
			"from": [-3.79684, 12.05104, 11.9],
			"to": [-2.90584, 21.03344, 20],
			"rotation": {"angle": 0, "axis": "y", "origin": [7.32712, 20.4512, 39.8]},
			"faces": {
				"north": {"uv": [1, 15, 15, 1], "texture": "#1", "tintindex": 0},
				"east": {"uv": [1, 15, 15, 1], "texture": "#1", "tintindex": 0},
				"south": {"uv": [1, 15, 15, 1], "texture": "#1", "tintindex": 0},
				"west": {"uv": [1, 15, 15, 1], "texture": "#1", "tintindex": 0},
				"up": {"uv": [1, 15, 15, 1], "texture": "#1", "tintindex": 0},
				"down": {"uv": [1, 15, 15, 1], "texture": "#1", "tintindex": 0}
			}
		},
		{
			"name": "Cube",
			"from": [18.90584, 3.05104, 3.9],
			"to": [19.79684, 12.13344, 12],
			"rotation": {"angle": 0, "axis": "y", "origin": [8.67288, 10.4512, 31.8]},
			"faces": {
				"north": {"uv": [1, 1, 15, 15], "texture": "#1", "tintindex": 0},
				"east": {"uv": [1, 1, 15, 15], "texture": "#1", "tintindex": 0},
				"south": {"uv": [1, 1, 15, 15], "texture": "#1", "tintindex": 0},
				"west": {"uv": [1, 1, 15, 15], "texture": "#1", "tintindex": 0},
				"up": {"uv": [1, 1, 15, 15], "texture": "#1", "tintindex": 0},
				"down": {"uv": [1, 1, 15, 15], "texture": "#1", "tintindex": 0}
			}
		},
		{
			"name": "Cube",
			"from": [18.90584, 12.05104, 3.9],
			"to": [19.79684, 21.03344, 12],
			"rotation": {"angle": 0, "axis": "y", "origin": [8.67288, 20.4512, 31.8]},
			"faces": {
				"north": {"uv": [1, 1, 15, 15], "texture": "#1", "tintindex": 0},
				"east": {"uv": [1, 1, 15, 15], "texture": "#1", "tintindex": 0},
				"south": {"uv": [1, 1, 15, 15], "texture": "#1", "tintindex": 0},
				"west": {"uv": [1, 1, 15, 15], "texture": "#1", "tintindex": 0},
				"up": {"uv": [1, 1, 15, 15], "texture": "#1", "tintindex": 0},
				"down": {"uv": [1, 1, 15, 15], "texture": "#1", "tintindex": 0}
			}
		},
		{
			"name": "Cube",
			"from": [-3.79684, 3.05104, 3.9],
			"to": [-2.90584, 12.13344, 12],
			"rotation": {"angle": 0, "axis": "y", "origin": [7.32712, 10.4512, 31.8]},
			"faces": {
				"north": {"uv": [1, 15, 15, 1], "texture": "#1", "tintindex": 0},
				"east": {"uv": [1, 15, 15, 1], "texture": "#1", "tintindex": 0},
				"south": {"uv": [1, 15, 15, 1], "texture": "#1", "tintindex": 0},
				"west": {"uv": [1, 15, 15, 1], "texture": "#1", "tintindex": 0},
				"up": {"uv": [1, 15, 15, 1], "texture": "#1", "tintindex": 0},
				"down": {"uv": [1, 15, 15, 1], "texture": "#1", "tintindex": 0}
			}
		},
		{
			"name": "Cube",
			"from": [-3.79684, 12.05104, 3.9],
			"to": [-2.90584, 21.03344, 12],
			"rotation": {"angle": 0, "axis": "y", "origin": [7.32712, 20.4512, 31.8]},
			"faces": {
				"north": {"uv": [1, 15, 15, 1], "texture": "#1", "tintindex": 0},
				"east": {"uv": [1, 15, 15, 1], "texture": "#1", "tintindex": 0},
				"south": {"uv": [1, 15, 15, 1], "texture": "#1", "tintindex": 0},
				"west": {"uv": [1, 15, 15, 1], "texture": "#1", "tintindex": 0},
				"up": {"uv": [1, 15, 15, 1], "texture": "#1", "tintindex": 0},
				"down": {"uv": [1, 15, 15, 1], "texture": "#1", "tintindex": 0}
			}
		},
		{
			"name": "Cube",
			"from": [18.90584, 3.05104, -4.1],
			"to": [19.79684, 12.13344, 4],
			"rotation": {"angle": 0, "axis": "y", "origin": [8.67288, 10.4512, 23.8]},
			"faces": {
				"north": {"uv": [1, 1, 15, 15], "texture": "#1", "tintindex": 0},
				"east": {"uv": [1, 1, 15, 15], "texture": "#1", "tintindex": 0},
				"south": {"uv": [1, 1, 15, 15], "texture": "#1", "tintindex": 0},
				"west": {"uv": [1, 1, 15, 15], "texture": "#1", "tintindex": 0},
				"up": {"uv": [1, 1, 15, 15], "texture": "#1", "tintindex": 0},
				"down": {"uv": [1, 1, 15, 15], "texture": "#1", "tintindex": 0}
			}
		},
		{
			"name": "Cube",
			"from": [18.90584, 12.05104, -4.1],
			"to": [19.79684, 21.03344, 4],
			"rotation": {"angle": 0, "axis": "y", "origin": [8.67288, 20.4512, 23.8]},
			"faces": {
				"north": {"uv": [1, 1, 15, 15], "texture": "#1", "tintindex": 0},
				"east": {"uv": [1, 1, 15, 15], "texture": "#1", "tintindex": 0},
				"south": {"uv": [1, 1, 15, 15], "texture": "#1", "tintindex": 0},
				"west": {"uv": [1, 1, 15, 15], "texture": "#1", "tintindex": 0},
				"up": {"uv": [1, 1, 15, 15], "texture": "#1", "tintindex": 0},
				"down": {"uv": [1, 1, 15, 15], "texture": "#1", "tintindex": 0}
			}
		},
		{
			"name": "Cube",
			"from": [-3.79684, 3.05104, -4.1],
			"to": [-2.90584, 12.13344, 4],
			"rotation": {"angle": 0, "axis": "y", "origin": [7.32712, 10.4512, 23.8]},
			"faces": {
				"north": {"uv": [1, 15, 15, 1], "texture": "#1", "tintindex": 0},
				"east": {"uv": [1, 15, 15, 1], "texture": "#1", "tintindex": 0},
				"south": {"uv": [1, 15, 15, 1], "texture": "#1", "tintindex": 0},
				"west": {"uv": [1, 15, 15, 1], "texture": "#1", "tintindex": 0},
				"up": {"uv": [1, 15, 15, 1], "texture": "#1", "tintindex": 0},
				"down": {"uv": [1, 15, 15, 1], "texture": "#1", "tintindex": 0}
			}
		},
		{
			"name": "Cube",
			"from": [-3.79684, 12.05104, -4.1],
			"to": [-2.90584, 21.03344, 4],
			"rotation": {"angle": 0, "axis": "y", "origin": [7.32712, 20.4512, 23.8]},
			"faces": {
				"north": {"uv": [1, 15, 15, 1], "texture": "#1", "tintindex": 0},
				"east": {"uv": [1, 15, 15, 1], "texture": "#1", "tintindex": 0},
				"south": {"uv": [1, 15, 15, 1], "texture": "#1", "tintindex": 0},
				"west": {"uv": [1, 15, 15, 1], "texture": "#1", "tintindex": 0},
				"up": {"uv": [1, 15, 15, 1], "texture": "#1", "tintindex": 0},
				"down": {"uv": [1, 15, 15, 1], "texture": "#1", "tintindex": 0}
			}
		},
		{
			"name": "Cube",
			"from": [18.90584, 3.05104, -12.1],
			"to": [19.79684, 12.13344, -4],
			"rotation": {"angle": 0, "axis": "y", "origin": [8.67288, 10.4512, 15.8]},
			"faces": {
				"north": {"uv": [1, 1, 15, 15], "texture": "#1", "tintindex": 0},
				"east": {"uv": [1, 1, 15, 15], "texture": "#1", "tintindex": 0},
				"south": {"uv": [1, 1, 15, 15], "texture": "#1", "tintindex": 0},
				"west": {"uv": [1, 1, 15, 15], "texture": "#1", "tintindex": 0},
				"up": {"uv": [1, 1, 15, 15], "texture": "#1", "tintindex": 0},
				"down": {"uv": [1, 1, 15, 15], "texture": "#1", "tintindex": 0}
			}
		},
		{
			"name": "Cube",
			"from": [18.90584, 12.05104, -12.1],
			"to": [19.79684, 21.03344, -4],
			"rotation": {"angle": 0, "axis": "y", "origin": [8.67288, 20.4512, 15.8]},
			"faces": {
				"north": {"uv": [1, 1, 15, 15], "texture": "#1", "tintindex": 0},
				"east": {"uv": [1, 1, 15, 15], "texture": "#1", "tintindex": 0},
				"south": {"uv": [1, 1, 15, 15], "texture": "#1", "tintindex": 0},
				"west": {"uv": [1, 1, 15, 15], "texture": "#1", "tintindex": 0},
				"up": {"uv": [1, 1, 15, 15], "texture": "#1", "tintindex": 0},
				"down": {"uv": [1, 1, 15, 15], "texture": "#1", "tintindex": 0}
			}
		},
		{
			"name": "Cube",
			"from": [-3.79684, 3.05104, -12.1],
			"to": [-2.90584, 12.13344, -4],
			"rotation": {"angle": 0, "axis": "y", "origin": [7.32712, 10.4512, 15.8]},
			"faces": {
				"north": {"uv": [1, 15, 15, 1], "texture": "#1", "tintindex": 0},
				"east": {"uv": [1, 15, 15, 1], "texture": "#1", "tintindex": 0},
				"south": {"uv": [1, 15, 15, 1], "texture": "#1", "tintindex": 0},
				"west": {"uv": [1, 15, 15, 1], "texture": "#1", "tintindex": 0},
				"up": {"uv": [1, 15, 15, 1], "texture": "#1", "tintindex": 0},
				"down": {"uv": [1, 15, 15, 1], "texture": "#1", "tintindex": 0}
			}
		},
		{
			"name": "Cube",
			"from": [-3.79684, 12.05104, -12.1],
			"to": [-2.90584, 21.03344, -4],
			"rotation": {"angle": 0, "axis": "y", "origin": [7.32712, 20.4512, 15.8]},
			"faces": {
				"north": {"uv": [1, 15, 15, 1], "texture": "#1", "tintindex": 0},
				"east": {"uv": [1, 15, 15, 1], "texture": "#1", "tintindex": 0},
				"south": {"uv": [1, 15, 15, 1], "texture": "#1", "tintindex": 0},
				"west": {"uv": [1, 15, 15, 1], "texture": "#1", "tintindex": 0},
				"up": {"uv": [1, 15, 15, 1], "texture": "#1", "tintindex": 0},
				"down": {"uv": [1, 15, 15, 1], "texture": "#1", "tintindex": 0}
			}
		},
		{
			"name": "Cube",
			"from": [19.56584, 3.05104, 19.7],
			"to": [20.45684, 12.13344, 28],
			"rotation": {"angle": 0, "axis": "y", "origin": [9.11288, 10.4512, 44.8]},
			"faces": {
				"north": {"uv": [1, 1, 15, 15], "texture": "#1", "tintindex": 0},
				"east": {"uv": [1, 1, 15, 15], "texture": "#1", "tintindex": 0},
				"south": {"uv": [1, 1, 15, 15], "texture": "#1", "tintindex": 0},
				"west": {"uv": [1, 1, 15, 15], "texture": "#1", "tintindex": 0},
				"up": {"uv": [1, 1, 15, 15], "texture": "#1", "tintindex": 0},
				"down": {"uv": [1, 1, 15, 15], "texture": "#1", "tintindex": 0}
			}
		},
		{
			"name": "Cube",
			"from": [-4.34684, 3.05104, 19.7],
			"to": [-3.56584, 12.13344, 28],
			"rotation": {"angle": 0, "axis": "y", "origin": [6.88712, 10.4512, 44.8]},
			"faces": {
				"north": {"uv": [15, 1, 1, 15], "texture": "#1", "tintindex": 0},
				"east": {"uv": [15, 1, 1, 15], "texture": "#1", "tintindex": 0},
				"south": {"uv": [15, 1, 1, 15], "texture": "#1", "tintindex": 0},
				"west": {"uv": [15, 1, 1, 15], "texture": "#1", "tintindex": 0},
				"up": {"uv": [15, 1, 1, 15], "texture": "#1", "tintindex": 0},
				"down": {"uv": [15, 1, 1, 15], "texture": "#1", "tintindex": 0}
			}
		},
		{
			"name": "Cube",
			"from": [19.56584, 12.05104, 19.7],
			"to": [20.45684, 21.03344, 28],
			"rotation": {"angle": 0, "axis": "y", "origin": [9.11288, 20.4512, 44.8]},
			"faces": {
				"north": {"uv": [1, 1, 15, 15], "texture": "#1", "tintindex": 0},
				"east": {"uv": [1, 1, 15, 15], "texture": "#1", "tintindex": 0},
				"south": {"uv": [1, 1, 15, 15], "texture": "#1", "tintindex": 0},
				"west": {"uv": [1, 1, 15, 15], "texture": "#1", "tintindex": 0},
				"up": {"uv": [1, 1, 15, 15], "texture": "#1", "tintindex": 0},
				"down": {"uv": [1, 1, 15, 15], "texture": "#1", "tintindex": 0}
			}
		},
		{
			"name": "Cube",
			"from": [-4.34684, 12.05104, 19.7],
			"to": [-3.56584, 21.03344, 28],
			"rotation": {"angle": 0, "axis": "y", "origin": [6.88712, 20.4512, 44.8]},
			"faces": {
				"north": {"uv": [15, 1, 1, 15], "texture": "#1", "tintindex": 0},
				"east": {"uv": [15, 1, 1, 15], "texture": "#1", "tintindex": 0},
				"south": {"uv": [15, 1, 1, 15], "texture": "#1", "tintindex": 0},
				"west": {"uv": [15, 1, 1, 15], "texture": "#1", "tintindex": 0},
				"up": {"uv": [15, 1, 1, 15], "texture": "#1", "tintindex": 0},
				"down": {"uv": [15, 1, 1, 15], "texture": "#1", "tintindex": 0}
			}
		},
		{
			"name": "Cube",
			"from": [8, 3.05104, -12.0848],
			"to": [19.1375, 12.23344, -11.0848],
			"rotation": {"angle": 0, "axis": "y", "origin": [4.97523, 8.34224, -11.5848]},
			"faces": {
				"north": {"uv": [1, 1, 15, 15], "texture": "#1", "tintindex": 0},
				"east": {"uv": [1, 1, 15, 15], "texture": "#1", "tintindex": 0},
				"south": {"uv": [1, 1, 15, 15], "texture": "#1", "tintindex": 0},
				"west": {"uv": [1, 1, 15, 15], "texture": "#1", "tintindex": 0},
				"up": {"uv": [1, 1, 15, 15], "texture": "#1", "tintindex": 0},
				"down": {"uv": [1, 1, 15, 15], "texture": "#1", "tintindex": 0}
			}
		},
		{
			"name": "Cube",
			"from": [8, 12.05104, -12.0848],
			"to": [19.1375, 21.23344, -11.0848],
			"rotation": {"angle": 0, "axis": "y", "origin": [4.97523, 18.34224, -11.5848]},
			"faces": {
				"north": {"uv": [1, 1, 15, 15], "texture": "#1", "tintindex": 0},
				"east": {"uv": [1, 1, 15, 15], "texture": "#1", "tintindex": 0},
				"south": {"uv": [1, 1, 15, 15], "texture": "#1", "tintindex": 0},
				"west": {"uv": [1, 1, 15, 15], "texture": "#1", "tintindex": 0},
				"up": {"uv": [1, 1, 15, 15], "texture": "#1", "tintindex": 0},
				"down": {"uv": [1, 1, 15, 15], "texture": "#1", "tintindex": 0}
			}
		},
		{
			"name": "Cube",
			"from": [7.93125, 21.25104, -12.0848],
			"to": [15.10875, 22.83344, -11.0848],
			"rotation": {"angle": 0, "axis": "y", "origin": [-0.59352, 10.04224, -11.5848]},
			"faces": {
				"north": {"uv": [1, 1, 15, 15], "rotation": 90, "texture": "#1", "tintindex": 0},
				"east": {"uv": [1, 1, 15, 15], "rotation": 90, "texture": "#1", "tintindex": 0},
				"south": {"uv": [1, 1, 15, 15], "rotation": 90, "texture": "#1", "tintindex": 0},
				"west": {"uv": [1, 1, 15, 15], "rotation": 90, "texture": "#1", "tintindex": 0},
				"up": {"uv": [1, 1, 15, 15], "rotation": 90, "texture": "#1", "tintindex": 0},
				"down": {"uv": [1, 1, 15, 15], "rotation": 90, "texture": "#1", "tintindex": 0}
			}
		},
		{
			"name": "Cube",
			"from": [0.89125, 21.25104, -12.0848],
			"to": [7.95875, 22.83344, -11.0848],
			"rotation": {"angle": 0, "axis": "y", "origin": [16.59352, 10.04224, -11.5848]},
			"faces": {
				"north": {"uv": [1, 15, 15, 1], "rotation": 90, "texture": "#1", "tintindex": 0},
				"east": {"uv": [1, 15, 15, 1], "rotation": 90, "texture": "#1", "tintindex": 0},
				"south": {"uv": [1, 15, 15, 1], "rotation": 90, "texture": "#1", "tintindex": 0},
				"west": {"uv": [1, 15, 15, 1], "rotation": 90, "texture": "#1", "tintindex": 0},
				"up": {"uv": [1, 15, 15, 1], "rotation": 90, "texture": "#1", "tintindex": 0},
				"down": {"uv": [1, 15, 15, 1], "rotation": 90, "texture": "#1", "tintindex": 0}
			}
		},
		{
			"name": "Cube",
			"from": [15.08125, 21.25104, -12.0848],
			"to": [17.19875, 22.13344, -11.0848],
			"rotation": {"angle": 0, "axis": "y", "origin": [1.71648, 10.04224, -11.5848]},
			"faces": {
				"north": {"uv": [1, 1, 15, 15], "rotation": 90, "texture": "#1", "tintindex": 0},
				"east": {"uv": [1, 1, 15, 15], "rotation": 90, "texture": "#1", "tintindex": 0},
				"south": {"uv": [1, 1, 15, 15], "rotation": 90, "texture": "#1", "tintindex": 0},
				"west": {"uv": [1, 1, 15, 15], "rotation": 90, "texture": "#1", "tintindex": 0},
				"up": {"uv": [1, 1, 15, 15], "rotation": 90, "texture": "#1", "tintindex": 0},
				"down": {"uv": [1, 1, 15, 15], "rotation": 90, "texture": "#1", "tintindex": 0}
			}
		},
		{
			"name": "Cube",
			"from": [-1.19875, 21.25104, -12.0848],
			"to": [0.91875, 22.13344, -11.0848],
			"rotation": {"angle": 0, "axis": "y", "origin": [14.28352, 10.04224, -11.5848]},
			"faces": {
				"north": {"uv": [1, 15, 15, 1], "rotation": 90, "texture": "#1", "tintindex": 0},
				"east": {"uv": [1, 15, 15, 1], "rotation": 90, "texture": "#1", "tintindex": 0},
				"south": {"uv": [1, 15, 15, 1], "rotation": 90, "texture": "#1", "tintindex": 0},
				"west": {"uv": [1, 15, 15, 1], "rotation": 90, "texture": "#1", "tintindex": 0},
				"up": {"uv": [1, 15, 15, 1], "rotation": 90, "texture": "#1", "tintindex": 0},
				"down": {"uv": [1, 15, 15, 1], "rotation": 90, "texture": "#1", "tintindex": 0}
			}
		},
		{
			"name": "Cube",
			"from": [-3.1375, 3.05104, -12.0848],
			"to": [8, 12.23344, -11.0848],
			"rotation": {"angle": 0, "axis": "y", "origin": [11.02477, 8.34224, -11.5848]},
			"faces": {
				"north": {"uv": [1, 1, 15, 15], "texture": "#1", "tintindex": 0},
				"east": {"uv": [1, 1, 15, 15], "texture": "#1", "tintindex": 0},
				"south": {"uv": [1, 1, 15, 15], "texture": "#1", "tintindex": 0},
				"west": {"uv": [1, 1, 15, 15], "texture": "#1", "tintindex": 0},
				"up": {"uv": [1, 1, 15, 15], "texture": "#1", "tintindex": 0},
				"down": {"uv": [1, 1, 15, 15], "texture": "#1", "tintindex": 0}
			}
		},
		{
			"name": "Cube",
			"from": [-3.1375, 12.05104, -12.0848],
			"to": [8, 21.23344, -11.0848],
			"rotation": {"angle": 0, "axis": "y", "origin": [11.02477, 18.34224, -11.5848]},
			"faces": {
				"north": {"uv": [1, 1, 15, 15], "texture": "#1", "tintindex": 0},
				"east": {"uv": [1, 1, 15, 15], "texture": "#1", "tintindex": 0},
				"south": {"uv": [1, 1, 15, 15], "texture": "#1", "tintindex": 0},
				"west": {"uv": [1, 1, 15, 15], "texture": "#1", "tintindex": 0},
				"up": {"uv": [1, 1, 15, 15], "texture": "#1", "tintindex": 0},
				"down": {"uv": [1, 1, 15, 15], "texture": "#1", "tintindex": 0}
			}
		},
		{
			"name": "Cube",
			"from": [18.90584, 20.45104, -12],
			"to": [20.28964, 21.23344, 20],
			"rotation": {"angle": 0, "axis": "y", "origin": [8.67288, 18.2512, 13.4]},
			"faces": {
				"north": {"uv": [0, 0, 16, 16], "texture": "#1", "tintindex": 0},
				"east": {"uv": [0, 0, 16, 16], "texture": "#1", "tintindex": 0},
				"south": {"uv": [0, 0, 16, 16], "texture": "#1", "tintindex": 0},
				"west": {"uv": [0, 0, 16, 16], "texture": "#1", "tintindex": 0},
				"up": {"uv": [0, 0, 16, 16], "texture": "#1", "tintindex": 0},
				"down": {"uv": [0, 0, 16, 16], "texture": "#1", "tintindex": 0}
			}
		},
		{
			"name": "Cube",
			"from": [-4.28964, 20.45104, -12],
			"to": [-2.90584, 21.23344, 20],
			"rotation": {"angle": 0, "axis": "y", "origin": [7.32712, 18.2512, 13.4]},
			"faces": {
				"north": {"uv": [0, 0, 16, 16], "texture": "#1", "tintindex": 0},
				"east": {"uv": [0, 0, 16, 16], "texture": "#1", "tintindex": 0},
				"south": {"uv": [0, 0, 16, 16], "texture": "#1", "tintindex": 0},
				"west": {"uv": [0, 0, 16, 16], "texture": "#1", "tintindex": 0},
				"up": {"uv": [0, 0, 16, 16], "texture": "#1", "tintindex": 0},
				"down": {"uv": [0, 0, 16, 16], "texture": "#1", "tintindex": 0}
			}
		},
		{
			"name": "Cube",
			"from": [20.00584, 17.45104, 19.7],
			"to": [20.61964, 17.83344, 28],
			"rotation": {"angle": 0, "axis": "y", "origin": [8.67288, 15.2512, 40.4]},
			"faces": {
				"north": {"uv": [0, 0, 16, 16], "texture": "#1", "tintindex": 0},
				"east": {"uv": [0, 0, 16, 16], "texture": "#1", "tintindex": 0},
				"south": {"uv": [0, 0, 16, 16], "texture": "#1", "tintindex": 0},
				"west": {"uv": [0, 0, 16, 16], "texture": "#1", "tintindex": 0},
				"up": {"uv": [0, 0, 16, 16], "texture": "#1", "tintindex": 0},
				"down": {"uv": [0, 0, 16, 16], "texture": "#1", "tintindex": 0}
			}
		},
		{
			"name": "Cube",
			"from": [-4.61964, 17.45104, 19.7],
			"to": [-4.00584, 17.83344, 28],
			"rotation": {"angle": 0, "axis": "y", "origin": [7.32712, 15.2512, 40.4]},
			"faces": {
				"north": {"uv": [0, 0, 16, 16], "texture": "#1", "tintindex": 0},
				"east": {"uv": [0, 0, 16, 16], "texture": "#1", "tintindex": 0},
				"south": {"uv": [0, 0, 16, 16], "texture": "#1", "tintindex": 0},
				"west": {"uv": [0, 0, 16, 16], "texture": "#1", "tintindex": 0},
				"up": {"uv": [0, 0, 16, 16], "texture": "#1", "tintindex": 0},
				"down": {"uv": [0, 0, 16, 16], "texture": "#1", "tintindex": 0}
			}
		},
		{
			"name": "Cube",
			"from": [20.00584, 8.45104, 19.7],
			"to": [20.61964, 8.83344, 28],
			"rotation": {"angle": 0, "axis": "y", "origin": [8.67288, 6.2512, 40.4]},
			"faces": {
				"north": {"uv": [0, 0, 16, 16], "texture": "#1", "tintindex": 0},
				"east": {"uv": [0, 0, 16, 16], "texture": "#1", "tintindex": 0},
				"south": {"uv": [0, 0, 16, 16], "texture": "#1", "tintindex": 0},
				"west": {"uv": [0, 0, 16, 16], "texture": "#1", "tintindex": 0},
				"up": {"uv": [0, 0, 16, 16], "texture": "#1", "tintindex": 0},
				"down": {"uv": [0, 0, 16, 16], "texture": "#1", "tintindex": 0}
			}
		},
		{
			"name": "Cube",
			"from": [-4.61964, 8.45104, 19.7],
			"to": [-4.00584, 8.83344, 28],
			"rotation": {"angle": 0, "axis": "y", "origin": [7.32712, 6.2512, 40.4]},
			"faces": {
				"north": {"uv": [0, 0, 16, 16], "texture": "#1", "tintindex": 0},
				"east": {"uv": [0, 0, 16, 16], "texture": "#1", "tintindex": 0},
				"south": {"uv": [0, 0, 16, 16], "texture": "#1", "tintindex": 0},
				"west": {"uv": [0, 0, 16, 16], "texture": "#1", "tintindex": 0},
				"up": {"uv": [0, 0, 16, 16], "texture": "#1", "tintindex": 0},
				"down": {"uv": [0, 0, 16, 16], "texture": "#1", "tintindex": 0}
			}
		},
		{
			"name": "Cube",
			"from": [19.23584, 20.45104, 19.9],
			"to": [20.61964, 21.23344, 28],
			"rotation": {"angle": 0, "axis": "y", "origin": [9.00288, 18.2512, 40.4]},
			"faces": {
				"north": {"uv": [0, 0, 16, 16], "texture": "#1", "tintindex": 0},
				"east": {"uv": [0, 0, 16, 16], "texture": "#1", "tintindex": 0},
				"south": {"uv": [0, 0, 16, 16], "texture": "#1", "tintindex": 0},
				"west": {"uv": [0, 0, 16, 16], "texture": "#1", "tintindex": 0},
				"up": {"uv": [0, 0, 16, 16], "texture": "#1", "tintindex": 0},
				"down": {"uv": [0, 0, 16, 16], "texture": "#1", "tintindex": 0}
			}
		},
		{
			"name": "Cube",
			"from": [-4.61964, 20.45104, 19.9],
			"to": [-3.23584, 21.23344, 28],
			"rotation": {"angle": 0, "axis": "y", "origin": [6.99712, 18.2512, 40.4]},
			"faces": {
				"north": {"uv": [16, 0, 0, 16], "texture": "#1", "tintindex": 0},
				"east": {"uv": [16, 0, 0, 16], "texture": "#1", "tintindex": 0},
				"south": {"uv": [16, 0, 0, 16], "texture": "#1", "tintindex": 0},
				"west": {"uv": [16, 0, 0, 16], "texture": "#1", "tintindex": 0},
				"up": {"uv": [16, 0, 0, 16], "texture": "#1", "tintindex": 0},
				"down": {"uv": [16, 0, 0, 16], "texture": "#1", "tintindex": 0}
			}
		},
		{
			"name": "Cube",
			"from": [-4.43836, 1.75104, -12.4],
			"to": [20.43836, 3.13344, 28],
			"rotation": {"angle": 0, "axis": "y", "origin": [9.38568, 6.4512, 12.8]},
			"faces": {
				"north": {"uv": [0, 0, 16, 16], "texture": "#1", "tintindex": 0},
				"east": {"uv": [0, 0, 16, 16], "texture": "#1", "tintindex": 0},
				"south": {"uv": [0, 0, 16, 16], "texture": "#1", "tintindex": 0},
				"west": {"uv": [0, 0, 16, 16], "texture": "#1", "tintindex": 0},
				"up": {"uv": [0, 0, 16, 16], "texture": "#1", "tintindex": 0},
				"down": {"uv": [0, 0, 16, 16], "texture": "#1", "tintindex": 0}
			}
		},
		{
			"name": "Cube",
			"from": [19.28006, -3.24896, 14.3],
			"to": [20.17106, -2.24896, 28],
			"rotation": {"angle": 0, "axis": "y", "origin": [6.34702, 1.4512, 28.2]},
			"faces": {
				"north": {"uv": [0, 0, 16, 16], "texture": "#1", "tintindex": 0},
				"east": {"uv": [0, 0, 16, 16], "texture": "#1", "tintindex": 0},
				"south": {"uv": [0, 0, 16, 16], "texture": "#1", "tintindex": 0},
				"west": {"uv": [0, 0, 16, 16], "texture": "#1", "tintindex": 0},
				"up": {"uv": [0, 0, 16, 16], "texture": "#1", "tintindex": 0},
				"down": {"uv": [0, 0, 16, 16], "texture": "#1", "tintindex": 0}
			}
		},
		{
			"name": "Cube",
			"from": [-4.17106, -3.24896, 14.3],
			"to": [-3.28006, -2.24896, 28],
			"rotation": {"angle": 0, "axis": "y", "origin": [9.65298, 1.4512, 28.2]},
			"faces": {
				"north": {"uv": [0, 0, 16, 16], "texture": "#1", "tintindex": 0},
				"east": {"uv": [0, 0, 16, 16], "texture": "#1", "tintindex": 0},
				"south": {"uv": [0, 0, 16, 16], "texture": "#1", "tintindex": 0},
				"west": {"uv": [0, 0, 16, 16], "texture": "#1", "tintindex": 0},
				"up": {"uv": [0, 0, 16, 16], "texture": "#1", "tintindex": 0},
				"down": {"uv": [0, 0, 16, 16], "texture": "#1", "tintindex": 0}
			}
		},
		{
			"name": "Cube",
			"from": [19.28006, -1.24896, 8],
			"to": [20.17106, -0.24896, 15.5],
			"rotation": {"angle": 45, "axis": "x", "origin": [19.72556, -0.74896, 12.5]},
			"faces": {
				"north": {"uv": [0, 0, 16, 16], "texture": "#1", "tintindex": 0},
				"east": {"uv": [0, 0, 16, 16], "texture": "#1", "tintindex": 0},
				"south": {"uv": [0, 0, 16, 16], "texture": "#1", "tintindex": 0},
				"west": {"uv": [0, 0, 16, 16], "texture": "#1", "tintindex": 0},
				"up": {"uv": [0, 0, 16, 16], "texture": "#1", "tintindex": 0},
				"down": {"uv": [0, 0, 16, 16], "texture": "#1", "tintindex": 0}
			}
		},
		{
			"name": "Cube",
			"from": [-4.17106, -1.24896, 8],
			"to": [-3.28006, -0.24896, 15.5],
			"rotation": {"angle": 45, "axis": "x", "origin": [-3.72556, -0.74896, 12.5]},
			"faces": {
				"north": {"uv": [0, 0, 16, 16], "texture": "#1", "tintindex": 0},
				"east": {"uv": [0, 0, 16, 16], "texture": "#1", "tintindex": 0},
				"south": {"uv": [0, 0, 16, 16], "texture": "#1", "tintindex": 0},
				"west": {"uv": [0, 0, 16, 16], "texture": "#1", "tintindex": 0},
				"up": {"uv": [0, 0, 16, 16], "texture": "#1", "tintindex": 0},
				"down": {"uv": [0, 0, 16, 16], "texture": "#1", "tintindex": 0}
			}
		},
		{
			"name": "Cube",
			"from": [19.45826, 2.75104, -4.5],
			"to": [20.34926, 20.45104, -4],
			"rotation": {"angle": 0, "axis": "x", "origin": [19.90376, 3.25104, -4]},
			"faces": {
				"north": {"uv": [0, 0, 16, 16], "rotation": 90, "texture": "#1", "tintindex": 0},
				"east": {"uv": [0, 0, 16, 16], "rotation": 90, "texture": "#1", "tintindex": 0},
				"south": {"uv": [0, 0, 16, 16], "rotation": 90, "texture": "#1", "tintindex": 0},
				"west": {"uv": [0, 0, 16, 16], "rotation": 90, "texture": "#1", "tintindex": 0},
				"up": {"uv": [0, 0, 16, 16], "rotation": 90, "texture": "#1", "tintindex": 0},
				"down": {"uv": [0, 0, 16, 16], "rotation": 90, "texture": "#1", "tintindex": 0}
			}
		},
		{
			"name": "Cube",
			"from": [-4.34926, 2.75104, -4.5],
			"to": [-3.45826, 20.45104, -4],
			"rotation": {"angle": 0, "axis": "x", "origin": [-3.90376, 3.25104, -4]},
			"faces": {
				"north": {"uv": [0, 0, 16, 16], "rotation": 90, "texture": "#1", "tintindex": 0},
				"east": {"uv": [0, 0, 16, 16], "rotation": 90, "texture": "#1", "tintindex": 0},
				"south": {"uv": [0, 0, 16, 16], "rotation": 90, "texture": "#1", "tintindex": 0},
				"west": {"uv": [0, 0, 16, 16], "rotation": 90, "texture": "#1", "tintindex": 0},
				"up": {"uv": [0, 0, 16, 16], "rotation": 90, "texture": "#1", "tintindex": 0},
				"down": {"uv": [0, 0, 16, 16], "rotation": 90, "texture": "#1", "tintindex": 0}
			}
		},
		{
			"name": "Cube",
			"from": [19.45826, 2.75104, 3.5],
			"to": [20.34926, 20.45104, 4],
			"rotation": {"angle": 0, "axis": "x", "origin": [19.90376, 3.25104, 4]},
			"faces": {
				"north": {"uv": [0, 0, 16, 16], "rotation": 90, "texture": "#1", "tintindex": 0},
				"east": {"uv": [0, 0, 16, 16], "rotation": 90, "texture": "#1", "tintindex": 0},
				"south": {"uv": [0, 0, 16, 16], "rotation": 90, "texture": "#1", "tintindex": 0},
				"west": {"uv": [0, 0, 16, 16], "rotation": 90, "texture": "#1", "tintindex": 0},
				"up": {"uv": [0, 0, 16, 16], "rotation": 90, "texture": "#1", "tintindex": 0},
				"down": {"uv": [0, 0, 16, 16], "rotation": 90, "texture": "#1", "tintindex": 0}
			}
		},
		{
			"name": "Cube",
			"from": [-4.34926, 2.75104, 3.5],
			"to": [-3.45826, 20.45104, 4],
			"rotation": {"angle": 0, "axis": "x", "origin": [-3.90376, 3.25104, 4]},
			"faces": {
				"north": {"uv": [0, 0, 16, 16], "rotation": 90, "texture": "#1", "tintindex": 0},
				"east": {"uv": [0, 0, 16, 16], "rotation": 90, "texture": "#1", "tintindex": 0},
				"south": {"uv": [0, 0, 16, 16], "rotation": 90, "texture": "#1", "tintindex": 0},
				"west": {"uv": [0, 0, 16, 16], "rotation": 90, "texture": "#1", "tintindex": 0},
				"up": {"uv": [0, 0, 16, 16], "rotation": 90, "texture": "#1", "tintindex": 0},
				"down": {"uv": [0, 0, 16, 16], "rotation": 90, "texture": "#1", "tintindex": 0}
			}
		},
		{
			"name": "Cube",
			"from": [19.45826, 2.75104, 11.5],
			"to": [20.34926, 20.45104, 12],
			"rotation": {"angle": 0, "axis": "x", "origin": [19.90376, 3.25104, 12]},
			"faces": {
				"north": {"uv": [0, 0, 16, 16], "rotation": 90, "texture": "#1", "tintindex": 0},
				"east": {"uv": [0, 0, 16, 16], "rotation": 90, "texture": "#1", "tintindex": 0},
				"south": {"uv": [0, 0, 16, 16], "rotation": 90, "texture": "#1", "tintindex": 0},
				"west": {"uv": [0, 0, 16, 16], "rotation": 90, "texture": "#1", "tintindex": 0},
				"up": {"uv": [0, 0, 16, 16], "rotation": 90, "texture": "#1", "tintindex": 0},
				"down": {"uv": [0, 0, 16, 16], "rotation": 90, "texture": "#1", "tintindex": 0}
			}
		},
		{
			"name": "Cube",
			"from": [-4.34926, 2.75104, 11.5],
			"to": [-3.45826, 20.45104, 12],
			"rotation": {"angle": 0, "axis": "x", "origin": [-3.90376, 3.25104, 12]},
			"faces": {
				"north": {"uv": [0, 0, 16, 16], "rotation": 90, "texture": "#1", "tintindex": 0},
				"east": {"uv": [0, 0, 16, 16], "rotation": 90, "texture": "#1", "tintindex": 0},
				"south": {"uv": [0, 0, 16, 16], "rotation": 90, "texture": "#1", "tintindex": 0},
				"west": {"uv": [0, 0, 16, 16], "rotation": 90, "texture": "#1", "tintindex": 0},
				"up": {"uv": [0, 0, 16, 16], "rotation": 90, "texture": "#1", "tintindex": 0},
				"down": {"uv": [0, 0, 16, 16], "rotation": 90, "texture": "#1", "tintindex": 0}
			}
		},
		{
			"name": "Cube",
			"from": [19.45826, 1.85104, 19.5],
			"to": [20.67926, 21.25104, 20],
			"rotation": {"angle": 0, "axis": "x", "origin": [19.90376, 3.25104, 20]},
			"faces": {
				"north": {"uv": [0, 0, 16, 16], "rotation": 90, "texture": "#1", "tintindex": 0},
				"east": {"uv": [0, 0, 16, 16], "rotation": 90, "texture": "#1", "tintindex": 0},
				"south": {"uv": [0, 0, 16, 16], "rotation": 90, "texture": "#1", "tintindex": 0},
				"west": {"uv": [0, 0, 16, 16], "rotation": 90, "texture": "#1", "tintindex": 0},
				"up": {"uv": [0, 0, 16, 16], "rotation": 90, "texture": "#1", "tintindex": 0},
				"down": {"uv": [0, 0, 16, 16], "rotation": 90, "texture": "#1", "tintindex": 0}
			}
		},
		{
			"name": "Cube",
			"from": [-4.67926, 1.85104, 19.5],
			"to": [-3.45826, 21.25104, 20],
			"rotation": {"angle": 0, "axis": "x", "origin": [-3.90376, 3.25104, 20]},
			"faces": {
				"north": {"uv": [0, 0, 16, 16], "rotation": 90, "texture": "#1", "tintindex": 0},
				"east": {"uv": [0, 0, 16, 16], "rotation": 90, "texture": "#1", "tintindex": 0},
				"south": {"uv": [0, 0, 16, 16], "rotation": 90, "texture": "#1", "tintindex": 0},
				"west": {"uv": [0, 0, 16, 16], "rotation": 90, "texture": "#1", "tintindex": 0},
				"up": {"uv": [0, 0, 16, 16], "rotation": 90, "texture": "#1", "tintindex": 0},
				"down": {"uv": [0, 0, 16, 16], "rotation": 90, "texture": "#1", "tintindex": 0}
			}
		},
		{
			"name": "Cube",
			"from": [19.45826, 2.15104, -8.5],
			"to": [20.12926, 21.35104, -8],
			"rotation": {"angle": -22.5, "axis": "x", "origin": [19.90376, 11.60104, -8.25]},
			"faces": {
				"north": {"uv": [0, 0, 16, 16], "rotation": 90, "texture": "#1", "tintindex": 0},
				"east": {"uv": [0, 0, 16, 16], "rotation": 90, "texture": "#1", "tintindex": 0},
				"south": {"uv": [0, 0, 16, 16], "rotation": 90, "texture": "#1", "tintindex": 0},
				"west": {"uv": [0, 0, 16, 16], "rotation": 90, "texture": "#1", "tintindex": 0},
				"up": {"uv": [0, 0, 16, 16], "rotation": 90, "texture": "#1", "tintindex": 0},
				"down": {"uv": [0, 0, 16, 16], "rotation": 90, "texture": "#1", "tintindex": 0}
			}
		},
		{
			"name": "Cube",
			"from": [-4.12926, 2.15104, -8.5],
			"to": [-3.45826, 21.35104, -8],
			"rotation": {"angle": -22.5, "axis": "x", "origin": [-3.90376, 11.60104, -8.25]},
			"faces": {
				"north": {"uv": [0, 0, 16, 16], "rotation": 90, "texture": "#1", "tintindex": 0},
				"east": {"uv": [0, 0, 16, 16], "rotation": 90, "texture": "#1", "tintindex": 0},
				"south": {"uv": [0, 0, 16, 16], "rotation": 90, "texture": "#1", "tintindex": 0},
				"west": {"uv": [0, 0, 16, 16], "rotation": 90, "texture": "#1", "tintindex": 0},
				"up": {"uv": [0, 0, 16, 16], "rotation": 90, "texture": "#1", "tintindex": 0},
				"down": {"uv": [0, 0, 16, 16], "rotation": 90, "texture": "#1", "tintindex": 0}
			}
		},
		{
			"name": "Cube",
			"from": [19.45826, 2.15104, -0.5],
			"to": [20.12926, 21.35104, 0],
			"rotation": {"angle": 22.5, "axis": "x", "origin": [19.90376, 11.60104, -0.25]},
			"faces": {
				"north": {"uv": [0, 0, 16, 16], "rotation": 90, "texture": "#1", "tintindex": 0},
				"east": {"uv": [0, 0, 16, 16], "rotation": 90, "texture": "#1", "tintindex": 0},
				"south": {"uv": [0, 0, 16, 16], "rotation": 90, "texture": "#1", "tintindex": 0},
				"west": {"uv": [0, 0, 16, 16], "rotation": 90, "texture": "#1", "tintindex": 0},
				"up": {"uv": [0, 0, 16, 16], "rotation": 90, "texture": "#1", "tintindex": 0},
				"down": {"uv": [0, 0, 16, 16], "rotation": 90, "texture": "#1", "tintindex": 0}
			}
		},
		{
			"name": "Cube",
			"from": [-4.12926, 2.15104, -0.5],
			"to": [-3.45826, 21.35104, 0],
			"rotation": {"angle": 22.5, "axis": "x", "origin": [-3.90376, 11.60104, -0.25]},
			"faces": {
				"north": {"uv": [0, 0, 16, 16], "rotation": 90, "texture": "#1", "tintindex": 0},
				"east": {"uv": [0, 0, 16, 16], "rotation": 90, "texture": "#1", "tintindex": 0},
				"south": {"uv": [0, 0, 16, 16], "rotation": 90, "texture": "#1", "tintindex": 0},
				"west": {"uv": [0, 0, 16, 16], "rotation": 90, "texture": "#1", "tintindex": 0},
				"up": {"uv": [0, 0, 16, 16], "rotation": 90, "texture": "#1", "tintindex": 0},
				"down": {"uv": [0, 0, 16, 16], "rotation": 90, "texture": "#1", "tintindex": 0}
			}
		},
		{
			"name": "Cube",
			"from": [19.45826, 2.15104, 7.5],
			"to": [20.12926, 21.35104, 8],
			"rotation": {"angle": 22.5, "axis": "x", "origin": [19.90376, 11.60104, 7.75]},
			"faces": {
				"north": {"uv": [0, 0, 16, 16], "rotation": 90, "texture": "#1", "tintindex": 0},
				"east": {"uv": [0, 0, 16, 16], "rotation": 90, "texture": "#1", "tintindex": 0},
				"south": {"uv": [0, 0, 16, 16], "rotation": 90, "texture": "#1", "tintindex": 0},
				"west": {"uv": [0, 0, 16, 16], "rotation": 90, "texture": "#1", "tintindex": 0},
				"up": {"uv": [0, 0, 16, 16], "rotation": 90, "texture": "#1", "tintindex": 0},
				"down": {"uv": [0, 0, 16, 16], "rotation": 90, "texture": "#1", "tintindex": 0}
			}
		},
		{
			"name": "Cube",
			"from": [-4.12926, 2.15104, 7.5],
			"to": [-3.45826, 21.35104, 8],
			"rotation": {"angle": 22.5, "axis": "x", "origin": [-3.90376, 11.60104, 7.75]},
			"faces": {
				"north": {"uv": [0, 0, 16, 16], "rotation": 90, "texture": "#1", "tintindex": 0},
				"east": {"uv": [0, 0, 16, 16], "rotation": 90, "texture": "#1", "tintindex": 0},
				"south": {"uv": [0, 0, 16, 16], "rotation": 90, "texture": "#1", "tintindex": 0},
				"west": {"uv": [0, 0, 16, 16], "rotation": 90, "texture": "#1", "tintindex": 0},
				"up": {"uv": [0, 0, 16, 16], "rotation": 90, "texture": "#1", "tintindex": 0},
				"down": {"uv": [0, 0, 16, 16], "rotation": 90, "texture": "#1", "tintindex": 0}
			}
		},
		{
			"name": "Cube",
			"from": [19.45826, 2.15104, 15.5],
			"to": [20.12926, 21.35104, 16],
			"rotation": {"angle": 22.5, "axis": "x", "origin": [19.90376, 11.60104, 15.75]},
			"faces": {
				"north": {"uv": [0, 0, 16, 16], "rotation": 90, "texture": "#1", "tintindex": 0},
				"east": {"uv": [0, 0, 16, 16], "rotation": 90, "texture": "#1", "tintindex": 0},
				"south": {"uv": [0, 0, 16, 16], "rotation": 90, "texture": "#1", "tintindex": 0},
				"west": {"uv": [0, 0, 16, 16], "rotation": 90, "texture": "#1", "tintindex": 0},
				"up": {"uv": [0, 0, 16, 16], "rotation": 90, "texture": "#1", "tintindex": 0},
				"down": {"uv": [0, 0, 16, 16], "rotation": 90, "texture": "#1", "tintindex": 0}
			}
		},
		{
			"name": "Cube",
			"from": [-4.12926, 2.15104, 15.5],
			"to": [-3.45826, 21.35104, 16],
			"rotation": {"angle": 22.5, "axis": "x", "origin": [-3.90376, 11.60104, 15.75]},
			"faces": {
				"north": {"uv": [0, 0, 16, 16], "rotation": 90, "texture": "#1", "tintindex": 0},
				"east": {"uv": [0, 0, 16, 16], "rotation": 90, "texture": "#1", "tintindex": 0},
				"south": {"uv": [0, 0, 16, 16], "rotation": 90, "texture": "#1", "tintindex": 0},
				"west": {"uv": [0, 0, 16, 16], "rotation": 90, "texture": "#1", "tintindex": 0},
				"up": {"uv": [0, 0, 16, 16], "rotation": 90, "texture": "#1", "tintindex": 0},
				"down": {"uv": [0, 0, 16, 16], "rotation": 90, "texture": "#1", "tintindex": 0}
			}
		},
		{
			"name": "Cube",
			"from": [19.45826, 2.75104, -13],
			"to": [20.34926, 21.25104, -12],
			"rotation": {"angle": 0, "axis": "x", "origin": [19.90376, 3.25104, -12.5]},
			"faces": {
				"north": {"uv": [0, 0, 16, 16], "rotation": 90, "texture": "#1", "tintindex": 0},
				"east": {"uv": [0, 0, 16, 16], "rotation": 90, "texture": "#1", "tintindex": 0},
				"south": {"uv": [0, 0, 16, 16], "rotation": 90, "texture": "#1", "tintindex": 0},
				"west": {"uv": [0, 0, 16, 16], "rotation": 90, "texture": "#1", "tintindex": 0},
				"up": {"uv": [0, 0, 16, 16], "rotation": 90, "texture": "#1", "tintindex": 0},
				"down": {"uv": [0, 0, 16, 16], "rotation": 90, "texture": "#1", "tintindex": 0}
			}
		},
		{
			"name": "Cube",
			"from": [-4.34926, 2.75104, -13],
			"to": [-3.45826, 21.25104, -12],
			"rotation": {"angle": 0, "axis": "x", "origin": [-3.90376, 3.25104, -12.5]},
			"faces": {
				"north": {"uv": [0, 0, 16, 16], "rotation": 90, "texture": "#1", "tintindex": 0},
				"east": {"uv": [0, 0, 16, 16], "rotation": 90, "texture": "#1", "tintindex": 0},
				"south": {"uv": [0, 0, 16, 16], "rotation": 90, "texture": "#1", "tintindex": 0},
				"west": {"uv": [0, 0, 16, 16], "rotation": 90, "texture": "#1", "tintindex": 0},
				"up": {"uv": [0, 0, 16, 16], "rotation": 90, "texture": "#1", "tintindex": 0},
				"down": {"uv": [0, 0, 16, 16], "rotation": 90, "texture": "#1", "tintindex": 0}
			}
		},
		{
			"name": "Cube",
			"from": [19.01826, 3.15104, -13],
			"to": [19.46376, 20.65104, -12.5],
			"rotation": {"angle": 0, "axis": "x", "origin": [19.46376, 3.65104, -12.5]},
			"faces": {
				"north": {"uv": [1, 1, 15, 15], "rotation": 90, "texture": "#0"},
				"east": {"uv": [1, 1, 15, 15], "rotation": 90, "texture": "#0"},
				"south": {"uv": [1, 1, 15, 15], "rotation": 90, "texture": "#0"},
				"west": {"uv": [1, 1, 15, 15], "rotation": 90, "texture": "#0"},
				"up": {"uv": [1, 1, 15, 15], "rotation": 90, "texture": "#0"},
				"down": {"uv": [1, 1, 15, 15], "rotation": 90, "texture": "#0"}
			}
		},
		{
			"name": "Cube",
			"from": [14.6198, 3.15104, -13],
			"to": [15.0653, 20.65104, -12.5],
			"rotation": {"angle": 0, "axis": "x", "origin": [15.0653, 3.65104, -12.5]},
			"faces": {
				"north": {"uv": [1, 1, 15, 15], "rotation": 90, "texture": "#0"},
				"east": {"uv": [1, 1, 15, 15], "rotation": 90, "texture": "#0"},
				"south": {"uv": [1, 1, 15, 15], "rotation": 90, "texture": "#0"},
				"west": {"uv": [1, 1, 15, 15], "rotation": 90, "texture": "#0"},
				"up": {"uv": [1, 1, 15, 15], "rotation": 90, "texture": "#0"},
				"down": {"uv": [1, 1, 15, 15], "rotation": 90, "texture": "#0"}
			}
		},
		{
			"name": "Cube",
			"from": [15.0444, 13.65104, -13],
			"to": [19.0539, 14.15104, -12.5],
			"rotation": {"angle": 0, "axis": "x", "origin": [15.579, 14.15104, -12.5]},
			"faces": {
				"north": {"uv": [1, 1, 15, 15], "rotation": 90, "texture": "#0"},
				"east": {"uv": [1, 1, 15, 15], "rotation": 90, "texture": "#0"},
				"south": {"uv": [1, 1, 15, 15], "rotation": 90, "texture": "#0"},
				"west": {"uv": [1, 1, 15, 15], "rotation": 90, "texture": "#0"},
				"up": {"uv": [1, 1, 15, 15], "rotation": 90, "texture": "#0"},
				"down": {"uv": [1, 1, 15, 15], "rotation": 90, "texture": "#0"}
			}
		},
		{
			"name": "Cube",
			"from": [15.0444, 15.65104, -13],
			"to": [19.0539, 16.15104, -12.5],
			"rotation": {"angle": 0, "axis": "x", "origin": [15.579, 16.15104, -12.5]},
			"faces": {
				"north": {"uv": [1, 1, 15, 15], "rotation": 90, "texture": "#0"},
				"east": {"uv": [1, 1, 15, 15], "rotation": 90, "texture": "#0"},
				"south": {"uv": [1, 1, 15, 15], "rotation": 90, "texture": "#0"},
				"west": {"uv": [1, 1, 15, 15], "rotation": 90, "texture": "#0"},
				"up": {"uv": [1, 1, 15, 15], "rotation": 90, "texture": "#0"},
				"down": {"uv": [1, 1, 15, 15], "rotation": 90, "texture": "#0"}
			}
		},
		{
			"name": "Cube",
			"from": [15.0444, 17.65104, -13],
			"to": [19.0539, 18.15104, -12.5],
			"rotation": {"angle": 0, "axis": "x", "origin": [15.579, 18.15104, -12.5]},
			"faces": {
				"north": {"uv": [1, 1, 15, 15], "rotation": 90, "texture": "#0"},
				"east": {"uv": [1, 1, 15, 15], "rotation": 90, "texture": "#0"},
				"south": {"uv": [1, 1, 15, 15], "rotation": 90, "texture": "#0"},
				"west": {"uv": [1, 1, 15, 15], "rotation": 90, "texture": "#0"},
				"up": {"uv": [1, 1, 15, 15], "rotation": 90, "texture": "#0"},
				"down": {"uv": [1, 1, 15, 15], "rotation": 90, "texture": "#0"}
			}
		},
		{
			"name": "Cube",
			"from": [15.0444, 19.65104, -13],
			"to": [19.0539, 20.15104, -12.5],
			"rotation": {"angle": 0, "axis": "x", "origin": [15.579, 20.15104, -12.5]},
			"faces": {
				"north": {"uv": [1, 1, 15, 15], "rotation": 90, "texture": "#0"},
				"east": {"uv": [1, 1, 15, 15], "rotation": 90, "texture": "#0"},
				"south": {"uv": [1, 1, 15, 15], "rotation": 90, "texture": "#0"},
				"west": {"uv": [1, 1, 15, 15], "rotation": 90, "texture": "#0"},
				"up": {"uv": [1, 1, 15, 15], "rotation": 90, "texture": "#0"},
				"down": {"uv": [1, 1, 15, 15], "rotation": 90, "texture": "#0"}
			}
		},
		{
			"name": "Cube",
			"from": [15.0444, 11.65104, -13],
			"to": [19.0539, 12.15104, -12.5],
			"rotation": {"angle": 0, "axis": "x", "origin": [15.579, 12.15104, -12.5]},
			"faces": {
				"north": {"uv": [1, 1, 15, 15], "rotation": 90, "texture": "#0"},
				"east": {"uv": [1, 1, 15, 15], "rotation": 90, "texture": "#0"},
				"south": {"uv": [1, 1, 15, 15], "rotation": 90, "texture": "#0"},
				"west": {"uv": [1, 1, 15, 15], "rotation": 90, "texture": "#0"},
				"up": {"uv": [1, 1, 15, 15], "rotation": 90, "texture": "#0"},
				"down": {"uv": [1, 1, 15, 15], "rotation": 90, "texture": "#0"}
			}
		},
		{
			"name": "Cube",
			"from": [15.0444, 9.65104, -13],
			"to": [19.0539, 10.15104, -12.5],
			"rotation": {"angle": 0, "axis": "x", "origin": [15.579, 10.15104, -12.5]},
			"faces": {
				"north": {"uv": [1, 1, 15, 15], "rotation": 90, "texture": "#0"},
				"east": {"uv": [1, 1, 15, 15], "rotation": 90, "texture": "#0"},
				"south": {"uv": [1, 1, 15, 15], "rotation": 90, "texture": "#0"},
				"west": {"uv": [1, 1, 15, 15], "rotation": 90, "texture": "#0"},
				"up": {"uv": [1, 1, 15, 15], "rotation": 90, "texture": "#0"},
				"down": {"uv": [1, 1, 15, 15], "rotation": 90, "texture": "#0"}
			}
		},
		{
			"name": "Cube",
			"from": [15.0444, 7.65104, -13],
			"to": [19.0539, 8.15104, -12.5],
			"rotation": {"angle": 0, "axis": "x", "origin": [15.579, 8.15104, -12.5]},
			"faces": {
				"north": {"uv": [1, 1, 15, 15], "rotation": 90, "texture": "#0"},
				"east": {"uv": [1, 1, 15, 15], "rotation": 90, "texture": "#0"},
				"south": {"uv": [1, 1, 15, 15], "rotation": 90, "texture": "#0"},
				"west": {"uv": [1, 1, 15, 15], "rotation": 90, "texture": "#0"},
				"up": {"uv": [1, 1, 15, 15], "rotation": 90, "texture": "#0"},
				"down": {"uv": [1, 1, 15, 15], "rotation": 90, "texture": "#0"}
			}
		},
		{
			"name": "Cube",
			"from": [15.0444, 5.65104, -13],
			"to": [19.0539, 6.15104, -12.5],
			"rotation": {"angle": 0, "axis": "x", "origin": [15.579, 6.15104, -12.5]},
			"faces": {
				"north": {"uv": [1, 1, 15, 15], "rotation": 90, "texture": "#0"},
				"east": {"uv": [1, 1, 15, 15], "rotation": 90, "texture": "#0"},
				"south": {"uv": [1, 1, 15, 15], "rotation": 90, "texture": "#0"},
				"west": {"uv": [1, 1, 15, 15], "rotation": 90, "texture": "#0"},
				"up": {"uv": [1, 1, 15, 15], "rotation": 90, "texture": "#0"},
				"down": {"uv": [1, 1, 15, 15], "rotation": 90, "texture": "#0"}
			}
		},
		{
			"name": "Cube",
			"from": [15.0444, 3.65104, -13],
			"to": [19.0539, 4.15104, -12.5],
			"rotation": {"angle": 0, "axis": "x", "origin": [15.579, 4.15104, -12.5]},
			"faces": {
				"north": {"uv": [1, 1, 15, 15], "rotation": 90, "texture": "#0"},
				"east": {"uv": [1, 1, 15, 15], "rotation": 90, "texture": "#0"},
				"south": {"uv": [1, 1, 15, 15], "rotation": 90, "texture": "#0"},
				"west": {"uv": [1, 1, 15, 15], "rotation": 90, "texture": "#0"},
				"up": {"uv": [1, 1, 15, 15], "rotation": 90, "texture": "#0"},
				"down": {"uv": [1, 1, 15, 15], "rotation": 90, "texture": "#0"}
			}
		},
		{
			"name": "Cube",
			"from": [10.8985, 2.75104, -12.7],
			"to": [11.2395, 20.55104, -12],
			"rotation": {"angle": 0, "axis": "x", "origin": [10.794, 3.25104, -12.5]},
			"faces": {
				"north": {"uv": [0, 0, 16, 16], "rotation": 90, "texture": "#1", "tintindex": 0},
				"east": {"uv": [0, 0, 16, 16], "rotation": 90, "texture": "#1", "tintindex": 0},
				"south": {"uv": [0, 0, 16, 16], "rotation": 90, "texture": "#1", "tintindex": 0},
				"west": {"uv": [0, 0, 16, 16], "rotation": 90, "texture": "#1", "tintindex": 0},
				"up": {"uv": [0, 0, 16, 16], "rotation": 90, "texture": "#1", "tintindex": 0},
				"down": {"uv": [0, 0, 16, 16], "rotation": 90, "texture": "#1", "tintindex": 0}
			}
		},
		{
			"name": "Cube",
			"from": [4.7605, 2.75104, -12.7],
			"to": [5.1015, 20.55104, -12],
			"rotation": {"angle": 0, "axis": "x", "origin": [5.206, 3.25104, -12.5]},
			"faces": {
				"north": {"uv": [0, 0, 16, 16], "rotation": 90, "texture": "#1", "tintindex": 0},
				"east": {"uv": [0, 0, 16, 16], "rotation": 90, "texture": "#1", "tintindex": 0},
				"south": {"uv": [0, 0, 16, 16], "rotation": 90, "texture": "#1", "tintindex": 0},
				"west": {"uv": [0, 0, 16, 16], "rotation": 90, "texture": "#1", "tintindex": 0},
				"up": {"uv": [0, 0, 16, 16], "rotation": 90, "texture": "#1", "tintindex": 0},
				"down": {"uv": [0, 0, 16, 16], "rotation": 90, "texture": "#1", "tintindex": 0}
			}
		},
		{
			"name": "Cube",
			"from": [15.1885, 2.05104, -12.7],
			"to": [15.5295, 21.45104, -12],
			"rotation": {"angle": 22.5, "axis": "z", "origin": [15.359, 11.65104, -12.35]},
			"faces": {
				"north": {"uv": [0, 0, 16, 16], "rotation": 90, "texture": "#1", "tintindex": 0},
				"east": {"uv": [0, 0, 16, 16], "rotation": 90, "texture": "#1", "tintindex": 0},
				"south": {"uv": [0, 0, 16, 16], "rotation": 90, "texture": "#1", "tintindex": 0},
				"west": {"uv": [0, 0, 16, 16], "rotation": 90, "texture": "#1", "tintindex": 0},
				"up": {"uv": [0, 0, 16, 16], "rotation": 90, "texture": "#1", "tintindex": 0},
				"down": {"uv": [0, 0, 16, 16], "rotation": 90, "texture": "#1", "tintindex": 0}
			}
		},
		{
			"name": "Cube",
			"from": [0.4705, 2.05104, -12.7],
			"to": [0.8115, 21.45104, -12],
			"rotation": {"angle": -22.5, "axis": "z", "origin": [0.641, 11.65104, -12.35]},
			"faces": {
				"north": {"uv": [0, 0, 16, 16], "rotation": 90, "texture": "#1", "tintindex": 0},
				"east": {"uv": [0, 0, 16, 16], "rotation": 90, "texture": "#1", "tintindex": 0},
				"south": {"uv": [0, 0, 16, 16], "rotation": 90, "texture": "#1", "tintindex": 0},
				"west": {"uv": [0, 0, 16, 16], "rotation": 90, "texture": "#1", "tintindex": 0},
				"up": {"uv": [0, 0, 16, 16], "rotation": 90, "texture": "#1", "tintindex": 0},
				"down": {"uv": [0, 0, 16, 16], "rotation": 90, "texture": "#1", "tintindex": 0}
			}
		},
		{
			"name": "Cube",
			"from": [-3.4169, 20.35104, -12.9],
			"to": [19.4169, 21.25104, -12],
			"rotation": {"angle": 0, "axis": "x", "origin": [10.7786, 21.05104, -12.5]},
			"faces": {
				"north": {"uv": [0, 0, 16, 16], "rotation": 90, "texture": "#1", "tintindex": 0},
				"east": {"uv": [0, 0, 16, 16], "rotation": 90, "texture": "#1", "tintindex": 0},
				"south": {"uv": [0, 0, 16, 16], "rotation": 90, "texture": "#1", "tintindex": 0},
				"west": {"uv": [0, 0, 16, 16], "rotation": 90, "texture": "#1", "tintindex": 0},
				"up": {"uv": [0, 0, 16, 16], "rotation": 90, "texture": "#1", "tintindex": 0},
				"down": {"uv": [0, 0, 16, 16], "rotation": 90, "texture": "#1", "tintindex": 0}
			}
		},
		{
			"name": "Cube",
			"from": [19.28006, -2.24896, 15],
			"to": [20.17106, 1.75104, 16],
			"rotation": {"angle": 0, "axis": "x", "origin": [19.72556, -0.74896, 15.5]},
			"faces": {
				"north": {"uv": [0, 0, 16, 16], "rotation": 180, "texture": "#1", "tintindex": 0},
				"east": {"uv": [0, 0, 16, 16], "rotation": 180, "texture": "#1", "tintindex": 0},
				"south": {"uv": [0, 0, 16, 16], "rotation": 180, "texture": "#1", "tintindex": 0},
				"west": {"uv": [0, 0, 16, 16], "rotation": 180, "texture": "#1", "tintindex": 0},
				"up": {"uv": [0, 0, 16, 16], "rotation": 180, "texture": "#1", "tintindex": 0},
				"down": {"uv": [0, 0, 16, 16], "rotation": 180, "texture": "#1", "tintindex": 0}
			}
		},
		{
			"name": "Cube",
			"from": [-4.17106, -2.24896, 15],
			"to": [-3.28006, 1.75104, 16],
			"rotation": {"angle": 0, "axis": "x", "origin": [-3.72556, -0.74896, 15.5]},
			"faces": {
				"north": {"uv": [0, 0, 16, 16], "rotation": 180, "texture": "#1", "tintindex": 0},
				"east": {"uv": [0, 0, 16, 16], "rotation": 180, "texture": "#1", "tintindex": 0},
				"south": {"uv": [0, 0, 16, 16], "rotation": 180, "texture": "#1", "tintindex": 0},
				"west": {"uv": [0, 0, 16, 16], "rotation": 180, "texture": "#1", "tintindex": 0},
				"up": {"uv": [0, 0, 16, 16], "rotation": 180, "texture": "#1", "tintindex": 0},
				"down": {"uv": [0, 0, 16, 16], "rotation": 180, "texture": "#1", "tintindex": 0}
			}
		},
		{
			"name": "Cube",
			"from": [19.28006, -2.24896, 22],
			"to": [20.17106, 1.75104, 23],
			"rotation": {"angle": 0, "axis": "x", "origin": [19.72556, -0.74896, 22.5]},
			"faces": {
				"north": {"uv": [0, 0, 16, 16], "rotation": 180, "texture": "#1", "tintindex": 0},
				"east": {"uv": [0, 0, 16, 16], "rotation": 180, "texture": "#1", "tintindex": 0},
				"south": {"uv": [0, 0, 16, 16], "rotation": 180, "texture": "#1", "tintindex": 0},
				"west": {"uv": [0, 0, 16, 16], "rotation": 180, "texture": "#1", "tintindex": 0},
				"up": {"uv": [0, 0, 16, 16], "rotation": 180, "texture": "#1", "tintindex": 0},
				"down": {"uv": [0, 0, 16, 16], "rotation": 180, "texture": "#1", "tintindex": 0}
			}
		},
		{
			"name": "Cube",
			"from": [-4.17106, -2.24896, 22],
			"to": [-3.28006, 1.75104, 23],
			"rotation": {"angle": 0, "axis": "x", "origin": [-3.72556, -0.74896, 22.5]},
			"faces": {
				"north": {"uv": [0, 0, 16, 16], "rotation": 180, "texture": "#1", "tintindex": 0},
				"east": {"uv": [0, 0, 16, 16], "rotation": 180, "texture": "#1", "tintindex": 0},
				"south": {"uv": [0, 0, 16, 16], "rotation": 180, "texture": "#1", "tintindex": 0},
				"west": {"uv": [0, 0, 16, 16], "rotation": 180, "texture": "#1", "tintindex": 0},
				"up": {"uv": [0, 0, 16, 16], "rotation": 180, "texture": "#1", "tintindex": 0},
				"down": {"uv": [0, 0, 16, 16], "rotation": 180, "texture": "#1", "tintindex": 0}
			}
		},
		{
			"name": "Cube",
			"from": [-3.31987, -0.76256, -13.7],
			"to": [19.31987, 1.75104, -12],
			"rotation": {"angle": 0, "axis": "y", "origin": [5.69053, 6.4512, 10.8]},
			"faces": {
				"north": {"uv": [1, 1, 15, 15], "texture": "#0"},
				"east": {"uv": [1, 1, 15, 15], "texture": "#0"},
				"south": {"uv": [1, 1, 15, 15], "texture": "#0"},
				"west": {"uv": [1, 1, 15, 15], "texture": "#0"},
				"up": {"uv": [1, 1, 15, 15], "texture": "#0"},
				"down": {"uv": [1, 1, 15, 15], "texture": "#0"}
			}
		},
		{
			"name": "Cube",
			"from": [2.18013, -0.76256, -12.4],
			"to": [13.81987, 1.75104, 28],
			"rotation": {"angle": 0, "axis": "y", "origin": [5.69053, 6.4512, 10.8]},
			"faces": {
				"north": {"uv": [1, 1, 15, 15], "texture": "#0"},
				"east": {"uv": [1, 1, 15, 15], "texture": "#0"},
				"south": {"uv": [1, 1, 15, 15], "texture": "#0"},
				"west": {"uv": [1, 1, 15, 15], "texture": "#0"},
				"up": {"uv": [1, 1, 15, 15], "texture": "#0"},
				"down": {"uv": [1, 1, 15, 15], "texture": "#0"}
			}
		},
		{
			"name": "Cube",
			"from": [19.89013, 3.93744, 21.6],
			"to": [20.63987, 7.65104, 22],
			"rotation": {"angle": 0, "axis": "y", "origin": [12.18053, 11.8512, 4.8]},
			"faces": {
				"north": {"uv": [1, 1, 15, 15], "texture": "#0"},
				"east": {"uv": [1, 1, 15, 15], "texture": "#0"},
				"south": {"uv": [1, 1, 15, 15], "texture": "#0"},
				"west": {"uv": [1, 1, 15, 15], "texture": "#0"},
				"up": {"uv": [1, 1, 15, 15], "texture": "#0"},
				"down": {"uv": [1, 1, 15, 15], "texture": "#0"}
			}
		},
		{
			"name": "Cube",
			"from": [-4.63987, 3.93744, 21.6],
			"to": [-3.89013, 7.65104, 22],
			"rotation": {"angle": 0, "axis": "y", "origin": [3.81947, 11.8512, 4.8]},
			"faces": {
				"north": {"uv": [15, 1, 1, 15], "texture": "#0"},
				"east": {"uv": [15, 1, 1, 15], "texture": "#0"},
				"south": {"uv": [15, 1, 1, 15], "texture": "#0"},
				"west": {"uv": [15, 1, 1, 15], "texture": "#0"},
				"up": {"uv": [15, 1, 1, 15], "texture": "#0"},
				"down": {"uv": [15, 1, 1, 15], "texture": "#0"}
			}
		},
		{
			"name": "Base",
			"from": [19.77, 6.8512, -10.88],
			"to": [19.88, 7.0512, -9.6],
			"rotation": {"angle": 0, "axis": "y", "origin": [7.87187, 12.6912, 16.8]},
			"faces": {
				"north": {"uv": [0, 0, 16, 16], "texture": "#2"},
				"east": {"uv": [0, 0, 16, 16], "texture": "#2"},
				"south": {"uv": [0, 0, 16, 16], "texture": "#2"},
				"west": {"uv": [0, 0, 16, 16], "texture": "#2"},
				"up": {"uv": [0, 0, 16, 16], "texture": "#2"},
				"down": {"uv": [0, 0, 16, 16], "texture": "#2"}
			}
		},
		{
			"name": "Base",
			"from": [-4.54, 4.8512, 23.12],
			"to": [-4.43, 5.0512, 24.4],
			"rotation": {"angle": 0, "axis": "y", "origin": [7.46813, 10.6912, 50.8]},
			"faces": {
				"north": {"uv": [16, 0, 0, 16], "texture": "#2"},
				"east": {"uv": [16, 0, 0, 16], "texture": "#2"},
				"south": {"uv": [16, 0, 0, 16], "texture": "#2"},
				"west": {"uv": [16, 0, 0, 16], "texture": "#2"},
				"up": {"uv": [16, 0, 0, 16], "texture": "#2"},
				"down": {"uv": [16, 0, 0, 16], "texture": "#2"}
			}
		},
		{
			"name": "Base",
			"from": [19.77, 7.3512, -10.88],
			"to": [19.88, 7.5512, -10.2],
			"rotation": {"angle": 0, "axis": "y", "origin": [7.87187, 13.1912, 16.8]},
			"faces": {
				"north": {"uv": [0, 0, 16, 16], "texture": "#2"},
				"east": {"uv": [0, 0, 16, 16], "texture": "#2"},
				"south": {"uv": [0, 0, 16, 16], "texture": "#2"},
				"west": {"uv": [0, 0, 16, 16], "texture": "#2"},
				"up": {"uv": [0, 0, 16, 16], "texture": "#2"},
				"down": {"uv": [0, 0, 16, 16], "texture": "#2"}
			}
		},
		{
			"name": "Base",
			"from": [-4.54, 5.3512, 23.12],
			"to": [-4.43, 5.5512, 23.8],
			"rotation": {"angle": 0, "axis": "y", "origin": [7.46813, 11.1912, 50.8]},
			"faces": {
				"north": {"uv": [16, 0, 0, 16], "texture": "#2"},
				"east": {"uv": [16, 0, 0, 16], "texture": "#2"},
				"south": {"uv": [16, 0, 0, 16], "texture": "#2"},
				"west": {"uv": [16, 0, 0, 16], "texture": "#2"},
				"up": {"uv": [16, 0, 0, 16], "texture": "#2"},
				"down": {"uv": [16, 0, 0, 16], "texture": "#2"}
			}
		},
		{
			"name": "Base",
			"from": [19.77, 3.5512, -0.68],
			"to": [19.88, 3.7512, -0.4],
			"rotation": {"angle": 0, "axis": "y", "origin": [7.87187, 9.3912, 24.8]},
			"faces": {
				"north": {"uv": [0, 0, 16, 16], "texture": "#2"},
				"east": {"uv": [0, 0, 16, 16], "texture": "#2"},
				"south": {"uv": [0, 0, 16, 16], "texture": "#2"},
				"west": {"uv": [0, 0, 16, 16], "texture": "#2"},
				"up": {"uv": [0, 0, 16, 16], "texture": "#2"},
				"down": {"uv": [0, 0, 16, 16], "texture": "#2"}
			}
		},
		{
			"name": "Base",
			"from": [19.77, 5.5512, -7.68],
			"to": [19.88, 5.7512, -7.4],
			"rotation": {"angle": 0, "axis": "y", "origin": [7.87187, 11.3912, 17.8]},
			"faces": {
				"north": {"uv": [0, 0, 16, 16], "texture": "#2"},
				"east": {"uv": [0, 0, 16, 16], "texture": "#2"},
				"south": {"uv": [0, 0, 16, 16], "texture": "#2"},
				"west": {"uv": [0, 0, 16, 16], "texture": "#2"},
				"up": {"uv": [0, 0, 16, 16], "texture": "#2"},
				"down": {"uv": [0, 0, 16, 16], "texture": "#2"}
			}
		},
		{
			"name": "Base",
			"from": [19.77, 5.9512, -7.68],
			"to": [19.88, 6.1512, -7.4],
			"rotation": {"angle": 0, "axis": "y", "origin": [7.87187, 11.7912, 17.8]},
			"faces": {
				"north": {"uv": [0, 0, 16, 16], "texture": "#2"},
				"east": {"uv": [0, 0, 16, 16], "texture": "#2"},
				"south": {"uv": [0, 0, 16, 16], "texture": "#2"},
				"west": {"uv": [0, 0, 16, 16], "texture": "#2"},
				"up": {"uv": [0, 0, 16, 16], "texture": "#2"},
				"down": {"uv": [0, 0, 16, 16], "texture": "#2"}
			}
		},
		{
			"name": "Base",
			"from": [19.77, 6.3512, -7.68],
			"to": [19.88, 6.5512, -7.4],
			"rotation": {"angle": 0, "axis": "y", "origin": [7.87187, 12.1912, 17.8]},
			"faces": {
				"north": {"uv": [0, 0, 16, 16], "texture": "#2"},
				"east": {"uv": [0, 0, 16, 16], "texture": "#2"},
				"south": {"uv": [0, 0, 16, 16], "texture": "#2"},
				"west": {"uv": [0, 0, 16, 16], "texture": "#2"},
				"up": {"uv": [0, 0, 16, 16], "texture": "#2"},
				"down": {"uv": [0, 0, 16, 16], "texture": "#2"}
			}
		},
		{
			"name": "Base",
			"from": [19.77, 3.5512, 0.12],
			"to": [19.88, 3.7512, 3],
			"rotation": {"angle": 0, "axis": "y", "origin": [7.87187, 9.3912, 28.2]},
			"faces": {
				"north": {"uv": [0, 0, 16, 16], "texture": "#2"},
				"east": {"uv": [0, 0, 16, 16], "texture": "#2"},
				"south": {"uv": [0, 0, 16, 16], "texture": "#2"},
				"west": {"uv": [0, 0, 16, 16], "texture": "#2"},
				"up": {"uv": [0, 0, 16, 16], "texture": "#2"},
				"down": {"uv": [0, 0, 16, 16], "texture": "#2"}
			}
		},
		{
			"name": "Base",
			"from": [19.77, 5.5512, -10.88],
			"to": [19.88, 5.7512, -8],
			"rotation": {"angle": 0, "axis": "y", "origin": [7.87187, 11.3912, 17.2]},
			"faces": {
				"north": {"uv": [0, 0, 16, 16], "texture": "#2"},
				"east": {"uv": [0, 0, 16, 16], "texture": "#2"},
				"south": {"uv": [0, 0, 16, 16], "texture": "#2"},
				"west": {"uv": [0, 0, 16, 16], "texture": "#2"},
				"up": {"uv": [0, 0, 16, 16], "texture": "#2"},
				"down": {"uv": [0, 0, 16, 16], "texture": "#2"}
			}
		},
		{
			"name": "Base",
			"from": [19.77, 5.9512, -10.88],
			"to": [19.88, 6.1512, -8],
			"rotation": {"angle": 0, "axis": "y", "origin": [7.87187, 11.7912, 17.2]},
			"faces": {
				"north": {"uv": [0, 0, 16, 16], "texture": "#2"},
				"east": {"uv": [0, 0, 16, 16], "texture": "#2"},
				"south": {"uv": [0, 0, 16, 16], "texture": "#2"},
				"west": {"uv": [0, 0, 16, 16], "texture": "#2"},
				"up": {"uv": [0, 0, 16, 16], "texture": "#2"},
				"down": {"uv": [0, 0, 16, 16], "texture": "#2"}
			}
		},
		{
			"name": "Base",
			"from": [19.77, 6.3512, -10.88],
			"to": [19.88, 6.5512, -8],
			"rotation": {"angle": 0, "axis": "y", "origin": [7.87187, 12.1912, 17.2]},
			"faces": {
				"north": {"uv": [0, 0, 16, 16], "texture": "#2"},
				"east": {"uv": [0, 0, 16, 16], "texture": "#2"},
				"south": {"uv": [0, 0, 16, 16], "texture": "#2"},
				"west": {"uv": [0, 0, 16, 16], "texture": "#2"},
				"up": {"uv": [0, 0, 16, 16], "texture": "#2"},
				"down": {"uv": [0, 0, 16, 16], "texture": "#2"}
			}
		},
		{
			"name": "Base",
			"from": [19.77, 6.8512, -9.28],
			"to": [19.88, 7.0512, -7.4],
			"rotation": {"angle": 0, "axis": "y", "origin": [7.87187, 12.6912, 17.8]},
			"faces": {
				"north": {"uv": [0, 0, 16, 16], "texture": "#2"},
				"east": {"uv": [0, 0, 16, 16], "texture": "#2"},
				"south": {"uv": [0, 0, 16, 16], "texture": "#2"},
				"west": {"uv": [0, 0, 16, 16], "texture": "#2"},
				"up": {"uv": [0, 0, 16, 16], "texture": "#2"},
				"down": {"uv": [0, 0, 16, 16], "texture": "#2"}
			}
		},
		{
			"name": "Base",
			"from": [-4.54, 4.8512, 24.72],
			"to": [-4.43, 5.0512, 26.6],
			"rotation": {"angle": 0, "axis": "y", "origin": [7.46813, 10.6912, 51.8]},
			"faces": {
				"north": {"uv": [16, 0, 0, 16], "texture": "#2"},
				"east": {"uv": [16, 0, 0, 16], "texture": "#2"},
				"south": {"uv": [16, 0, 0, 16], "texture": "#2"},
				"west": {"uv": [16, 0, 0, 16], "texture": "#2"},
				"up": {"uv": [16, 0, 0, 16], "texture": "#2"},
				"down": {"uv": [16, 0, 0, 16], "texture": "#2"}
			}
		},
		{
			"name": "Base",
			"from": [19.77, 7.3512, -9.88],
			"to": [19.88, 7.5512, -7.4],
			"rotation": {"angle": 0, "axis": "y", "origin": [7.87187, 13.1912, 17.8]},
			"faces": {
				"north": {"uv": [0, 0, 16, 16], "texture": "#2"},
				"east": {"uv": [0, 0, 16, 16], "texture": "#2"},
				"south": {"uv": [0, 0, 16, 16], "texture": "#2"},
				"west": {"uv": [0, 0, 16, 16], "texture": "#2"},
				"up": {"uv": [0, 0, 16, 16], "texture": "#2"},
				"down": {"uv": [0, 0, 16, 16], "texture": "#2"}
			}
		},
		{
			"name": "Base",
			"from": [-4.54, 5.3512, 24.12],
			"to": [-4.43, 5.5512, 26.6],
			"rotation": {"angle": 0, "axis": "y", "origin": [7.46813, 11.1912, 51.8]},
			"faces": {
				"north": {"uv": [16, 0, 0, 16], "texture": "#2"},
				"east": {"uv": [16, 0, 0, 16], "texture": "#2"},
				"south": {"uv": [16, 0, 0, 16], "texture": "#2"},
				"west": {"uv": [16, 0, 0, 16], "texture": "#2"},
				"up": {"uv": [16, 0, 0, 16], "texture": "#2"},
				"down": {"uv": [16, 0, 0, 16], "texture": "#2"}
			}
		},
		{
			"name": "Base",
			"from": [19.77, 7.8512, -10.88],
			"to": [19.88, 8.0512, -7.4],
			"rotation": {"angle": 0, "axis": "y", "origin": [7.87187, 13.6912, 17.8]},
			"faces": {
				"north": {"uv": [0, 0, 16, 16], "texture": "#2"},
				"east": {"uv": [0, 0, 16, 16], "texture": "#2"},
				"south": {"uv": [0, 0, 16, 16], "texture": "#2"},
				"west": {"uv": [0, 0, 16, 16], "texture": "#2"},
				"up": {"uv": [0, 0, 16, 16], "texture": "#2"},
				"down": {"uv": [0, 0, 16, 16], "texture": "#2"}
			}
		},
		{
			"name": "Base",
			"from": [-4.54, 5.8512, 23.12],
			"to": [-4.43, 6.0512, 26.6],
			"rotation": {"angle": 0, "axis": "y", "origin": [7.46813, 11.6912, 51.8]},
			"faces": {
				"north": {"uv": [16, 0, 0, 16], "texture": "#2"},
				"east": {"uv": [16, 0, 0, 16], "texture": "#2"},
				"south": {"uv": [16, 0, 0, 16], "texture": "#2"},
				"west": {"uv": [16, 0, 0, 16], "texture": "#2"},
				"up": {"uv": [16, 0, 0, 16], "texture": "#2"},
				"down": {"uv": [16, 0, 0, 16], "texture": "#2"}
			}
		},
		{
			"name": "Base",
			"from": [9.3248, -1.3488, -16],
			"to": [10.9952, 1.8048, -14.6],
			"rotation": {"angle": 0, "axis": "y", "origin": [-2.47168, 6.2912, 12.8]},
			"faces": {
				"north": {"uv": [0, 0, 16, 16], "texture": "#0"},
				"east": {"uv": [0, 0, 16, 16], "texture": "#0"},
				"south": {"uv": [0, 0, 16, 16], "texture": "#0"},
				"west": {"uv": [0, 0, 16, 16], "texture": "#0"},
				"up": {"uv": [0, 0, 16, 16], "texture": "#0"},
				"down": {"uv": [0, 0, 16, 16], "texture": "#0"}
			}
		},
		{
			"name": "Base",
			"from": [5.0048, -1.3488, -16],
			"to": [6.6752, 1.8048, -14.6],
			"rotation": {"angle": 0, "axis": "y", "origin": [-6.79168, 6.2912, 12.8]},
			"faces": {
				"north": {"uv": [0, 0, 16, 16], "texture": "#0"},
				"east": {"uv": [0, 0, 16, 16], "texture": "#0"},
				"south": {"uv": [0, 0, 16, 16], "texture": "#0"},
				"west": {"uv": [0, 0, 16, 16], "texture": "#0"},
				"up": {"uv": [0, 0, 16, 16], "texture": "#0"},
				"down": {"uv": [0, 0, 16, 16], "texture": "#0"}
			}
		},
		{
			"name": "Base",
			"from": [6.4448, -1.3488, -15.6],
			"to": [9.5552, 1.8048, -12.6],
			"rotation": {"angle": 0, "axis": "y", "origin": [-3.91168, 6.2912, 12.8]},
			"faces": {
				"north": {"uv": [0, 0, 16, 16], "texture": "#0"},
				"east": {"uv": [0, 0, 16, 16], "texture": "#0"},
				"south": {"uv": [0, 0, 16, 16], "texture": "#0"},
				"west": {"uv": [0, 0, 16, 16], "texture": "#0"},
				"up": {"uv": [0, 0, 16, 16], "texture": "#0"},
				"down": {"uv": [0, 0, 16, 16], "texture": "#0"}
			}
		},
		{
			"name": "Base",
			"from": [15, 0.0512, -15.88],
			"to": [17, 2.0512, -13.6],
			"rotation": {"angle": 0, "axis": "y", "origin": [6.08352, 7.6912, 12.8]},
			"faces": {
				"north": {"uv": [0, 0, 16, 16], "texture": "#0"},
				"east": {"uv": [0, 0, 16, 16], "texture": "#0"},
				"south": {"uv": [0, 0, 16, 16], "texture": "#0"},
				"west": {"uv": [0, 0, 16, 16], "texture": "#0"},
				"up": {"uv": [0, 0, 16, 16], "texture": "#0"},
				"down": {"uv": [0, 0, 16, 16], "texture": "#0"}
			}
		},
		{
			"name": "Base",
			"from": [14, -0.9856, -16],
			"to": [18, 3.0144, -15.76],
			"rotation": {"angle": 0, "axis": "y", "origin": [6.7424, 7.6912, 12.8]},
			"faces": {
				"north": {"uv": [0, 0, 16, 16], "texture": "#0"},
				"east": {"uv": [0, 0, 16, 16], "texture": "#0"},
				"south": {"uv": [0, 0, 16, 16], "texture": "#0"},
				"west": {"uv": [0, 0, 16, 16], "texture": "#0"},
				"up": {"uv": [0, 0, 16, 16], "texture": "#0"},
				"down": {"uv": [0, 0, 16, 16], "texture": "#0"}
			}
		},
		{
			"name": "Base",
			"from": [-1, 0.0512, -15.88],
			"to": [1, 2.0512, -13.6],
			"rotation": {"angle": 0, "axis": "y", "origin": [9.91648, 7.6912, 12.8]},
			"faces": {
				"north": {"uv": [0, 0, 16, 16], "texture": "#0"},
				"east": {"uv": [0, 0, 16, 16], "texture": "#0"},
				"south": {"uv": [0, 0, 16, 16], "texture": "#0"},
				"west": {"uv": [0, 0, 16, 16], "texture": "#0"},
				"up": {"uv": [0, 0, 16, 16], "texture": "#0"},
				"down": {"uv": [0, 0, 16, 16], "texture": "#0"}
			}
		},
		{
			"name": "Base",
			"from": [-2, -0.9856, -16],
			"to": [2, 3.0144, -15.76],
			"rotation": {"angle": 0, "axis": "y", "origin": [9.2576, 7.6912, 12.8]},
			"faces": {
				"north": {"uv": [0, 0, 16, 16], "texture": "#0"},
				"east": {"uv": [0, 0, 16, 16], "texture": "#0"},
				"south": {"uv": [0, 0, 16, 16], "texture": "#0"},
				"west": {"uv": [0, 0, 16, 16], "texture": "#0"},
				"up": {"uv": [0, 0, 16, 16], "texture": "#0"},
				"down": {"uv": [0, 0, 16, 16], "texture": "#0"}
			}
		}
	],
	"display": {
		"thirdperson_righthand": {
			"rotation": [50, 0, 0],
			"translation": [0, 0.5, 0],
			"scale": [0.1, 0.1, 0.1]
		},
		"thirdperson_lefthand": {
			"rotation": [50, 0, 0],
			"translation": [0, 0.5, 0],
			"scale": [0.1, 0.1, 0.1]
		},
		"firstperson_righthand": {
			"rotation": [0, 37, 0],
			"translation": [0, 1.25, 0],
			"scale": [0.2, 0.2, 0.2]
		},
		"firstperson_lefthand": {
			"rotation": [0, 37, 0],
			"translation": [0, 1.25, 0],
			"scale": [0.2, 0.2, 0.2]
		},
		"ground": {
			"scale": [0.3, 0.3, 0.3]
		},
		"gui": {
			"rotation": [0, 90, 0],
			"translation": [0.95, -0.5, 0],
			"scale": [0.36, 0.36, 0.36]
		},
		"head": {
			"translation": [0, -15, -80],
			"scale": [4, 4, 4]
		},
		"fixed": {
			"rotation": [0, 90, 0],
			"scale": [0.5, 0.5, 0.5]
		}
	},
	"groups": [0, 1, 2, 3, 4, 5, 6, 7, 8, 9, 10, 11, 12, 13, 14, 15, 16, 17, 18, 19, 20, 21, 22, 23, 24, 25, 26, 27, 28, 29, 30, 31, 32, 33, 34, 35, 36, 37, 38, 39, 40, 41, 42, 43, 44, 45, 46, 47, 48, 49, 50, 51, 52, 53, 54, 55, 56, 57, 58, 59, 60, 61, 62, 63, 64, 65, 66, 67, 68, 69, 70, 71, 72, 73, 74, 75, 76, 77, 78, 79, 80, 81, 82, 83, 84, 85, 86, 87, 88, 89, 90, 91, 92, 93, 94, 95, 96, 97, 98, 99, 100, 101, 102, 103, 104,
		{
			"name": "buffer",
			"origin": [8, 8, 8],
			"children": [
				{
					"name": "BaseColor",
					"origin": [13.45, 14.876, 18.7],
					"children": []
				},
				{
					"name": "DetailColor",
					"origin": [8, 5.376, 38.7],
					"children": []
				},
				{
					"name": "Base",
					"origin": [8, 7.376, 18.8],
					"children": [
						{
							"name": "group",
							"origin": [9.2576, 9.6912, 12.8],
							"children": []
						}
					]
				}
			]
		},
		{
			"name": "buffer",
			"origin": [8, 8, 8],
			"children": [
				{
					"name": "BaseColor",
					"origin": [13.45, 14.876, 18.7],
					"children": []
				},
				{
					"name": "DetailColor",
					"origin": [8, 5.376, 38.7],
					"children": []
				},
				{
					"name": "Base",
					"origin": [8, 7.376, 18.8],
					"children": [105, 106, 107,
						{
							"name": "group",
							"origin": [9.2576, 9.6912, 12.8],
							"children": [108, 109, 110, 111]
						}
					]
				}
			]
		}
	]
}