{
	"credit": "Made with Blockbench",
	"textures": {
		"0": "block/anvil",
		"1": "block/iron_block",
		"2": "block/white_concrete",
		"4": "block/hay_block_top",
		"6": "block/gray_concrete",
		"particle": "block/white_concrete"
	},
	"elements": [
		{
			"name": "Cube",
			"from": [3.8257, 23.29344, -12],
			"to": [9.7331, 24.51584, 29.4],
			"rotation": {"angle": 22.5, "axis": "z", "origin": [8.14656, 8.01296, 36.4]},
			"faces": {
				"north": {"uv": [16, 0, 0, 16], "texture": "#6"},
				"east": {"uv": [16, 0, 0, 16], "texture": "#6"},
				"south": {"uv": [16, 0, 0, 16], "texture": "#6"},
				"west": {"uv": [16, 0, 0, 16], "texture": "#6"},
				"up": {"uv": [16, 0, 0, 16], "texture": "#6"},
				"down": {"uv": [16, 0, 0, 16], "texture": "#6"}
			}
		},
		{
			"name": "Cube",
			"from": [6.2669, 23.29344, -12],
			"to": [12.1743, 24.51584, 29.4],
			"rotation": {"angle": -22.5, "axis": "z", "origin": [7.85344, 8.01296, 36.4]},
			"faces": {
				"north": {"uv": [0, 0, 16, 16], "texture": "#6"},
				"east": {"uv": [0, 0, 16, 16], "texture": "#6"},
				"south": {"uv": [0, 0, 16, 16], "texture": "#6"},
				"west": {"uv": [0, 0, 16, 16], "texture": "#6"},
				"up": {"uv": [0, 0, 16, 16], "texture": "#6"},
				"down": {"uv": [0, 0, 16, 16], "texture": "#6"}
			}
		},
		{
			"name": "Cube",
			"from": [3.23597, 22.76576, -12],
			"to": [12.56403, 23.8464, 29.4],
			"rotation": {"angle": 0, "axis": "y", "origin": [5.85632, 8.1712, 35.4]},
			"faces": {
				"north": {"uv": [16, 0, 0, 16], "texture": "#6"},
				"east": {"uv": [16, 0, 0, 16], "texture": "#6"},
				"south": {"uv": [16, 0, 0, 16], "texture": "#6"},
				"west": {"uv": [16, 0, 0, 16], "texture": "#6"},
				"up": {"uv": [16, 0, 0, 16], "texture": "#6"},
				"down": {"uv": [16, 0, 0, 16], "texture": "#6"}
			}
		},
		{
			"name": "Cube",
			"from": [-2.36696, 1.60384, 28],
			"to": [18.36696, 3.19104, 29.6],
			"rotation": {"angle": 0, "axis": "y", "origin": [5.41339, 8.8512, 3.2]},
			"faces": {
				"north": {"uv": [0, 0, 16, 16], "texture": "#1", "tintindex": 0},
				"east": {"uv": [0, 0, 16, 16], "texture": "#1", "tintindex": 0},
				"south": {"uv": [0, 0, 16, 16], "texture": "#1", "tintindex": 0},
				"west": {"uv": [0, 0, 16, 16], "texture": "#1", "tintindex": 0},
				"up": {"uv": [16, 16, 0, 0], "texture": "#1", "tintindex": 0},
				"down": {"uv": [16, 16, 0, 0], "texture": "#1", "tintindex": 0}
			}
		},
		{
			"name": "Cube",
			"from": [16.72467, 3.05104, -4],
			"to": [17.43747, 8.13344, 4.1],
			"rotation": {"angle": 0, "axis": "y", "origin": [8.5383, 10.4512, -23.8]},
			"faces": {
				"north": {"uv": [1, 15, 15, 1], "texture": "#1", "tintindex": 0},
				"east": {"uv": [1, 15, 15, 1], "texture": "#1", "tintindex": 0},
				"south": {"uv": [1, 15, 15, 1], "texture": "#1", "tintindex": 0},
				"west": {"uv": [1, 15, 15, 1], "texture": "#1", "tintindex": 0},
				"up": {"uv": [15, 1, 1, 15], "texture": "#1", "tintindex": 0},
				"down": {"uv": [15, 1, 1, 15], "texture": "#1", "tintindex": 0}
			}
		},
		{
			"name": "Cube",
			"from": [-1.43747, 3.05104, -4],
			"to": [-0.72467, 8.13344, 4.1],
			"rotation": {"angle": 0, "axis": "y", "origin": [7.4617, 10.4512, -23.8]},
			"faces": {
				"north": {"uv": [15, 15, 1, 1], "texture": "#1", "tintindex": 0},
				"east": {"uv": [15, 15, 1, 1], "texture": "#1", "tintindex": 0},
				"south": {"uv": [15, 15, 1, 1], "texture": "#1", "tintindex": 0},
				"west": {"uv": [15, 15, 1, 1], "texture": "#1", "tintindex": 0},
				"up": {"uv": [1, 1, 15, 15], "texture": "#1", "tintindex": 0},
				"down": {"uv": [1, 1, 15, 15], "texture": "#1", "tintindex": 0}
			}
		},
		{
			"name": "Cube",
			"from": [16.72467, 9.05104, -4],
			"to": [17.43747, 10.13344, 4.1],
			"rotation": {"angle": 0, "axis": "y", "origin": [8.5383, 16.4512, -23.8]},
			"faces": {
				"north": {"uv": [1, 15, 15, 1], "texture": "#1", "tintindex": 0},
				"east": {"uv": [1, 15, 15, 1], "texture": "#1", "tintindex": 0},
				"south": {"uv": [1, 15, 15, 1], "texture": "#1", "tintindex": 0},
				"west": {"uv": [1, 15, 15, 1], "texture": "#1", "tintindex": 0},
				"up": {"uv": [15, 1, 1, 15], "texture": "#1", "tintindex": 0},
				"down": {"uv": [15, 1, 1, 15], "texture": "#1", "tintindex": 0}
			}
		},
		{
			"name": "Cube",
			"from": [-1.43747, 9.05104, -4],
			"to": [-0.72467, 10.13344, 4.1],
			"rotation": {"angle": 0, "axis": "y", "origin": [7.4617, 16.4512, -23.8]},
			"faces": {
				"north": {"uv": [15, 15, 1, 1], "texture": "#1", "tintindex": 0},
				"east": {"uv": [15, 15, 1, 1], "texture": "#1", "tintindex": 0},
				"south": {"uv": [15, 15, 1, 1], "texture": "#1", "tintindex": 0},
				"west": {"uv": [15, 15, 1, 1], "texture": "#1", "tintindex": 0},
				"up": {"uv": [1, 1, 15, 15], "texture": "#1", "tintindex": 0},
				"down": {"uv": [1, 1, 15, 15], "texture": "#1", "tintindex": 0}
			}
		},
		{
			"name": "Cube",
			"from": [16.72467, 11.05104, -4],
			"to": [17.43747, 12.13344, 4.1],
			"rotation": {"angle": 0, "axis": "y", "origin": [8.5383, 18.4512, -23.8]},
			"faces": {
				"north": {"uv": [1, 15, 15, 1], "texture": "#1", "tintindex": 0},
				"east": {"uv": [1, 15, 15, 1], "texture": "#1", "tintindex": 0},
				"south": {"uv": [1, 15, 15, 1], "texture": "#1", "tintindex": 0},
				"west": {"uv": [1, 15, 15, 1], "texture": "#1", "tintindex": 0},
				"up": {"uv": [15, 1, 1, 15], "texture": "#1", "tintindex": 0},
				"down": {"uv": [15, 1, 1, 15], "texture": "#1", "tintindex": 0}
			}
		},
		{
			"name": "Cube",
			"from": [-1.43747, 11.05104, -4],
			"to": [-0.72467, 12.13344, 4.1],
			"rotation": {"angle": 0, "axis": "y", "origin": [7.4617, 18.4512, -23.8]},
			"faces": {
				"north": {"uv": [15, 15, 1, 1], "texture": "#1", "tintindex": 0},
				"east": {"uv": [15, 15, 1, 1], "texture": "#1", "tintindex": 0},
				"south": {"uv": [15, 15, 1, 1], "texture": "#1", "tintindex": 0},
				"west": {"uv": [15, 15, 1, 1], "texture": "#1", "tintindex": 0},
				"up": {"uv": [1, 1, 15, 15], "texture": "#1", "tintindex": 0},
				"down": {"uv": [1, 1, 15, 15], "texture": "#1", "tintindex": 0}
			}
		},
		{
			"name": "Cube",
			"from": [16.72467, 13.05104, -4],
			"to": [17.43747, 14.13344, 4.1],
			"rotation": {"angle": 0, "axis": "y", "origin": [8.5383, 20.4512, -23.8]},
			"faces": {
				"north": {"uv": [1, 15, 15, 1], "texture": "#1", "tintindex": 0},
				"east": {"uv": [1, 15, 15, 1], "texture": "#1", "tintindex": 0},
				"south": {"uv": [1, 15, 15, 1], "texture": "#1", "tintindex": 0},
				"west": {"uv": [1, 15, 15, 1], "texture": "#1", "tintindex": 0},
				"up": {"uv": [15, 1, 1, 15], "texture": "#1", "tintindex": 0},
				"down": {"uv": [15, 1, 1, 15], "texture": "#1", "tintindex": 0}
			}
		},
		{
			"name": "Cube",
			"from": [16.72467, 15.05104, -4],
			"to": [17.43747, 16.13344, 4.1],
			"rotation": {"angle": 0, "axis": "y", "origin": [8.5383, 22.4512, -23.8]},
			"faces": {
				"north": {"uv": [1, 15, 15, 1], "texture": "#1", "tintindex": 0},
				"east": {"uv": [1, 15, 15, 1], "texture": "#1", "tintindex": 0},
				"south": {"uv": [1, 15, 15, 1], "texture": "#1", "tintindex": 0},
				"west": {"uv": [1, 15, 15, 1], "texture": "#1", "tintindex": 0},
				"up": {"uv": [15, 1, 1, 15], "texture": "#1", "tintindex": 0},
				"down": {"uv": [15, 1, 1, 15], "texture": "#1", "tintindex": 0}
			}
		},
		{
			"name": "Cube",
			"from": [-1.43747, 13.05104, -4],
			"to": [-0.72467, 14.13344, 4.1],
			"rotation": {"angle": 0, "axis": "y", "origin": [7.4617, 20.4512, -23.8]},
			"faces": {
				"north": {"uv": [15, 15, 1, 1], "texture": "#1", "tintindex": 0},
				"east": {"uv": [15, 15, 1, 1], "texture": "#1", "tintindex": 0},
				"south": {"uv": [15, 15, 1, 1], "texture": "#1", "tintindex": 0},
				"west": {"uv": [15, 15, 1, 1], "texture": "#1", "tintindex": 0},
				"up": {"uv": [1, 1, 15, 15], "texture": "#1", "tintindex": 0},
				"down": {"uv": [1, 1, 15, 15], "texture": "#1", "tintindex": 0}
			}
		},
		{
			"name": "Cube",
			"from": [-1.43747, 15.05104, -4],
			"to": [-0.72467, 16.13344, 4.1],
			"rotation": {"angle": 0, "axis": "y", "origin": [7.4617, 22.4512, -23.8]},
			"faces": {
				"north": {"uv": [15, 15, 1, 1], "texture": "#1", "tintindex": 0},
				"east": {"uv": [15, 15, 1, 1], "texture": "#1", "tintindex": 0},
				"south": {"uv": [15, 15, 1, 1], "texture": "#1", "tintindex": 0},
				"west": {"uv": [15, 15, 1, 1], "texture": "#1", "tintindex": 0},
				"up": {"uv": [1, 1, 15, 15], "texture": "#1", "tintindex": 0},
				"down": {"uv": [1, 1, 15, 15], "texture": "#1", "tintindex": 0}
			}
		},
		{
			"name": "Cube",
			"from": [16.72467, 17.05104, -4],
			"to": [17.43747, 21.13344, 4.1],
			"rotation": {"angle": 0, "axis": "y", "origin": [8.5383, 22.4512, -23.8]},
			"faces": {
				"north": {"uv": [1, 15, 15, 1], "texture": "#1", "tintindex": 0},
				"east": {"uv": [1, 15, 15, 1], "texture": "#1", "tintindex": 0},
				"south": {"uv": [1, 15, 15, 1], "texture": "#1", "tintindex": 0},
				"west": {"uv": [1, 15, 15, 1], "texture": "#1", "tintindex": 0},
				"up": {"uv": [15, 1, 1, 15], "texture": "#1", "tintindex": 0},
				"down": {"uv": [15, 1, 1, 15], "texture": "#1", "tintindex": 0}
			}
		},
		{
			"name": "Cube",
			"from": [-1.43747, 17.05104, -4],
			"to": [-0.72467, 21.13344, 4.1],
			"rotation": {"angle": 0, "axis": "y", "origin": [7.4617, 22.4512, -23.8]},
			"faces": {
				"north": {"uv": [15, 15, 1, 1], "texture": "#1", "tintindex": 0},
				"east": {"uv": [15, 15, 1, 1], "texture": "#1", "tintindex": 0},
				"south": {"uv": [15, 15, 1, 1], "texture": "#1", "tintindex": 0},
				"west": {"uv": [15, 15, 1, 1], "texture": "#1", "tintindex": 0},
				"up": {"uv": [1, 1, 15, 15], "texture": "#1", "tintindex": 0},
				"down": {"uv": [1, 1, 15, 15], "texture": "#1", "tintindex": 0}
			}
		},
		{
			"name": "Cube",
			"from": [16.72467, 9.05104, -12],
			"to": [17.43747, 10.13344, -3.9],
			"rotation": {"angle": 0, "axis": "y", "origin": [8.5383, 16.4512, -31.8]},
			"faces": {
				"north": {"uv": [1, 15, 15, 1], "texture": "#1", "tintindex": 0},
				"east": {"uv": [1, 15, 15, 1], "texture": "#1", "tintindex": 0},
				"south": {"uv": [1, 15, 15, 1], "texture": "#1", "tintindex": 0},
				"west": {"uv": [1, 15, 15, 1], "texture": "#1", "tintindex": 0},
				"up": {"uv": [15, 1, 1, 15], "texture": "#1", "tintindex": 0},
				"down": {"uv": [15, 1, 1, 15], "texture": "#1", "tintindex": 0}
			}
		},
		{
			"name": "Cube",
			"from": [-1.43747, 9.05104, -12],
			"to": [-0.72467, 10.13344, -3.9],
			"rotation": {"angle": 0, "axis": "y", "origin": [7.4617, 16.4512, -31.8]},
			"faces": {
				"north": {"uv": [15, 15, 1, 1], "texture": "#1", "tintindex": 0},
				"east": {"uv": [15, 15, 1, 1], "texture": "#1", "tintindex": 0},
				"south": {"uv": [15, 15, 1, 1], "texture": "#1", "tintindex": 0},
				"west": {"uv": [15, 15, 1, 1], "texture": "#1", "tintindex": 0},
				"up": {"uv": [1, 1, 15, 15], "texture": "#1", "tintindex": 0},
				"down": {"uv": [1, 1, 15, 15], "texture": "#1", "tintindex": 0}
			}
		},
		{
			"name": "Cube",
			"from": [16.72467, 11.05104, -12],
			"to": [17.43747, 12.13344, -3.9],
			"rotation": {"angle": 0, "axis": "y", "origin": [8.5383, 18.4512, -31.8]},
			"faces": {
				"north": {"uv": [1, 15, 15, 1], "texture": "#1", "tintindex": 0},
				"east": {"uv": [1, 15, 15, 1], "texture": "#1", "tintindex": 0},
				"south": {"uv": [1, 15, 15, 1], "texture": "#1", "tintindex": 0},
				"west": {"uv": [1, 15, 15, 1], "texture": "#1", "tintindex": 0},
				"up": {"uv": [15, 1, 1, 15], "texture": "#1", "tintindex": 0},
				"down": {"uv": [15, 1, 1, 15], "texture": "#1", "tintindex": 0}
			}
		},
		{
			"name": "Cube",
			"from": [-1.43747, 11.05104, -12],
			"to": [-0.72467, 12.13344, -3.9],
			"rotation": {"angle": 0, "axis": "y", "origin": [7.4617, 18.4512, -31.8]},
			"faces": {
				"north": {"uv": [15, 15, 1, 1], "texture": "#1", "tintindex": 0},
				"east": {"uv": [15, 15, 1, 1], "texture": "#1", "tintindex": 0},
				"south": {"uv": [15, 15, 1, 1], "texture": "#1", "tintindex": 0},
				"west": {"uv": [15, 15, 1, 1], "texture": "#1", "tintindex": 0},
				"up": {"uv": [1, 1, 15, 15], "texture": "#1", "tintindex": 0},
				"down": {"uv": [1, 1, 15, 15], "texture": "#1", "tintindex": 0}
			}
		},
		{
			"name": "Cube",
			"from": [16.72467, 13.05104, -12],
			"to": [17.43747, 14.13344, -3.9],
			"rotation": {"angle": 0, "axis": "y", "origin": [8.5383, 20.4512, -31.8]},
			"faces": {
				"north": {"uv": [1, 15, 15, 1], "texture": "#1", "tintindex": 0},
				"east": {"uv": [1, 15, 15, 1], "texture": "#1", "tintindex": 0},
				"south": {"uv": [1, 15, 15, 1], "texture": "#1", "tintindex": 0},
				"west": {"uv": [1, 15, 15, 1], "texture": "#1", "tintindex": 0},
				"up": {"uv": [15, 1, 1, 15], "texture": "#1", "tintindex": 0},
				"down": {"uv": [15, 1, 1, 15], "texture": "#1", "tintindex": 0}
			}
		},
		{
			"name": "Cube",
			"from": [-1.43747, 13.05104, -12],
			"to": [-0.72467, 14.13344, -3.9],
			"rotation": {"angle": 0, "axis": "y", "origin": [7.4617, 20.4512, -31.8]},
			"faces": {
				"north": {"uv": [15, 15, 1, 1], "texture": "#1", "tintindex": 0},
				"east": {"uv": [15, 15, 1, 1], "texture": "#1", "tintindex": 0},
				"south": {"uv": [15, 15, 1, 1], "texture": "#1", "tintindex": 0},
				"west": {"uv": [15, 15, 1, 1], "texture": "#1", "tintindex": 0},
				"up": {"uv": [1, 1, 15, 15], "texture": "#1", "tintindex": 0},
				"down": {"uv": [1, 1, 15, 15], "texture": "#1", "tintindex": 0}
			}
		},
		{
			"name": "Cube",
			"from": [16.72467, 15.05104, -12],
			"to": [17.43747, 21.13344, -3.9],
			"rotation": {"angle": 0, "axis": "y", "origin": [8.5383, 22.4512, -31.8]},
			"faces": {
				"north": {"uv": [1, 15, 15, 1], "texture": "#1", "tintindex": 0},
				"east": {"uv": [1, 15, 15, 1], "texture": "#1", "tintindex": 0},
				"south": {"uv": [1, 15, 15, 1], "texture": "#1", "tintindex": 0},
				"west": {"uv": [1, 15, 15, 1], "texture": "#1", "tintindex": 0},
				"up": {"uv": [15, 1, 1, 15], "texture": "#1", "tintindex": 0},
				"down": {"uv": [15, 1, 1, 15], "texture": "#1", "tintindex": 0}
			}
		},
		{
			"name": "Cube",
			"from": [-1.43747, 15.05104, -12],
			"to": [-0.72467, 21.13344, -3.9],
			"rotation": {"angle": 0, "axis": "y", "origin": [7.4617, 22.4512, -31.8]},
			"faces": {
				"north": {"uv": [15, 15, 1, 1], "texture": "#1", "tintindex": 0},
				"east": {"uv": [15, 15, 1, 1], "texture": "#1", "tintindex": 0},
				"south": {"uv": [15, 15, 1, 1], "texture": "#1", "tintindex": 0},
				"west": {"uv": [15, 15, 1, 1], "texture": "#1", "tintindex": 0},
				"up": {"uv": [1, 1, 15, 15], "texture": "#1", "tintindex": 0},
				"down": {"uv": [1, 1, 15, 15], "texture": "#1", "tintindex": 0}
			}
		},
		{
			"name": "Cube",
			"from": [16.72467, 3.05104, 4],
			"to": [17.43747, 8.13344, 12.1],
			"rotation": {"angle": 0, "axis": "y", "origin": [8.5383, 10.4512, -15.8]},
			"faces": {
				"north": {"uv": [1, 15, 15, 1], "texture": "#1", "tintindex": 0},
				"east": {"uv": [1, 15, 15, 1], "texture": "#1", "tintindex": 0},
				"south": {"uv": [1, 15, 15, 1], "texture": "#1", "tintindex": 0},
				"west": {"uv": [1, 15, 15, 1], "texture": "#1", "tintindex": 0},
				"up": {"uv": [15, 1, 1, 15], "texture": "#1", "tintindex": 0},
				"down": {"uv": [15, 1, 1, 15], "texture": "#1", "tintindex": 0}
			}
		},
		{
			"name": "Cube",
			"from": [-1.43747, 3.05104, 4],
			"to": [-0.72467, 8.13344, 12.1],
			"rotation": {"angle": 0, "axis": "y", "origin": [7.4617, 10.4512, -15.8]},
			"faces": {
				"north": {"uv": [15, 15, 1, 1], "texture": "#1", "tintindex": 0},
				"east": {"uv": [15, 15, 1, 1], "texture": "#1", "tintindex": 0},
				"south": {"uv": [15, 15, 1, 1], "texture": "#1", "tintindex": 0},
				"west": {"uv": [15, 15, 1, 1], "texture": "#1", "tintindex": 0},
				"up": {"uv": [1, 1, 15, 15], "texture": "#1", "tintindex": 0},
				"down": {"uv": [1, 1, 15, 15], "texture": "#1", "tintindex": 0}
			}
		},
		{
			"name": "Cube",
			"from": [16.72467, 9.05104, 4],
			"to": [17.43747, 10.13344, 12.1],
			"rotation": {"angle": 0, "axis": "y", "origin": [8.5383, 16.4512, -15.8]},
			"faces": {
				"north": {"uv": [1, 15, 15, 1], "texture": "#1", "tintindex": 0},
				"east": {"uv": [1, 15, 15, 1], "texture": "#1", "tintindex": 0},
				"south": {"uv": [1, 15, 15, 1], "texture": "#1", "tintindex": 0},
				"west": {"uv": [1, 15, 15, 1], "texture": "#1", "tintindex": 0},
				"up": {"uv": [15, 1, 1, 15], "texture": "#1", "tintindex": 0},
				"down": {"uv": [15, 1, 1, 15], "texture": "#1", "tintindex": 0}
			}
		},
		{
			"name": "Cube",
			"from": [-1.43747, 9.05104, 4],
			"to": [-0.72467, 10.13344, 12.1],
			"rotation": {"angle": 0, "axis": "y", "origin": [7.4617, 16.4512, -15.8]},
			"faces": {
				"north": {"uv": [15, 15, 1, 1], "texture": "#1", "tintindex": 0},
				"east": {"uv": [15, 15, 1, 1], "texture": "#1", "tintindex": 0},
				"south": {"uv": [15, 15, 1, 1], "texture": "#1", "tintindex": 0},
				"west": {"uv": [15, 15, 1, 1], "texture": "#1", "tintindex": 0},
				"up": {"uv": [1, 1, 15, 15], "texture": "#1", "tintindex": 0},
				"down": {"uv": [1, 1, 15, 15], "texture": "#1", "tintindex": 0}
			}
		},
		{
			"name": "Cube",
			"from": [16.72467, 11.05104, 4],
			"to": [17.43747, 12.13344, 12.1],
			"rotation": {"angle": 0, "axis": "y", "origin": [8.5383, 18.4512, -15.8]},
			"faces": {
				"north": {"uv": [1, 15, 15, 1], "texture": "#1", "tintindex": 0},
				"east": {"uv": [1, 15, 15, 1], "texture": "#1", "tintindex": 0},
				"south": {"uv": [1, 15, 15, 1], "texture": "#1", "tintindex": 0},
				"west": {"uv": [1, 15, 15, 1], "texture": "#1", "tintindex": 0},
				"up": {"uv": [15, 1, 1, 15], "texture": "#1", "tintindex": 0},
				"down": {"uv": [15, 1, 1, 15], "texture": "#1", "tintindex": 0}
			}
		},
		{
			"name": "Cube",
			"from": [-1.43747, 11.05104, 4],
			"to": [-0.72467, 12.13344, 12.1],
			"rotation": {"angle": 0, "axis": "y", "origin": [7.4617, 18.4512, -15.8]},
			"faces": {
				"north": {"uv": [15, 15, 1, 1], "texture": "#1", "tintindex": 0},
				"east": {"uv": [15, 15, 1, 1], "texture": "#1", "tintindex": 0},
				"south": {"uv": [15, 15, 1, 1], "texture": "#1", "tintindex": 0},
				"west": {"uv": [15, 15, 1, 1], "texture": "#1", "tintindex": 0},
				"up": {"uv": [1, 1, 15, 15], "texture": "#1", "tintindex": 0},
				"down": {"uv": [1, 1, 15, 15], "texture": "#1", "tintindex": 0}
			}
		},
		{
			"name": "Cube",
			"from": [16.72467, 13.05104, 4],
			"to": [17.43747, 14.13344, 12.1],
			"rotation": {"angle": 0, "axis": "y", "origin": [8.5383, 20.4512, -15.8]},
			"faces": {
				"north": {"uv": [1, 15, 15, 1], "texture": "#1", "tintindex": 0},
				"east": {"uv": [1, 15, 15, 1], "texture": "#1", "tintindex": 0},
				"south": {"uv": [1, 15, 15, 1], "texture": "#1", "tintindex": 0},
				"west": {"uv": [1, 15, 15, 1], "texture": "#1", "tintindex": 0},
				"up": {"uv": [15, 1, 1, 15], "texture": "#1", "tintindex": 0},
				"down": {"uv": [15, 1, 1, 15], "texture": "#1", "tintindex": 0}
			}
		},
		{
			"name": "Cube",
			"from": [16.72467, 15.05104, 4],
			"to": [17.43747, 16.13344, 12.1],
			"rotation": {"angle": 0, "axis": "y", "origin": [8.5383, 22.4512, -15.8]},
			"faces": {
				"north": {"uv": [1, 15, 15, 1], "texture": "#1", "tintindex": 0},
				"east": {"uv": [1, 15, 15, 1], "texture": "#1", "tintindex": 0},
				"south": {"uv": [1, 15, 15, 1], "texture": "#1", "tintindex": 0},
				"west": {"uv": [1, 15, 15, 1], "texture": "#1", "tintindex": 0},
				"up": {"uv": [15, 1, 1, 15], "texture": "#1", "tintindex": 0},
				"down": {"uv": [15, 1, 1, 15], "texture": "#1", "tintindex": 0}
			}
		},
		{
			"name": "Cube",
			"from": [-1.43747, 13.05104, 4],
			"to": [-0.72467, 14.13344, 12.1],
			"rotation": {"angle": 0, "axis": "y", "origin": [7.4617, 20.4512, -15.8]},
			"faces": {
				"north": {"uv": [15, 15, 1, 1], "texture": "#1", "tintindex": 0},
				"east": {"uv": [15, 15, 1, 1], "texture": "#1", "tintindex": 0},
				"south": {"uv": [15, 15, 1, 1], "texture": "#1", "tintindex": 0},
				"west": {"uv": [15, 15, 1, 1], "texture": "#1", "tintindex": 0},
				"up": {"uv": [1, 1, 15, 15], "texture": "#1", "tintindex": 0},
				"down": {"uv": [1, 1, 15, 15], "texture": "#1", "tintindex": 0}
			}
		},
		{
			"name": "Cube",
			"from": [-1.43747, 15.05104, 4],
			"to": [-0.72467, 16.13344, 12.1],
			"rotation": {"angle": 0, "axis": "y", "origin": [7.4617, 22.4512, -15.8]},
			"faces": {
				"north": {"uv": [15, 15, 1, 1], "texture": "#1", "tintindex": 0},
				"east": {"uv": [15, 15, 1, 1], "texture": "#1", "tintindex": 0},
				"south": {"uv": [15, 15, 1, 1], "texture": "#1", "tintindex": 0},
				"west": {"uv": [15, 15, 1, 1], "texture": "#1", "tintindex": 0},
				"up": {"uv": [1, 1, 15, 15], "texture": "#1", "tintindex": 0},
				"down": {"uv": [1, 1, 15, 15], "texture": "#1", "tintindex": 0}
			}
		},
		{
			"name": "Cube",
			"from": [16.72467, 17.05104, 4],
			"to": [17.43747, 21.13344, 12.1],
			"rotation": {"angle": 0, "axis": "y", "origin": [8.5383, 22.4512, -15.8]},
			"faces": {
				"north": {"uv": [1, 15, 15, 1], "texture": "#1", "tintindex": 0},
				"east": {"uv": [1, 15, 15, 1], "texture": "#1", "tintindex": 0},
				"south": {"uv": [1, 15, 15, 1], "texture": "#1", "tintindex": 0},
				"west": {"uv": [1, 15, 15, 1], "texture": "#1", "tintindex": 0},
				"up": {"uv": [15, 1, 1, 15], "texture": "#1", "tintindex": 0},
				"down": {"uv": [15, 1, 1, 15], "texture": "#1", "tintindex": 0}
			}
		},
		{
			"name": "Cube",
			"from": [-1.43747, 17.05104, 4],
			"to": [-0.72467, 21.13344, 12.1],
			"rotation": {"angle": 0, "axis": "y", "origin": [7.4617, 22.4512, -15.8]},
			"faces": {
				"north": {"uv": [15, 15, 1, 1], "texture": "#1", "tintindex": 0},
				"east": {"uv": [15, 15, 1, 1], "texture": "#1", "tintindex": 0},
				"south": {"uv": [15, 15, 1, 1], "texture": "#1", "tintindex": 0},
				"west": {"uv": [15, 15, 1, 1], "texture": "#1", "tintindex": 0},
				"up": {"uv": [1, 1, 15, 15], "texture": "#1", "tintindex": 0},
				"down": {"uv": [1, 1, 15, 15], "texture": "#1", "tintindex": 0}
			}
		},
		{
			"name": "Cube",
			"from": [16.72467, 3.05104, 12],
			"to": [17.43747, 8.13344, 20.1],
			"rotation": {"angle": 0, "axis": "y", "origin": [8.5383, 10.4512, -7.8]},
			"faces": {
				"north": {"uv": [1, 15, 15, 1], "texture": "#1", "tintindex": 0},
				"east": {"uv": [1, 15, 15, 1], "texture": "#1", "tintindex": 0},
				"south": {"uv": [1, 15, 15, 1], "texture": "#1", "tintindex": 0},
				"west": {"uv": [1, 15, 15, 1], "texture": "#1", "tintindex": 0},
				"up": {"uv": [15, 1, 1, 15], "texture": "#1", "tintindex": 0},
				"down": {"uv": [15, 1, 1, 15], "texture": "#1", "tintindex": 0}
			}
		},
		{
			"name": "Cube",
			"from": [-1.43747, 3.05104, 12],
			"to": [-0.72467, 8.13344, 20.1],
			"rotation": {"angle": 0, "axis": "y", "origin": [7.4617, 10.4512, -7.8]},
			"faces": {
				"north": {"uv": [15, 15, 1, 1], "texture": "#1", "tintindex": 0},
				"east": {"uv": [15, 15, 1, 1], "texture": "#1", "tintindex": 0},
				"south": {"uv": [15, 15, 1, 1], "texture": "#1", "tintindex": 0},
				"west": {"uv": [15, 15, 1, 1], "texture": "#1", "tintindex": 0},
				"up": {"uv": [1, 1, 15, 15], "texture": "#1", "tintindex": 0},
				"down": {"uv": [1, 1, 15, 15], "texture": "#1", "tintindex": 0}
			}
		},
		{
			"name": "Cube",
			"from": [16.72467, 9.05104, 12],
			"to": [17.43747, 10.13344, 20.1],
			"rotation": {"angle": 0, "axis": "y", "origin": [8.5383, 16.4512, -7.8]},
			"faces": {
				"north": {"uv": [1, 15, 15, 1], "texture": "#1", "tintindex": 0},
				"east": {"uv": [1, 15, 15, 1], "texture": "#1", "tintindex": 0},
				"south": {"uv": [1, 15, 15, 1], "texture": "#1", "tintindex": 0},
				"west": {"uv": [1, 15, 15, 1], "texture": "#1", "tintindex": 0},
				"up": {"uv": [15, 1, 1, 15], "texture": "#1", "tintindex": 0},
				"down": {"uv": [15, 1, 1, 15], "texture": "#1", "tintindex": 0}
			}
		},
		{
			"name": "Cube",
			"from": [-1.43747, 9.05104, 12],
			"to": [-0.72467, 10.13344, 20.1],
			"rotation": {"angle": 0, "axis": "y", "origin": [7.4617, 16.4512, -7.8]},
			"faces": {
				"north": {"uv": [15, 15, 1, 1], "texture": "#1", "tintindex": 0},
				"east": {"uv": [15, 15, 1, 1], "texture": "#1", "tintindex": 0},
				"south": {"uv": [15, 15, 1, 1], "texture": "#1", "tintindex": 0},
				"west": {"uv": [15, 15, 1, 1], "texture": "#1", "tintindex": 0},
				"up": {"uv": [1, 1, 15, 15], "texture": "#1", "tintindex": 0},
				"down": {"uv": [1, 1, 15, 15], "texture": "#1", "tintindex": 0}
			}
		},
		{
			"name": "Cube",
			"from": [16.72467, 11.05104, 12],
			"to": [17.43747, 12.13344, 20.1],
			"rotation": {"angle": 0, "axis": "y", "origin": [8.5383, 18.4512, -7.8]},
			"faces": {
				"north": {"uv": [1, 15, 15, 1], "texture": "#1", "tintindex": 0},
				"east": {"uv": [1, 15, 15, 1], "texture": "#1", "tintindex": 0},
				"south": {"uv": [1, 15, 15, 1], "texture": "#1", "tintindex": 0},
				"west": {"uv": [1, 15, 15, 1], "texture": "#1", "tintindex": 0},
				"up": {"uv": [15, 1, 1, 15], "texture": "#1", "tintindex": 0},
				"down": {"uv": [15, 1, 1, 15], "texture": "#1", "tintindex": 0}
			}
		},
		{
			"name": "Cube",
			"from": [-1.43747, 11.05104, 12],
			"to": [-0.72467, 12.13344, 20.1],
			"rotation": {"angle": 0, "axis": "y", "origin": [7.4617, 18.4512, -7.8]},
			"faces": {
				"north": {"uv": [15, 15, 1, 1], "texture": "#1", "tintindex": 0},
				"east": {"uv": [15, 15, 1, 1], "texture": "#1", "tintindex": 0},
				"south": {"uv": [15, 15, 1, 1], "texture": "#1", "tintindex": 0},
				"west": {"uv": [15, 15, 1, 1], "texture": "#1", "tintindex": 0},
				"up": {"uv": [1, 1, 15, 15], "texture": "#1", "tintindex": 0},
				"down": {"uv": [1, 1, 15, 15], "texture": "#1", "tintindex": 0}
			}
		},
		{
			"name": "Cube",
			"from": [16.72467, 13.05104, 12],
			"to": [17.43747, 14.13344, 20.1],
			"rotation": {"angle": 0, "axis": "y", "origin": [8.5383, 20.4512, -7.8]},
			"faces": {
				"north": {"uv": [1, 15, 15, 1], "texture": "#1", "tintindex": 0},
				"east": {"uv": [1, 15, 15, 1], "texture": "#1", "tintindex": 0},
				"south": {"uv": [1, 15, 15, 1], "texture": "#1", "tintindex": 0},
				"west": {"uv": [1, 15, 15, 1], "texture": "#1", "tintindex": 0},
				"up": {"uv": [15, 1, 1, 15], "texture": "#1", "tintindex": 0},
				"down": {"uv": [15, 1, 1, 15], "texture": "#1", "tintindex": 0}
			}
		},
		{
			"name": "Cube",
			"from": [16.72467, 15.05104, 12],
			"to": [17.43747, 16.13344, 20.1],
			"rotation": {"angle": 0, "axis": "y", "origin": [8.5383, 22.4512, -7.8]},
			"faces": {
				"north": {"uv": [1, 15, 15, 1], "texture": "#1", "tintindex": 0},
				"east": {"uv": [1, 15, 15, 1], "texture": "#1", "tintindex": 0},
				"south": {"uv": [1, 15, 15, 1], "texture": "#1", "tintindex": 0},
				"west": {"uv": [1, 15, 15, 1], "texture": "#1", "tintindex": 0},
				"up": {"uv": [15, 1, 1, 15], "texture": "#1", "tintindex": 0},
				"down": {"uv": [15, 1, 1, 15], "texture": "#1", "tintindex": 0}
			}
		},
		{
			"name": "Cube",
			"from": [-1.43747, 13.05104, 12],
			"to": [-0.72467, 14.13344, 20.1],
			"rotation": {"angle": 0, "axis": "y", "origin": [7.4617, 20.4512, -7.8]},
			"faces": {
				"north": {"uv": [15, 15, 1, 1], "texture": "#1", "tintindex": 0},
				"east": {"uv": [15, 15, 1, 1], "texture": "#1", "tintindex": 0},
				"south": {"uv": [15, 15, 1, 1], "texture": "#1", "tintindex": 0},
				"west": {"uv": [15, 15, 1, 1], "texture": "#1", "tintindex": 0},
				"up": {"uv": [1, 1, 15, 15], "texture": "#1", "tintindex": 0},
				"down": {"uv": [1, 1, 15, 15], "texture": "#1", "tintindex": 0}
			}
		},
		{
			"name": "Cube",
			"from": [-1.43747, 15.05104, 12],
			"to": [-0.72467, 16.13344, 20.1],
			"rotation": {"angle": 0, "axis": "y", "origin": [7.4617, 22.4512, -7.8]},
			"faces": {
				"north": {"uv": [15, 15, 1, 1], "texture": "#1", "tintindex": 0},
				"east": {"uv": [15, 15, 1, 1], "texture": "#1", "tintindex": 0},
				"south": {"uv": [15, 15, 1, 1], "texture": "#1", "tintindex": 0},
				"west": {"uv": [15, 15, 1, 1], "texture": "#1", "tintindex": 0},
				"up": {"uv": [1, 1, 15, 15], "texture": "#1", "tintindex": 0},
				"down": {"uv": [1, 1, 15, 15], "texture": "#1", "tintindex": 0}
			}
		},
		{
			"name": "Cube",
			"from": [16.72467, 17.05104, 12],
			"to": [17.43747, 21.13344, 20.1],
			"rotation": {"angle": 0, "axis": "y", "origin": [8.5383, 22.4512, -7.8]},
			"faces": {
				"north": {"uv": [1, 15, 15, 1], "texture": "#1", "tintindex": 0},
				"east": {"uv": [1, 15, 15, 1], "texture": "#1", "tintindex": 0},
				"south": {"uv": [1, 15, 15, 1], "texture": "#1", "tintindex": 0},
				"west": {"uv": [1, 15, 15, 1], "texture": "#1", "tintindex": 0},
				"up": {"uv": [15, 1, 1, 15], "texture": "#1", "tintindex": 0},
				"down": {"uv": [15, 1, 1, 15], "texture": "#1", "tintindex": 0}
			}
		},
		{
			"name": "Cube",
			"from": [-1.43747, 17.05104, 12],
			"to": [-0.72467, 21.13344, 20.1],
			"rotation": {"angle": 0, "axis": "y", "origin": [7.4617, 22.4512, -7.8]},
			"faces": {
				"north": {"uv": [15, 15, 1, 1], "texture": "#1", "tintindex": 0},
				"east": {"uv": [15, 15, 1, 1], "texture": "#1", "tintindex": 0},
				"south": {"uv": [15, 15, 1, 1], "texture": "#1", "tintindex": 0},
				"west": {"uv": [15, 15, 1, 1], "texture": "#1", "tintindex": 0},
				"up": {"uv": [1, 1, 15, 15], "texture": "#1", "tintindex": 0},
				"down": {"uv": [1, 1, 15, 15], "texture": "#1", "tintindex": 0}
			}
		},
		{
			"name": "Cube",
			"from": [16.72467, 3.05104, 20],
			"to": [17.43747, 8.13344, 28.1],
			"rotation": {"angle": 0, "axis": "y", "origin": [8.5383, 10.4512, 0.2]},
			"faces": {
				"north": {"uv": [1, 15, 15, 1], "texture": "#1", "tintindex": 0},
				"east": {"uv": [1, 15, 15, 1], "texture": "#1", "tintindex": 0},
				"south": {"uv": [1, 15, 15, 1], "texture": "#1", "tintindex": 0},
				"west": {"uv": [1, 15, 15, 1], "texture": "#1", "tintindex": 0},
				"up": {"uv": [15, 1, 1, 15], "texture": "#1", "tintindex": 0},
				"down": {"uv": [15, 1, 1, 15], "texture": "#1", "tintindex": 0}
			}
		},
		{
			"name": "Cube",
			"from": [-1.43747, 3.05104, 20],
			"to": [-0.72467, 8.13344, 28.1],
			"rotation": {"angle": 0, "axis": "y", "origin": [7.4617, 10.4512, 0.2]},
			"faces": {
				"north": {"uv": [15, 15, 1, 1], "texture": "#1", "tintindex": 0},
				"east": {"uv": [15, 15, 1, 1], "texture": "#1", "tintindex": 0},
				"south": {"uv": [15, 15, 1, 1], "texture": "#1", "tintindex": 0},
				"west": {"uv": [15, 15, 1, 1], "texture": "#1", "tintindex": 0},
				"up": {"uv": [1, 1, 15, 15], "texture": "#1", "tintindex": 0},
				"down": {"uv": [1, 1, 15, 15], "texture": "#1", "tintindex": 0}
			}
		},
		{
			"name": "Cube",
			"from": [16.72467, 9.05104, 20],
			"to": [17.43747, 10.13344, 28.1],
			"rotation": {"angle": 0, "axis": "y", "origin": [8.5383, 16.4512, 0.2]},
			"faces": {
				"north": {"uv": [1, 15, 15, 1], "texture": "#1", "tintindex": 0},
				"east": {"uv": [1, 15, 15, 1], "texture": "#1", "tintindex": 0},
				"south": {"uv": [1, 15, 15, 1], "texture": "#1", "tintindex": 0},
				"west": {"uv": [1, 15, 15, 1], "texture": "#1", "tintindex": 0},
				"up": {"uv": [15, 1, 1, 15], "texture": "#1", "tintindex": 0},
				"down": {"uv": [15, 1, 1, 15], "texture": "#1", "tintindex": 0}
			}
		},
		{
			"name": "Cube",
			"from": [-1.43747, 9.05104, 20],
			"to": [-0.72467, 10.13344, 28.1],
			"rotation": {"angle": 0, "axis": "y", "origin": [7.4617, 16.4512, 0.2]},
			"faces": {
				"north": {"uv": [15, 15, 1, 1], "texture": "#1", "tintindex": 0},
				"east": {"uv": [15, 15, 1, 1], "texture": "#1", "tintindex": 0},
				"south": {"uv": [15, 15, 1, 1], "texture": "#1", "tintindex": 0},
				"west": {"uv": [15, 15, 1, 1], "texture": "#1", "tintindex": 0},
				"up": {"uv": [1, 1, 15, 15], "texture": "#1", "tintindex": 0},
				"down": {"uv": [1, 1, 15, 15], "texture": "#1", "tintindex": 0}
			}
		},
		{
			"name": "Cube",
			"from": [16.72467, 11.05104, 20],
			"to": [17.43747, 12.13344, 28.1],
			"rotation": {"angle": 0, "axis": "y", "origin": [8.5383, 18.4512, 0.2]},
			"faces": {
				"north": {"uv": [1, 15, 15, 1], "texture": "#1", "tintindex": 0},
				"east": {"uv": [1, 15, 15, 1], "texture": "#1", "tintindex": 0},
				"south": {"uv": [1, 15, 15, 1], "texture": "#1", "tintindex": 0},
				"west": {"uv": [1, 15, 15, 1], "texture": "#1", "tintindex": 0},
				"up": {"uv": [15, 1, 1, 15], "texture": "#1", "tintindex": 0},
				"down": {"uv": [15, 1, 1, 15], "texture": "#1", "tintindex": 0}
			}
		},
		{
			"name": "Cube",
			"from": [-1.43747, 11.05104, 20],
			"to": [-0.72467, 12.13344, 28.1],
			"rotation": {"angle": 0, "axis": "y", "origin": [7.4617, 18.4512, 0.2]},
			"faces": {
				"north": {"uv": [15, 15, 1, 1], "texture": "#1", "tintindex": 0},
				"east": {"uv": [15, 15, 1, 1], "texture": "#1", "tintindex": 0},
				"south": {"uv": [15, 15, 1, 1], "texture": "#1", "tintindex": 0},
				"west": {"uv": [15, 15, 1, 1], "texture": "#1", "tintindex": 0},
				"up": {"uv": [1, 1, 15, 15], "texture": "#1", "tintindex": 0},
				"down": {"uv": [1, 1, 15, 15], "texture": "#1", "tintindex": 0}
			}
		},
		{
			"name": "Cube",
			"from": [16.72467, 13.05104, 20],
			"to": [17.43747, 14.13344, 28.1],
			"rotation": {"angle": 0, "axis": "y", "origin": [8.5383, 20.4512, 0.2]},
			"faces": {
				"north": {"uv": [1, 15, 15, 1], "texture": "#1", "tintindex": 0},
				"east": {"uv": [1, 15, 15, 1], "texture": "#1", "tintindex": 0},
				"south": {"uv": [1, 15, 15, 1], "texture": "#1", "tintindex": 0},
				"west": {"uv": [1, 15, 15, 1], "texture": "#1", "tintindex": 0},
				"up": {"uv": [15, 1, 1, 15], "texture": "#1", "tintindex": 0},
				"down": {"uv": [15, 1, 1, 15], "texture": "#1", "tintindex": 0}
			}
		},
		{
			"name": "Cube",
			"from": [16.72467, 15.05104, 20],
			"to": [17.43747, 16.13344, 28.1],
			"rotation": {"angle": 0, "axis": "y", "origin": [8.5383, 22.4512, 0.2]},
			"faces": {
				"north": {"uv": [1, 15, 15, 1], "texture": "#1", "tintindex": 0},
				"east": {"uv": [1, 15, 15, 1], "texture": "#1", "tintindex": 0},
				"south": {"uv": [1, 15, 15, 1], "texture": "#1", "tintindex": 0},
				"west": {"uv": [1, 15, 15, 1], "texture": "#1", "tintindex": 0},
				"up": {"uv": [15, 1, 1, 15], "texture": "#1", "tintindex": 0},
				"down": {"uv": [15, 1, 1, 15], "texture": "#1", "tintindex": 0}
			}
		},
		{
			"name": "Cube",
			"from": [-1.43747, 13.05104, 20],
			"to": [-0.72467, 14.13344, 28.1],
			"rotation": {"angle": 0, "axis": "y", "origin": [7.4617, 20.4512, 0.2]},
			"faces": {
				"north": {"uv": [15, 15, 1, 1], "texture": "#1", "tintindex": 0},
				"east": {"uv": [15, 15, 1, 1], "texture": "#1", "tintindex": 0},
				"south": {"uv": [15, 15, 1, 1], "texture": "#1", "tintindex": 0},
				"west": {"uv": [15, 15, 1, 1], "texture": "#1", "tintindex": 0},
				"up": {"uv": [1, 1, 15, 15], "texture": "#1", "tintindex": 0},
				"down": {"uv": [1, 1, 15, 15], "texture": "#1", "tintindex": 0}
			}
		},
		{
			"name": "Cube",
			"from": [-1.43747, 15.05104, 20],
			"to": [-0.72467, 16.13344, 28.1],
			"rotation": {"angle": 0, "axis": "y", "origin": [7.4617, 22.4512, 0.2]},
			"faces": {
				"north": {"uv": [15, 15, 1, 1], "texture": "#1", "tintindex": 0},
				"east": {"uv": [15, 15, 1, 1], "texture": "#1", "tintindex": 0},
				"south": {"uv": [15, 15, 1, 1], "texture": "#1", "tintindex": 0},
				"west": {"uv": [15, 15, 1, 1], "texture": "#1", "tintindex": 0},
				"up": {"uv": [1, 1, 15, 15], "texture": "#1", "tintindex": 0},
				"down": {"uv": [1, 1, 15, 15], "texture": "#1", "tintindex": 0}
			}
		},
		{
			"name": "Cube",
			"from": [16.72467, 17.05104, 20],
			"to": [17.43747, 21.13344, 28.1],
			"rotation": {"angle": 0, "axis": "y", "origin": [8.5383, 22.4512, 0.2]},
			"faces": {
				"north": {"uv": [1, 15, 15, 1], "texture": "#1", "tintindex": 0},
				"east": {"uv": [1, 15, 15, 1], "texture": "#1", "tintindex": 0},
				"south": {"uv": [1, 15, 15, 1], "texture": "#1", "tintindex": 0},
				"west": {"uv": [1, 15, 15, 1], "texture": "#1", "tintindex": 0},
				"up": {"uv": [15, 1, 1, 15], "texture": "#1", "tintindex": 0},
				"down": {"uv": [15, 1, 1, 15], "texture": "#1", "tintindex": 0}
			}
		},
		{
			"name": "Cube",
			"from": [-1.43747, 17.05104, 20],
			"to": [-0.72467, 21.13344, 28.1],
			"rotation": {"angle": 0, "axis": "y", "origin": [7.4617, 22.4512, 0.2]},
			"faces": {
				"north": {"uv": [15, 15, 1, 1], "texture": "#1", "tintindex": 0},
				"east": {"uv": [15, 15, 1, 1], "texture": "#1", "tintindex": 0},
				"south": {"uv": [15, 15, 1, 1], "texture": "#1", "tintindex": 0},
				"west": {"uv": [15, 15, 1, 1], "texture": "#1", "tintindex": 0},
				"up": {"uv": [1, 1, 15, 15], "texture": "#1", "tintindex": 0},
				"down": {"uv": [1, 1, 15, 15], "texture": "#1", "tintindex": 0}
			}
		},
		{
			"name": "Cube",
			"from": [17.25267, 3.05104, -12],
			"to": [17.87747, 8.73344, -3.7],
			"rotation": {"angle": 0, "axis": "y", "origin": [8.8903, 10.4512, -28.8]},
			"faces": {
				"north": {"uv": [15, 1, 1, 15], "texture": "#1", "tintindex": 0},
				"east": {"uv": [15, 1, 1, 15], "texture": "#1", "tintindex": 0},
				"south": {"uv": [15, 1, 1, 15], "texture": "#1", "tintindex": 0},
				"west": {"uv": [15, 1, 1, 15], "texture": "#1", "tintindex": 0},
				"up": {"uv": [1, 15, 15, 1], "texture": "#1", "tintindex": 0},
				"down": {"uv": [1, 15, 15, 1], "texture": "#1", "tintindex": 0}
			}
		},
		{
			"name": "Cube",
			"from": [-1.87747, 3.05104, -12],
			"to": [-1.25267, 8.73344, -3.7],
			"rotation": {"angle": 0, "axis": "y", "origin": [7.1097, 10.4512, -28.8]},
			"faces": {
				"north": {"uv": [1, 1, 15, 15], "texture": "#1", "tintindex": 0},
				"east": {"uv": [1, 1, 15, 15], "texture": "#1", "tintindex": 0},
				"south": {"uv": [1, 1, 15, 15], "texture": "#1", "tintindex": 0},
				"west": {"uv": [1, 1, 15, 15], "texture": "#1", "tintindex": 0},
				"up": {"uv": [15, 15, 1, 1], "texture": "#1", "tintindex": 0},
				"down": {"uv": [15, 15, 1, 1], "texture": "#1", "tintindex": 0}
			}
		},
		{
			"name": "Cube",
			"from": [-0.91, 3.05104, 27.0848],
			"to": [8, 8.23344, 28.0848],
			"rotation": {"angle": 0, "axis": "y", "origin": [10.41982, 8.34224, 27.5848]},
			"faces": {
				"north": {"uv": [1, 1, 15, 15], "texture": "#1", "tintindex": 0},
				"east": {"uv": [1, 1, 15, 15], "texture": "#1", "tintindex": 0},
				"south": {"uv": [1, 1, 15, 15], "texture": "#1", "tintindex": 0},
				"west": {"uv": [1, 1, 15, 15], "texture": "#1", "tintindex": 0},
				"up": {"uv": [15, 15, 1, 1], "texture": "#1", "tintindex": 0},
				"down": {"uv": [15, 15, 1, 1], "texture": "#1", "tintindex": 0}
			}
		},
		{
			"name": "Cube",
			"from": [-0.91, 11.05104, 27.0848],
			"to": [8, 12.23344, 28.0848],
			"rotation": {"angle": 0, "axis": "y", "origin": [10.41982, 16.34224, 27.5848]},
			"faces": {
				"north": {"uv": [1, 1, 15, 15], "texture": "#1", "tintindex": 0},
				"east": {"uv": [1, 1, 15, 15], "texture": "#1", "tintindex": 0},
				"south": {"uv": [1, 1, 15, 15], "texture": "#1", "tintindex": 0},
				"west": {"uv": [1, 1, 15, 15], "texture": "#1", "tintindex": 0},
				"up": {"uv": [15, 15, 1, 1], "texture": "#1", "tintindex": 0},
				"down": {"uv": [15, 15, 1, 1], "texture": "#1", "tintindex": 0}
			}
		},
		{
			"name": "Cube",
			"from": [-0.91, 9.05104, 27.0848],
			"to": [8, 10.23344, 28.0848],
			"rotation": {"angle": 0, "axis": "y", "origin": [10.41982, 14.34224, 27.5848]},
			"faces": {
				"north": {"uv": [1, 1, 15, 15], "texture": "#1", "tintindex": 0},
				"east": {"uv": [1, 1, 15, 15], "texture": "#1", "tintindex": 0},
				"south": {"uv": [1, 1, 15, 15], "texture": "#1", "tintindex": 0},
				"west": {"uv": [1, 1, 15, 15], "texture": "#1", "tintindex": 0},
				"up": {"uv": [15, 15, 1, 1], "texture": "#1", "tintindex": 0},
				"down": {"uv": [15, 15, 1, 1], "texture": "#1", "tintindex": 0}
			}
		},
		{
			"name": "Cube",
			"from": [-0.91, 13.05104, 27.0848],
			"to": [8, 14.23344, 28.0848],
			"rotation": {"angle": 0, "axis": "y", "origin": [10.41982, 18.34224, 27.5848]},
			"faces": {
				"north": {"uv": [1, 1, 15, 15], "texture": "#1", "tintindex": 0},
				"east": {"uv": [1, 1, 15, 15], "texture": "#1", "tintindex": 0},
				"south": {"uv": [1, 1, 15, 15], "texture": "#1", "tintindex": 0},
				"west": {"uv": [1, 1, 15, 15], "texture": "#1", "tintindex": 0},
				"up": {"uv": [15, 15, 1, 1], "texture": "#1", "tintindex": 0},
				"down": {"uv": [15, 15, 1, 1], "texture": "#1", "tintindex": 0}
			}
		},
		{
			"name": "Cube",
			"from": [-0.91, 15.05104, 27.0848],
			"to": [8, 16.23344, 28.0848],
			"rotation": {"angle": 0, "axis": "y", "origin": [10.41982, 20.34224, 27.5848]},
			"faces": {
				"north": {"uv": [1, 1, 15, 15], "texture": "#1", "tintindex": 0},
				"east": {"uv": [1, 1, 15, 15], "texture": "#1", "tintindex": 0},
				"south": {"uv": [1, 1, 15, 15], "texture": "#1", "tintindex": 0},
				"west": {"uv": [1, 1, 15, 15], "texture": "#1", "tintindex": 0},
				"up": {"uv": [15, 15, 1, 1], "texture": "#1", "tintindex": 0},
				"down": {"uv": [15, 15, 1, 1], "texture": "#1", "tintindex": 0}
			}
		},
		{
			"name": "Cube",
			"from": [-0.91, 17.05104, 27.0848],
			"to": [8, 21.23344, 28.0848],
			"rotation": {"angle": 0, "axis": "y", "origin": [10.41982, 20.34224, 27.5848]},
			"faces": {
				"north": {"uv": [1, 1, 15, 15], "texture": "#1", "tintindex": 0},
				"east": {"uv": [1, 1, 15, 15], "texture": "#1", "tintindex": 0},
				"south": {"uv": [1, 1, 15, 15], "texture": "#1", "tintindex": 0},
				"west": {"uv": [1, 1, 15, 15], "texture": "#1", "tintindex": 0},
				"up": {"uv": [15, 15, 1, 1], "texture": "#1", "tintindex": 0},
				"down": {"uv": [15, 15, 1, 1], "texture": "#1", "tintindex": 0}
			}
		},
		{
			"name": "Cube",
			"from": [2.313, 21.25104, 27.0848],
			"to": [8.055, 22.83344, 28.0848],
			"rotation": {"angle": 0, "axis": "y", "origin": [14.87482, 10.04224, 27.5848]},
			"faces": {
				"north": {"uv": [1, 1, 15, 15], "rotation": 90, "texture": "#1", "tintindex": 0},
				"east": {"uv": [1, 1, 15, 15], "rotation": 90, "texture": "#1", "tintindex": 0},
				"south": {"uv": [1, 1, 15, 15], "rotation": 90, "texture": "#1", "tintindex": 0},
				"west": {"uv": [1, 1, 15, 15], "rotation": 90, "texture": "#1", "tintindex": 0},
				"up": {"uv": [15, 15, 1, 1], "rotation": 90, "texture": "#1", "tintindex": 0},
				"down": {"uv": [15, 15, 1, 1], "rotation": 90, "texture": "#1", "tintindex": 0}
			}
		},
		{
			"name": "Cube",
			"from": [8.033, 21.25104, 27.0848],
			"to": [13.687, 22.83344, 28.0848],
			"rotation": {"angle": 0, "axis": "y", "origin": [1.12518, 10.04224, 27.5848]},
			"faces": {
				"north": {"uv": [1, 15, 15, 1], "rotation": 90, "texture": "#1", "tintindex": 0},
				"east": {"uv": [1, 15, 15, 1], "rotation": 90, "texture": "#1", "tintindex": 0},
				"south": {"uv": [1, 15, 15, 1], "rotation": 90, "texture": "#1", "tintindex": 0},
				"west": {"uv": [1, 15, 15, 1], "rotation": 90, "texture": "#1", "tintindex": 0},
				"up": {"uv": [15, 1, 1, 15], "rotation": 90, "texture": "#1", "tintindex": 0},
				"down": {"uv": [15, 1, 1, 15], "rotation": 90, "texture": "#1", "tintindex": 0}
			}
		},
		{
			"name": "Cube",
			"from": [0.641, 21.25104, 27.0848],
			"to": [2.335, 22.13344, 28.0848],
			"rotation": {"angle": 0, "axis": "y", "origin": [13.02682, 10.04224, 27.5848]},
			"faces": {
				"north": {"uv": [1, 1, 15, 15], "rotation": 90, "texture": "#1", "tintindex": 0},
				"east": {"uv": [1, 1, 15, 15], "rotation": 90, "texture": "#1", "tintindex": 0},
				"south": {"uv": [1, 1, 15, 15], "rotation": 90, "texture": "#1", "tintindex": 0},
				"west": {"uv": [1, 1, 15, 15], "rotation": 90, "texture": "#1", "tintindex": 0},
				"up": {"uv": [15, 15, 1, 1], "rotation": 90, "texture": "#1", "tintindex": 0},
				"down": {"uv": [15, 15, 1, 1], "rotation": 90, "texture": "#1", "tintindex": 0}
			}
		},
		{
			"name": "Cube",
			"from": [13.665, 21.25104, 27.0848],
			"to": [15.359, 22.13344, 28.0848],
			"rotation": {"angle": 0, "axis": "y", "origin": [2.97318, 10.04224, 27.5848]},
			"faces": {
				"north": {"uv": [1, 15, 15, 1], "rotation": 90, "texture": "#1", "tintindex": 0},
				"east": {"uv": [1, 15, 15, 1], "rotation": 90, "texture": "#1", "tintindex": 0},
				"south": {"uv": [1, 15, 15, 1], "rotation": 90, "texture": "#1", "tintindex": 0},
				"west": {"uv": [1, 15, 15, 1], "rotation": 90, "texture": "#1", "tintindex": 0},
				"up": {"uv": [15, 1, 1, 15], "rotation": 90, "texture": "#1", "tintindex": 0},
				"down": {"uv": [15, 1, 1, 15], "rotation": 90, "texture": "#1", "tintindex": 0}
			}
		},
		{
			"name": "Cube",
			"from": [8, 3.05104, 27.0848],
			"to": [16.91, 8.23344, 28.0848],
			"rotation": {"angle": 0, "axis": "y", "origin": [5.58018, 8.34224, 27.5848]},
			"faces": {
				"north": {"uv": [1, 1, 15, 15], "texture": "#1", "tintindex": 0},
				"east": {"uv": [1, 1, 15, 15], "texture": "#1", "tintindex": 0},
				"south": {"uv": [1, 1, 15, 15], "texture": "#1", "tintindex": 0},
				"west": {"uv": [1, 1, 15, 15], "texture": "#1", "tintindex": 0},
				"up": {"uv": [15, 15, 1, 1], "texture": "#1", "tintindex": 0},
				"down": {"uv": [15, 15, 1, 1], "texture": "#1", "tintindex": 0}
			}
		},
		{
			"name": "Cube",
			"from": [8, 11.05104, 27.0848],
			"to": [16.91, 12.23344, 28.0848],
			"rotation": {"angle": 0, "axis": "y", "origin": [5.58018, 16.34224, 27.5848]},
			"faces": {
				"north": {"uv": [1, 1, 15, 15], "texture": "#1", "tintindex": 0},
				"east": {"uv": [1, 1, 15, 15], "texture": "#1", "tintindex": 0},
				"south": {"uv": [1, 1, 15, 15], "texture": "#1", "tintindex": 0},
				"west": {"uv": [1, 1, 15, 15], "texture": "#1", "tintindex": 0},
				"up": {"uv": [15, 15, 1, 1], "texture": "#1", "tintindex": 0},
				"down": {"uv": [15, 15, 1, 1], "texture": "#1", "tintindex": 0}
			}
		},
		{
			"name": "Cube",
			"from": [8, 9.05104, 27.0848],
			"to": [16.91, 10.23344, 28.0848],
			"rotation": {"angle": 0, "axis": "y", "origin": [5.58018, 14.34224, 27.5848]},
			"faces": {
				"north": {"uv": [1, 1, 15, 15], "texture": "#1", "tintindex": 0},
				"east": {"uv": [1, 1, 15, 15], "texture": "#1", "tintindex": 0},
				"south": {"uv": [1, 1, 15, 15], "texture": "#1", "tintindex": 0},
				"west": {"uv": [1, 1, 15, 15], "texture": "#1", "tintindex": 0},
				"up": {"uv": [15, 15, 1, 1], "texture": "#1", "tintindex": 0},
				"down": {"uv": [15, 15, 1, 1], "texture": "#1", "tintindex": 0}
			}
		},
		{
			"name": "Cube",
			"from": [8, 13.05104, 27.0848],
			"to": [16.91, 14.23344, 28.0848],
			"rotation": {"angle": 0, "axis": "y", "origin": [5.58018, 18.34224, 27.5848]},
			"faces": {
				"north": {"uv": [1, 1, 15, 15], "texture": "#1", "tintindex": 0},
				"east": {"uv": [1, 1, 15, 15], "texture": "#1", "tintindex": 0},
				"south": {"uv": [1, 1, 15, 15], "texture": "#1", "tintindex": 0},
				"west": {"uv": [1, 1, 15, 15], "texture": "#1", "tintindex": 0},
				"up": {"uv": [15, 15, 1, 1], "texture": "#1", "tintindex": 0},
				"down": {"uv": [15, 15, 1, 1], "texture": "#1", "tintindex": 0}
			}
		},
		{
			"name": "Cube",
			"from": [8, 15.05104, 27.0848],
			"to": [16.91, 16.23344, 28.0848],
			"rotation": {"angle": 0, "axis": "y", "origin": [5.58018, 20.34224, 27.5848]},
			"faces": {
				"north": {"uv": [1, 1, 15, 15], "texture": "#1", "tintindex": 0},
				"east": {"uv": [1, 1, 15, 15], "texture": "#1", "tintindex": 0},
				"south": {"uv": [1, 1, 15, 15], "texture": "#1", "tintindex": 0},
				"west": {"uv": [1, 1, 15, 15], "texture": "#1", "tintindex": 0},
				"up": {"uv": [15, 15, 1, 1], "texture": "#1", "tintindex": 0},
				"down": {"uv": [15, 15, 1, 1], "texture": "#1", "tintindex": 0}
			}
		},
		{
			"name": "Cube",
			"from": [8, 17.05104, 27.0848],
			"to": [16.91, 21.23344, 28.0848],
			"rotation": {"angle": 0, "axis": "y", "origin": [5.58018, 20.34224, 27.5848]},
			"faces": {
				"north": {"uv": [1, 1, 15, 15], "texture": "#1", "tintindex": 0},
				"east": {"uv": [1, 1, 15, 15], "texture": "#1", "tintindex": 0},
				"south": {"uv": [1, 1, 15, 15], "texture": "#1", "tintindex": 0},
				"west": {"uv": [1, 1, 15, 15], "texture": "#1", "tintindex": 0},
				"up": {"uv": [15, 15, 1, 1], "texture": "#1", "tintindex": 0},
				"down": {"uv": [15, 15, 1, 1], "texture": "#1", "tintindex": 0}
			}
		},
		{
			"name": "Cube",
			"from": [-1.83171, 20.45104, -4],
			"to": [-0.72467, 21.23344, 28],
			"rotation": {"angle": 0, "axis": "y", "origin": [7.4617, 18.2512, 2.6]},
			"faces": {
				"north": {"uv": [0, 0, 16, 16], "texture": "#1", "tintindex": 0},
				"east": {"uv": [0, 0, 16, 16], "texture": "#1", "tintindex": 0},
				"south": {"uv": [0, 0, 16, 16], "texture": "#1", "tintindex": 0},
				"west": {"uv": [0, 0, 16, 16], "texture": "#1", "tintindex": 0},
				"up": {"uv": [16, 16, 0, 0], "texture": "#1", "tintindex": 0},
				"down": {"uv": [16, 16, 0, 0], "texture": "#1", "tintindex": 0}
			}
		},
		{
			"name": "Cube",
			"from": [16.72467, 20.45104, -4],
			"to": [17.83171, 21.23344, 28],
			"rotation": {"angle": 0, "axis": "y", "origin": [8.5383, 18.2512, 2.6]},
			"faces": {
				"north": {"uv": [0, 0, 16, 16], "texture": "#1", "tintindex": 0},
				"east": {"uv": [0, 0, 16, 16], "texture": "#1", "tintindex": 0},
				"south": {"uv": [0, 0, 16, 16], "texture": "#1", "tintindex": 0},
				"west": {"uv": [0, 0, 16, 16], "texture": "#1", "tintindex": 0},
				"up": {"uv": [16, 16, 0, 0], "texture": "#1", "tintindex": 0},
				"down": {"uv": [16, 16, 0, 0], "texture": "#1", "tintindex": 0}
			}
		},
		{
			"name": "Cube",
			"from": [-2.09571, 17.45104, -12],
			"to": [-1.60467, 17.83344, -3.7],
			"rotation": {"angle": 0, "axis": "y", "origin": [7.4617, 15.2512, -24.4]},
			"faces": {
				"north": {"uv": [0, 0, 16, 16], "texture": "#1", "tintindex": 0},
				"east": {"uv": [0, 0, 16, 16], "texture": "#1", "tintindex": 0},
				"south": {"uv": [0, 0, 16, 16], "texture": "#1", "tintindex": 0},
				"west": {"uv": [0, 0, 16, 16], "texture": "#1", "tintindex": 0},
				"up": {"uv": [16, 16, 0, 0], "texture": "#1", "tintindex": 0},
				"down": {"uv": [16, 16, 0, 0], "texture": "#1", "tintindex": 0}
			}
		},
		{
			"name": "Cube",
			"from": [17.60467, 17.45104, -12],
			"to": [18.09571, 17.83344, -3.7],
			"rotation": {"angle": 0, "axis": "y", "origin": [8.5383, 15.2512, -24.4]},
			"faces": {
				"north": {"uv": [0, 0, 16, 16], "texture": "#1", "tintindex": 0},
				"east": {"uv": [0, 0, 16, 16], "texture": "#1", "tintindex": 0},
				"south": {"uv": [0, 0, 16, 16], "texture": "#1", "tintindex": 0},
				"west": {"uv": [0, 0, 16, 16], "texture": "#1", "tintindex": 0},
				"up": {"uv": [16, 16, 0, 0], "texture": "#1", "tintindex": 0},
				"down": {"uv": [16, 16, 0, 0], "texture": "#1", "tintindex": 0}
			}
		},
		{
			"name": "Cube",
			"from": [17.60467, 13.45104, -12],
			"to": [18.09571, 13.83344, -3.7],
			"rotation": {"angle": 0, "axis": "y", "origin": [8.5383, 11.2512, -24.4]},
			"faces": {
				"north": {"uv": [0, 0, 16, 16], "texture": "#1", "tintindex": 0},
				"east": {"uv": [0, 0, 16, 16], "texture": "#1", "tintindex": 0},
				"south": {"uv": [0, 0, 16, 16], "texture": "#1", "tintindex": 0},
				"west": {"uv": [0, 0, 16, 16], "texture": "#1", "tintindex": 0},
				"up": {"uv": [16, 16, 0, 0], "texture": "#1", "tintindex": 0},
				"down": {"uv": [16, 16, 0, 0], "texture": "#1", "tintindex": 0}
			}
		},
		{
			"name": "Cube",
			"from": [-2.09571, 13.45104, -12],
			"to": [-1.60467, 13.83344, -3.7],
			"rotation": {"angle": 0, "axis": "y", "origin": [7.4617, 11.2512, -24.4]},
			"faces": {
				"north": {"uv": [16, 0, 0, 16], "texture": "#1", "tintindex": 0},
				"east": {"uv": [16, 0, 0, 16], "texture": "#1", "tintindex": 0},
				"south": {"uv": [16, 0, 0, 16], "texture": "#1", "tintindex": 0},
				"west": {"uv": [16, 0, 0, 16], "texture": "#1", "tintindex": 0},
				"up": {"uv": [0, 16, 16, 0], "texture": "#1", "tintindex": 0},
				"down": {"uv": [0, 16, 16, 0], "texture": "#1", "tintindex": 0}
			}
		},
		{
			"name": "Cube",
			"from": [17.60467, 9.45104, -12],
			"to": [18.09571, 9.83344, -3.7],
			"rotation": {"angle": 0, "axis": "y", "origin": [8.5383, 7.2512, -24.4]},
			"faces": {
				"north": {"uv": [0, 0, 16, 16], "texture": "#1", "tintindex": 0},
				"east": {"uv": [0, 0, 16, 16], "texture": "#1", "tintindex": 0},
				"south": {"uv": [0, 0, 16, 16], "texture": "#1", "tintindex": 0},
				"west": {"uv": [0, 0, 16, 16], "texture": "#1", "tintindex": 0},
				"up": {"uv": [16, 16, 0, 0], "texture": "#1", "tintindex": 0},
				"down": {"uv": [16, 16, 0, 0], "texture": "#1", "tintindex": 0}
			}
		},
		{
			"name": "Cube",
			"from": [-2.09571, 9.45104, -12],
			"to": [-1.60467, 9.83344, -3.7],
			"rotation": {"angle": 0, "axis": "y", "origin": [7.4617, 7.2512, -24.4]},
			"faces": {
				"north": {"uv": [16, 0, 0, 16], "texture": "#1", "tintindex": 0},
				"east": {"uv": [16, 0, 0, 16], "texture": "#1", "tintindex": 0},
				"south": {"uv": [16, 0, 0, 16], "texture": "#1", "tintindex": 0},
				"west": {"uv": [16, 0, 0, 16], "texture": "#1", "tintindex": 0},
				"up": {"uv": [0, 16, 16, 0], "texture": "#1", "tintindex": 0},
				"down": {"uv": [0, 16, 16, 0], "texture": "#1", "tintindex": 0}
			}
		},
		{
			"name": "Cube",
			"from": [-2.09571, 8.45104, -12],
			"to": [-1.60467, 8.83344, -3.7],
			"rotation": {"angle": 0, "axis": "y", "origin": [7.4617, 6.2512, -24.4]},
			"faces": {
				"north": {"uv": [0, 0, 16, 16], "texture": "#1", "tintindex": 0},
				"east": {"uv": [0, 0, 16, 16], "texture": "#1", "tintindex": 0},
				"south": {"uv": [0, 0, 16, 16], "texture": "#1", "tintindex": 0},
				"west": {"uv": [0, 0, 16, 16], "texture": "#1", "tintindex": 0},
				"up": {"uv": [16, 16, 0, 0], "texture": "#1", "tintindex": 0},
				"down": {"uv": [16, 16, 0, 0], "texture": "#1", "tintindex": 0}
			}
		},
		{
			"name": "Cube",
			"from": [17.60467, 8.45104, -12],
			"to": [18.09571, 8.83344, -3.7],
			"rotation": {"angle": 0, "axis": "y", "origin": [8.5383, 6.2512, -24.4]},
			"faces": {
				"north": {"uv": [0, 0, 16, 16], "texture": "#1", "tintindex": 0},
				"east": {"uv": [0, 0, 16, 16], "texture": "#1", "tintindex": 0},
				"south": {"uv": [0, 0, 16, 16], "texture": "#1", "tintindex": 0},
				"west": {"uv": [0, 0, 16, 16], "texture": "#1", "tintindex": 0},
				"up": {"uv": [16, 16, 0, 0], "texture": "#1", "tintindex": 0},
				"down": {"uv": [16, 16, 0, 0], "texture": "#1", "tintindex": 0}
			}
		},
		{
			"name": "Cube",
			"from": [-2.09571, 20.45104, -12],
			"to": [-0.98867, 21.23344, -3.9],
			"rotation": {"angle": 0, "axis": "y", "origin": [7.1977, 18.2512, -24.4]},
			"faces": {
				"north": {"uv": [0, 0, 16, 16], "texture": "#1", "tintindex": 0},
				"east": {"uv": [0, 0, 16, 16], "texture": "#1", "tintindex": 0},
				"south": {"uv": [0, 0, 16, 16], "texture": "#1", "tintindex": 0},
				"west": {"uv": [0, 0, 16, 16], "texture": "#1", "tintindex": 0},
				"up": {"uv": [16, 16, 0, 0], "texture": "#1", "tintindex": 0},
				"down": {"uv": [16, 16, 0, 0], "texture": "#1", "tintindex": 0}
			}
		},
		{
			"name": "Cube",
			"from": [16.98867, 20.45104, -12],
			"to": [18.09571, 21.23344, -3.9],
			"rotation": {"angle": 0, "axis": "y", "origin": [8.8023, 18.2512, -24.4]},
			"faces": {
				"north": {"uv": [16, 0, 0, 16], "texture": "#1", "tintindex": 0},
				"east": {"uv": [16, 0, 0, 16], "texture": "#1", "tintindex": 0},
				"south": {"uv": [16, 0, 0, 16], "texture": "#1", "tintindex": 0},
				"west": {"uv": [16, 0, 0, 16], "texture": "#1", "tintindex": 0},
				"up": {"uv": [0, 16, 16, 0], "texture": "#1", "tintindex": 0},
				"down": {"uv": [0, 16, 16, 0], "texture": "#1", "tintindex": 0}
			}
		},
		{
			"name": "Cube",
			"from": [-1.95069, 1.75104, -12],
			"to": [17.95069, 3.13344, 28.4],
			"rotation": {"angle": 0, "axis": "y", "origin": [6.89146, 6.4512, 3.2]},
			"faces": {
				"north": {"uv": [0, 0, 16, 16], "texture": "#1", "tintindex": 0},
				"east": {"uv": [0, 0, 16, 16], "texture": "#1", "tintindex": 0},
				"south": {"uv": [0, 0, 16, 16], "texture": "#1", "tintindex": 0},
				"west": {"uv": [0, 0, 16, 16], "texture": "#1", "tintindex": 0},
				"up": {"uv": [16, 16, 0, 0], "texture": "#1", "tintindex": 0},
				"down": {"uv": [16, 16, 0, 0], "texture": "#1", "tintindex": 0}
			}
		},
		{
			"name": "Cube",
			"from": [9.56931, 2.75104, 15.7],
			"to": [17.39069, 3.63344, 27.4],
			"rotation": {"angle": 0, "axis": "y", "origin": [7.21146, 7.4512, 3.2]},
			"faces": {
				"north": {"uv": [0, 0, 16, 16], "texture": "#4"},
				"east": {"uv": [0, 0, 16, 16], "texture": "#4"},
				"south": {"uv": [0, 0, 16, 16], "texture": "#4"},
				"west": {"uv": [0, 0, 16, 16], "texture": "#4"},
				"up": {"uv": [16, 16, 0, 0], "texture": "#4"},
				"down": {"uv": [16, 16, 0, 0], "texture": "#4"}
			}
		},
		{
			"name": "Cube",
			"from": [9.56931, 2.85104, 3.7],
			"to": [17.39069, 3.73344, 15.4],
			"rotation": {"angle": 0, "axis": "y", "origin": [7.21146, 7.5512, -8.8]},
			"faces": {
				"north": {"uv": [0, 0, 16, 16], "texture": "#4"},
				"east": {"uv": [0, 0, 16, 16], "texture": "#4"},
				"south": {"uv": [0, 0, 16, 16], "texture": "#4"},
				"west": {"uv": [0, 0, 16, 16], "texture": "#4"},
				"up": {"uv": [16, 16, 0, 0], "texture": "#4"},
				"down": {"uv": [16, 16, 0, 0], "texture": "#4"}
			}
		},
		{
			"name": "Cube",
			"from": [9.56931, 3.65104, -5.3],
			"to": [17.39069, 4.53344, 6.4],
			"rotation": {"angle": 0, "axis": "y", "origin": [7.21146, 8.3512, -17.8]},
			"faces": {
				"north": {"uv": [0, 0, 16, 16], "texture": "#4"},
				"east": {"uv": [0, 0, 16, 16], "texture": "#4"},
				"south": {"uv": [0, 0, 16, 16], "texture": "#4"},
				"west": {"uv": [0, 0, 16, 16], "texture": "#4"},
				"up": {"uv": [16, 16, 0, 0], "texture": "#4"},
				"down": {"uv": [16, 16, 0, 0], "texture": "#4"}
			}
		},
		{
			"name": "Cube",
			"from": [9.56931, 2.65104, -12.3],
			"to": [17.39069, 3.53344, -0.6],
			"rotation": {"angle": 0, "axis": "y", "origin": [7.21146, 7.3512, -24.8]},
			"faces": {
				"north": {"uv": [0, 0, 16, 16], "texture": "#4"},
				"east": {"uv": [0, 0, 16, 16], "texture": "#4"},
				"south": {"uv": [0, 0, 16, 16], "texture": "#4"},
				"west": {"uv": [0, 0, 16, 16], "texture": "#4"},
				"up": {"uv": [16, 16, 0, 0], "texture": "#4"},
				"down": {"uv": [16, 16, 0, 0], "texture": "#4"}
			}
		},
		{
			"name": "Cube",
			"from": [-1.07069, 2.45104, 15.7],
			"to": [6.75069, 3.33344, 27.4],
			"rotation": {"angle": 0, "axis": "y", "origin": [-3.42854, 7.1512, 3.2]},
			"faces": {
				"north": {"uv": [0, 0, 16, 16], "texture": "#4"},
				"east": {"uv": [0, 0, 16, 16], "texture": "#4"},
				"south": {"uv": [0, 0, 16, 16], "texture": "#4"},
				"west": {"uv": [0, 0, 16, 16], "texture": "#4"},
				"up": {"uv": [16, 16, 0, 0], "texture": "#4"},
				"down": {"uv": [16, 16, 0, 0], "texture": "#4"}
			}
		},
		{
			"name": "Cube",
			"from": [-1.07069, 2.75104, 3.7],
			"to": [6.75069, 3.63344, 15.4],
			"rotation": {"angle": 0, "axis": "y", "origin": [-3.42854, 7.4512, -8.8]},
			"faces": {
				"north": {"uv": [0, 0, 16, 16], "texture": "#4"},
				"east": {"uv": [0, 0, 16, 16], "texture": "#4"},
				"south": {"uv": [0, 0, 16, 16], "texture": "#4"},
				"west": {"uv": [0, 0, 16, 16], "texture": "#4"},
				"up": {"uv": [16, 16, 0, 0], "texture": "#4"},
				"down": {"uv": [16, 16, 0, 0], "texture": "#4"}
			}
		},
		{
			"name": "Cube",
			"from": [-1.07069, 3.45104, -5.7],
			"to": [6.75069, 4.33344, 6],
			"rotation": {"angle": 0, "axis": "y", "origin": [-3.42854, 8.1512, -18.2]},
			"faces": {
				"north": {"uv": [0, 0, 16, 16], "texture": "#4"},
				"east": {"uv": [0, 0, 16, 16], "texture": "#4"},
				"south": {"uv": [0, 0, 16, 16], "texture": "#4"},
				"west": {"uv": [0, 0, 16, 16], "texture": "#4"},
				"up": {"uv": [16, 16, 0, 0], "texture": "#4"},
				"down": {"uv": [16, 16, 0, 0], "texture": "#4"}
			}
		},
		{
			"name": "Cube",
			"from": [-1.07069, 2.65104, -12.3],
			"to": [6.75069, 3.53344, -0.6],
			"rotation": {"angle": 0, "axis": "y", "origin": [-3.42854, 7.3512, -24.8]},
			"faces": {
				"north": {"uv": [0, 0, 16, 16], "texture": "#4"},
				"east": {"uv": [0, 0, 16, 16], "texture": "#4"},
				"south": {"uv": [0, 0, 16, 16], "texture": "#4"},
				"west": {"uv": [0, 0, 16, 16], "texture": "#4"},
				"up": {"uv": [16, 16, 0, 0], "texture": "#4"},
				"down": {"uv": [16, 16, 0, 0], "texture": "#4"}
			}
		},
		{
			"name": "Cube",
			"from": [4.04931, 2.95104, 15.7],
			"to": [11.87069, 3.83344, 27.4],
			"rotation": {"angle": 0, "axis": "y", "origin": [1.69146, 7.6512, 3.2]},
			"faces": {
				"north": {"uv": [0, 0, 16, 16], "texture": "#4"},
				"east": {"uv": [0, 0, 16, 16], "texture": "#4"},
				"south": {"uv": [0, 0, 16, 16], "texture": "#4"},
				"west": {"uv": [0, 0, 16, 16], "texture": "#4"},
				"up": {"uv": [16, 16, 0, 0], "texture": "#4"},
				"down": {"uv": [16, 16, 0, 0], "texture": "#4"}
			}
		},
		{
			"name": "Cube",
			"from": [4.04931, 2.55104, 3.7],
			"to": [11.87069, 3.43344, 15.4],
			"rotation": {"angle": 0, "axis": "y", "origin": [1.69146, 7.2512, -8.8]},
			"faces": {
				"north": {"uv": [0, 0, 16, 16], "texture": "#4"},
				"east": {"uv": [0, 0, 16, 16], "texture": "#4"},
				"south": {"uv": [0, 0, 16, 16], "texture": "#4"},
				"west": {"uv": [0, 0, 16, 16], "texture": "#4"},
				"up": {"uv": [16, 16, 0, 0], "texture": "#4"},
				"down": {"uv": [16, 16, 0, 0], "texture": "#4"}
			}
		},
		{
			"name": "Cube",
			"from": [4.04931, 3.35104, -8.3],
			"to": [11.87069, 4.23344, 3.4],
			"rotation": {"angle": 0, "axis": "y", "origin": [1.69146, 8.0512, -20.8]},
			"faces": {
				"north": {"uv": [0, 0, 16, 16], "texture": "#4"},
				"east": {"uv": [0, 0, 16, 16], "texture": "#4"},
				"south": {"uv": [0, 0, 16, 16], "texture": "#4"},
				"west": {"uv": [0, 0, 16, 16], "texture": "#4"},
				"up": {"uv": [16, 16, 0, 0], "texture": "#4"},
				"down": {"uv": [16, 16, 0, 0], "texture": "#4"}
			}
		},
		{
			"name": "Cube",
			"from": [4.04931, 3.05104, -12.3],
			"to": [11.87069, 3.93344, -0.6],
			"rotation": {"angle": 0, "axis": "y", "origin": [1.69146, 7.7512, -24.8]},
			"faces": {
				"north": {"uv": [0, 0, 16, 16], "texture": "#4"},
				"east": {"uv": [0, 0, 16, 16], "texture": "#4"},
				"south": {"uv": [0, 0, 16, 16], "texture": "#4"},
				"west": {"uv": [0, 0, 16, 16], "texture": "#4"},
				"up": {"uv": [16, 16, 0, 0], "texture": "#4"},
				"down": {"uv": [16, 16, 0, 0], "texture": "#4"}
			}
		},
		{
			"name": "Cube",
			"from": [-1.73685, -3.24896, -12],
			"to": [-1.02405, -2.24896, 1.7],
			"rotation": {"angle": 0, "axis": "y", "origin": [9.32238, 1.4512, -12.2]},
			"faces": {
				"north": {"uv": [0, 0, 16, 16], "texture": "#1", "tintindex": 0},
				"east": {"uv": [0, 0, 16, 16], "texture": "#1", "tintindex": 0},
				"south": {"uv": [0, 0, 16, 16], "texture": "#1", "tintindex": 0},
				"west": {"uv": [0, 0, 16, 16], "texture": "#1", "tintindex": 0},
				"up": {"uv": [16, 16, 0, 0], "texture": "#1", "tintindex": 0},
				"down": {"uv": [16, 16, 0, 0], "texture": "#1", "tintindex": 0}
			}
		},
		{
			"name": "Cube",
			"from": [17.02405, -3.24896, -12],
			"to": [17.73685, -2.24896, 1.7],
			"rotation": {"angle": 0, "axis": "y", "origin": [6.67762, 1.4512, -12.2]},
			"faces": {
				"north": {"uv": [0, 0, 16, 16], "texture": "#1", "tintindex": 0},
				"east": {"uv": [0, 0, 16, 16], "texture": "#1", "tintindex": 0},
				"south": {"uv": [0, 0, 16, 16], "texture": "#1", "tintindex": 0},
				"west": {"uv": [0, 0, 16, 16], "texture": "#1", "tintindex": 0},
				"up": {"uv": [16, 16, 0, 0], "texture": "#1", "tintindex": 0},
				"down": {"uv": [16, 16, 0, 0], "texture": "#1", "tintindex": 0}
			}
		},
		{
			"name": "Cube",
			"from": [-1.73685, -1.24896, 0.5],
			"to": [-1.02405, -0.24896, 8],
			"rotation": {"angle": -45, "axis": "x", "origin": [-1.38045, -0.74896, 3.5]},
			"faces": {
				"north": {"uv": [0, 0, 16, 16], "texture": "#1", "tintindex": 0},
				"east": {"uv": [0, 0, 16, 16], "texture": "#1", "tintindex": 0},
				"south": {"uv": [0, 0, 16, 16], "texture": "#1", "tintindex": 0},
				"west": {"uv": [0, 0, 16, 16], "texture": "#1", "tintindex": 0},
				"up": {"uv": [16, 16, 0, 0], "texture": "#1", "tintindex": 0},
				"down": {"uv": [16, 16, 0, 0], "texture": "#1", "tintindex": 0}
			}
		},
		{
			"name": "Cube",
			"from": [17.02405, -1.24896, 0.5],
			"to": [17.73685, -0.24896, 8],
			"rotation": {"angle": -45, "axis": "x", "origin": [17.38045, -0.74896, 3.5]},
			"faces": {
				"north": {"uv": [0, 0, 16, 16], "texture": "#1", "tintindex": 0},
				"east": {"uv": [0, 0, 16, 16], "texture": "#1", "tintindex": 0},
				"south": {"uv": [0, 0, 16, 16], "texture": "#1", "tintindex": 0},
				"west": {"uv": [0, 0, 16, 16], "texture": "#1", "tintindex": 0},
				"up": {"uv": [16, 16, 0, 0], "texture": "#1", "tintindex": 0},
				"down": {"uv": [16, 16, 0, 0], "texture": "#1", "tintindex": 0}
			}
		},
		{
			"name": "Cube",
			"from": [17.16661, 2.75104, 1],
			"to": [17.87941, 20.45104, 1.5],
			"rotation": {"angle": 0, "axis": "x", "origin": [17.52301, 3.25104, 1]},
			"faces": {
				"north": {"uv": [0, 0, 16, 16], "rotation": 90, "texture": "#1", "tintindex": 0},
				"east": {"uv": [0, 0, 16, 16], "rotation": 90, "texture": "#1", "tintindex": 0},
				"south": {"uv": [0, 0, 16, 16], "rotation": 90, "texture": "#1", "tintindex": 0},
				"west": {"uv": [0, 0, 16, 16], "rotation": 90, "texture": "#1", "tintindex": 0},
				"up": {"uv": [16, 16, 0, 0], "rotation": 90, "texture": "#1", "tintindex": 0},
				"down": {"uv": [16, 16, 0, 0], "rotation": 90, "texture": "#1", "tintindex": 0}
			}
		},
		{
			"name": "Cube",
			"from": [-1.87941, 2.75104, 1],
			"to": [-1.16661, 20.45104, 1.5],
			"rotation": {"angle": 0, "axis": "x", "origin": [-1.52301, 3.25104, 1]},
			"faces": {
				"north": {"uv": [0, 16, 16, 0], "rotation": 90, "texture": "#1", "tintindex": 0},
				"east": {"uv": [0, 16, 16, 0], "rotation": 90, "texture": "#1", "tintindex": 0},
				"south": {"uv": [0, 16, 16, 0], "rotation": 90, "texture": "#1", "tintindex": 0},
				"west": {"uv": [0, 16, 16, 0], "rotation": 90, "texture": "#1", "tintindex": 0},
				"up": {"uv": [16, 0, 0, 16], "rotation": 90, "texture": "#1", "tintindex": 0},
				"down": {"uv": [16, 0, 0, 16], "rotation": 90, "texture": "#1", "tintindex": 0}
			}
		},
		{
			"name": "Cube",
			"from": [17.16661, 2.75104, 7],
			"to": [17.87941, 20.45104, 7.5],
			"rotation": {"angle": 0, "axis": "x", "origin": [17.52301, 3.25104, 7]},
			"faces": {
				"north": {"uv": [0, 0, 16, 16], "rotation": 90, "texture": "#1", "tintindex": 0},
				"east": {"uv": [0, 0, 16, 16], "rotation": 90, "texture": "#1", "tintindex": 0},
				"south": {"uv": [0, 0, 16, 16], "rotation": 90, "texture": "#1", "tintindex": 0},
				"west": {"uv": [0, 0, 16, 16], "rotation": 90, "texture": "#1", "tintindex": 0},
				"up": {"uv": [16, 16, 0, 0], "rotation": 90, "texture": "#1", "tintindex": 0},
				"down": {"uv": [16, 16, 0, 0], "rotation": 90, "texture": "#1", "tintindex": 0}
			}
		},
		{
			"name": "Cube",
			"from": [-1.87941, 2.75104, 7],
			"to": [-1.16661, 20.45104, 7.5],
			"rotation": {"angle": 0, "axis": "x", "origin": [-1.52301, 3.25104, 7]},
			"faces": {
				"north": {"uv": [0, 16, 16, 0], "rotation": 90, "texture": "#1", "tintindex": 0},
				"east": {"uv": [0, 16, 16, 0], "rotation": 90, "texture": "#1", "tintindex": 0},
				"south": {"uv": [0, 16, 16, 0], "rotation": 90, "texture": "#1", "tintindex": 0},
				"west": {"uv": [0, 16, 16, 0], "rotation": 90, "texture": "#1", "tintindex": 0},
				"up": {"uv": [16, 0, 0, 16], "rotation": 90, "texture": "#1", "tintindex": 0},
				"down": {"uv": [16, 0, 0, 16], "rotation": 90, "texture": "#1", "tintindex": 0}
			}
		},
		{
			"name": "Cube",
			"from": [17.16661, 2.75104, 13],
			"to": [17.87941, 20.45104, 13.5],
			"rotation": {"angle": 0, "axis": "x", "origin": [17.52301, 3.25104, 13]},
			"faces": {
				"north": {"uv": [0, 0, 16, 16], "rotation": 90, "texture": "#1", "tintindex": 0},
				"east": {"uv": [0, 0, 16, 16], "rotation": 90, "texture": "#1", "tintindex": 0},
				"south": {"uv": [0, 0, 16, 16], "rotation": 90, "texture": "#1", "tintindex": 0},
				"west": {"uv": [0, 0, 16, 16], "rotation": 90, "texture": "#1", "tintindex": 0},
				"up": {"uv": [16, 16, 0, 0], "rotation": 90, "texture": "#1", "tintindex": 0},
				"down": {"uv": [16, 16, 0, 0], "rotation": 90, "texture": "#1", "tintindex": 0}
			}
		},
		{
			"name": "Cube",
			"from": [-1.87941, 2.75104, 13],
			"to": [-1.16661, 20.45104, 13.5],
			"rotation": {"angle": 0, "axis": "x", "origin": [-1.52301, 3.25104, 13]},
			"faces": {
				"north": {"uv": [0, 16, 16, 0], "rotation": 90, "texture": "#1", "tintindex": 0},
				"east": {"uv": [0, 16, 16, 0], "rotation": 90, "texture": "#1", "tintindex": 0},
				"south": {"uv": [0, 16, 16, 0], "rotation": 90, "texture": "#1", "tintindex": 0},
				"west": {"uv": [0, 16, 16, 0], "rotation": 90, "texture": "#1", "tintindex": 0},
				"up": {"uv": [16, 0, 0, 16], "rotation": 90, "texture": "#1", "tintindex": 0},
				"down": {"uv": [16, 0, 0, 16], "rotation": 90, "texture": "#1", "tintindex": 0}
			}
		},
		{
			"name": "Cube",
			"from": [17.16661, 2.75104, 19],
			"to": [17.87941, 20.45104, 19.5],
			"rotation": {"angle": 0, "axis": "x", "origin": [17.52301, 3.25104, 19]},
			"faces": {
				"north": {"uv": [0, 0, 16, 16], "rotation": 90, "texture": "#1", "tintindex": 0},
				"east": {"uv": [0, 0, 16, 16], "rotation": 90, "texture": "#1", "tintindex": 0},
				"south": {"uv": [0, 0, 16, 16], "rotation": 90, "texture": "#1", "tintindex": 0},
				"west": {"uv": [0, 0, 16, 16], "rotation": 90, "texture": "#1", "tintindex": 0},
				"up": {"uv": [16, 16, 0, 0], "rotation": 90, "texture": "#1", "tintindex": 0},
				"down": {"uv": [16, 16, 0, 0], "rotation": 90, "texture": "#1", "tintindex": 0}
			}
		},
		{
			"name": "Cube",
			"from": [-1.87941, 2.75104, 19],
			"to": [-1.16661, 20.45104, 19.5],
			"rotation": {"angle": 0, "axis": "x", "origin": [-1.52301, 3.25104, 19]},
			"faces": {
				"north": {"uv": [0, 16, 16, 0], "rotation": 90, "texture": "#1", "tintindex": 0},
				"east": {"uv": [0, 16, 16, 0], "rotation": 90, "texture": "#1", "tintindex": 0},
				"south": {"uv": [0, 16, 16, 0], "rotation": 90, "texture": "#1", "tintindex": 0},
				"west": {"uv": [0, 16, 16, 0], "rotation": 90, "texture": "#1", "tintindex": 0},
				"up": {"uv": [16, 0, 0, 16], "rotation": 90, "texture": "#1", "tintindex": 0},
				"down": {"uv": [16, 0, 0, 16], "rotation": 90, "texture": "#1", "tintindex": 0}
			}
		},
		{
			"name": "Cube",
			"from": [17.16661, 2.75104, 25],
			"to": [17.87941, 20.45104, 25.5],
			"rotation": {"angle": 0, "axis": "x", "origin": [17.52301, 3.25104, 25]},
			"faces": {
				"north": {"uv": [0, 0, 16, 16], "rotation": 90, "texture": "#1", "tintindex": 0},
				"east": {"uv": [0, 0, 16, 16], "rotation": 90, "texture": "#1", "tintindex": 0},
				"south": {"uv": [0, 0, 16, 16], "rotation": 90, "texture": "#1", "tintindex": 0},
				"west": {"uv": [0, 0, 16, 16], "rotation": 90, "texture": "#1", "tintindex": 0},
				"up": {"uv": [16, 16, 0, 0], "rotation": 90, "texture": "#1", "tintindex": 0},
				"down": {"uv": [16, 16, 0, 0], "rotation": 90, "texture": "#1", "tintindex": 0}
			}
		},
		{
			"name": "Cube",
			"from": [-1.87941, 2.75104, 25],
			"to": [-1.16661, 20.45104, 25.5],
			"rotation": {"angle": 0, "axis": "x", "origin": [-1.52301, 3.25104, 25]},
			"faces": {
				"north": {"uv": [0, 16, 16, 0], "rotation": 90, "texture": "#1", "tintindex": 0},
				"east": {"uv": [0, 16, 16, 0], "rotation": 90, "texture": "#1", "tintindex": 0},
				"south": {"uv": [0, 16, 16, 0], "rotation": 90, "texture": "#1", "tintindex": 0},
				"west": {"uv": [0, 16, 16, 0], "rotation": 90, "texture": "#1", "tintindex": 0},
				"up": {"uv": [16, 0, 0, 16], "rotation": 90, "texture": "#1", "tintindex": 0},
				"down": {"uv": [16, 0, 0, 16], "rotation": 90, "texture": "#1", "tintindex": 0}
			}
		},
		{
			"name": "Cube",
			"from": [-2.14341, 1.85104, -4],
			"to": [-1.16661, 21.25104, -3.5],
			"rotation": {"angle": 0, "axis": "x", "origin": [-1.52301, 3.25104, -4]},
			"faces": {
				"north": {"uv": [0, 0, 16, 16], "rotation": 90, "texture": "#1", "tintindex": 0},
				"east": {"uv": [0, 0, 16, 16], "rotation": 90, "texture": "#1", "tintindex": 0},
				"south": {"uv": [0, 0, 16, 16], "rotation": 90, "texture": "#1", "tintindex": 0},
				"west": {"uv": [0, 0, 16, 16], "rotation": 90, "texture": "#1", "tintindex": 0},
				"up": {"uv": [16, 16, 0, 0], "rotation": 90, "texture": "#1", "tintindex": 0},
				"down": {"uv": [16, 16, 0, 0], "rotation": 90, "texture": "#1", "tintindex": 0}
			}
		},
		{
			"name": "Cube",
			"from": [17.16661, 1.85104, -4],
			"to": [18.14341, 21.25104, -3.5],
			"rotation": {"angle": 0, "axis": "x", "origin": [17.52301, 3.25104, -4]},
			"faces": {
				"north": {"uv": [0, 0, 16, 16], "rotation": 90, "texture": "#1", "tintindex": 0},
				"east": {"uv": [0, 0, 16, 16], "rotation": 90, "texture": "#1", "tintindex": 0},
				"south": {"uv": [0, 0, 16, 16], "rotation": 90, "texture": "#1", "tintindex": 0},
				"west": {"uv": [0, 0, 16, 16], "rotation": 90, "texture": "#1", "tintindex": 0},
				"up": {"uv": [16, 16, 0, 0], "rotation": 90, "texture": "#1", "tintindex": 0},
				"down": {"uv": [16, 16, 0, 0], "rotation": 90, "texture": "#1", "tintindex": 0}
			}
		},
		{
			"name": "Cube",
			"from": [17.16661, 1.85104, -12],
			"to": [18.14341, 21.25104, -11.5],
			"rotation": {"angle": 0, "axis": "x", "origin": [17.52301, 3.25104, -12]},
			"faces": {
				"north": {"uv": [0, 0, 16, 16], "rotation": 90, "texture": "#1", "tintindex": 0},
				"east": {"uv": [0, 0, 16, 16], "rotation": 90, "texture": "#1", "tintindex": 0},
				"south": {"uv": [0, 0, 16, 16], "rotation": 90, "texture": "#1", "tintindex": 0},
				"west": {"uv": [0, 0, 16, 16], "rotation": 90, "texture": "#1", "tintindex": 0},
				"up": {"uv": [16, 16, 0, 0], "rotation": 90, "texture": "#1", "tintindex": 0},
				"down": {"uv": [16, 16, 0, 0], "rotation": 90, "texture": "#1", "tintindex": 0}
			}
		},
		{
			"name": "Cube",
			"from": [-2.14341, 1.85104, -12],
			"to": [-1.16661, 21.25104, -11.5],
			"rotation": {"angle": 0, "axis": "x", "origin": [-1.52301, 3.25104, -12]},
			"faces": {
				"north": {"uv": [0, 16, 16, 0], "rotation": 90, "texture": "#1", "tintindex": 0},
				"east": {"uv": [0, 16, 16, 0], "rotation": 90, "texture": "#1", "tintindex": 0},
				"south": {"uv": [0, 16, 16, 0], "rotation": 90, "texture": "#1", "tintindex": 0},
				"west": {"uv": [0, 16, 16, 0], "rotation": 90, "texture": "#1", "tintindex": 0},
				"up": {"uv": [16, 0, 0, 16], "rotation": 90, "texture": "#1", "tintindex": 0},
				"down": {"uv": [16, 0, 0, 16], "rotation": 90, "texture": "#1", "tintindex": 0}
			}
		},
		{
			"name": "Cube",
			"from": [-1.87941, 2.75104, 28],
			"to": [-1.16661, 21.25104, 29],
			"rotation": {"angle": 0, "axis": "x", "origin": [-1.52301, 3.25104, 28.5]},
			"faces": {
				"north": {"uv": [0, 0, 16, 16], "rotation": 90, "texture": "#1", "tintindex": 0},
				"east": {"uv": [0, 0, 16, 16], "rotation": 90, "texture": "#1", "tintindex": 0},
				"south": {"uv": [0, 0, 16, 16], "rotation": 90, "texture": "#1", "tintindex": 0},
				"west": {"uv": [0, 0, 16, 16], "rotation": 90, "texture": "#1", "tintindex": 0},
				"up": {"uv": [16, 16, 0, 0], "rotation": 90, "texture": "#1", "tintindex": 0},
				"down": {"uv": [16, 16, 0, 0], "rotation": 90, "texture": "#1", "tintindex": 0}
			}
		},
		{
			"name": "Cube",
			"from": [17.16661, 2.75104, 28],
			"to": [17.87941, 21.25104, 29],
			"rotation": {"angle": 0, "axis": "x", "origin": [17.52301, 3.25104, 28.5]},
			"faces": {
				"north": {"uv": [0, 0, 16, 16], "rotation": 90, "texture": "#1", "tintindex": 0},
				"east": {"uv": [0, 0, 16, 16], "rotation": 90, "texture": "#1", "tintindex": 0},
				"south": {"uv": [0, 0, 16, 16], "rotation": 90, "texture": "#1", "tintindex": 0},
				"west": {"uv": [0, 0, 16, 16], "rotation": 90, "texture": "#1", "tintindex": 0},
				"up": {"uv": [16, 16, 0, 0], "rotation": 90, "texture": "#1", "tintindex": 0},
				"down": {"uv": [16, 16, 0, 0], "rotation": 90, "texture": "#1", "tintindex": 0}
			}
		},
		{
			"name": "Cube",
			"from": [7.6436, 2.75104, 28],
			"to": [8.3564, 21.25104, 29],
			"rotation": {"angle": 0, "axis": "x", "origin": [8, 3.25104, 28.5]},
			"faces": {
				"north": {"uv": [0, 0, 16, 16], "rotation": 90, "texture": "#1", "tintindex": 0},
				"east": {"uv": [0, 0, 16, 16], "rotation": 90, "texture": "#1", "tintindex": 0},
				"south": {"uv": [0, 0, 16, 16], "rotation": 90, "texture": "#1", "tintindex": 0},
				"west": {"uv": [0, 0, 16, 16], "rotation": 90, "texture": "#1", "tintindex": 0},
				"up": {"uv": [16, 16, 0, 0], "rotation": 90, "texture": "#1", "tintindex": 0},
				"down": {"uv": [16, 16, 0, 0], "rotation": 90, "texture": "#1", "tintindex": 0}
			}
		},
		{
			"name": "Cube",
			"from": [12.5188, 2.75104, 28],
			"to": [13.0916, 20.55104, 28.7],
			"rotation": {"angle": 0, "axis": "x", "origin": [12.4352, 3.25104, 28.5]},
			"faces": {
				"north": {"uv": [0, 0, 16, 16], "rotation": 90, "texture": "#1", "tintindex": 0},
				"east": {"uv": [0, 0, 16, 16], "rotation": 90, "texture": "#1", "tintindex": 0},
				"south": {"uv": [0, 0, 16, 16], "rotation": 90, "texture": "#1", "tintindex": 0},
				"west": {"uv": [0, 0, 16, 16], "rotation": 90, "texture": "#1", "tintindex": 0},
				"up": {"uv": [16, 16, 0, 0], "rotation": 90, "texture": "#1", "tintindex": 0},
				"down": {"uv": [16, 16, 0, 0], "rotation": 90, "texture": "#1", "tintindex": 0}
			}
		},
		{
			"name": "Cube",
			"from": [2.9084, 2.75104, 28],
			"to": [3.4812, 20.55104, 28.7],
			"rotation": {"angle": 0, "axis": "x", "origin": [3.5648, 3.25104, 28.5]},
			"faces": {
				"north": {"uv": [0, 16, 16, 0], "rotation": 90, "texture": "#1", "tintindex": 0},
				"east": {"uv": [0, 16, 16, 0], "rotation": 90, "texture": "#1", "tintindex": 0},
				"south": {"uv": [0, 16, 16, 0], "rotation": 90, "texture": "#1", "tintindex": 0},
				"west": {"uv": [0, 16, 16, 0], "rotation": 90, "texture": "#1", "tintindex": 0},
				"up": {"uv": [16, 0, 0, 16], "rotation": 90, "texture": "#1", "tintindex": 0},
				"down": {"uv": [16, 0, 0, 16], "rotation": 90, "texture": "#1", "tintindex": 0}
			}
		},
		{
			"name": "Cube",
			"from": [-1.13352, 20.35104, 28],
			"to": [17.13352, 21.25104, 28.9],
			"rotation": {"angle": 0, "axis": "x", "origin": [5.77712, 21.05104, 28.5]},
			"faces": {
				"north": {"uv": [0, 0, 16, 16], "rotation": 90, "texture": "#1", "tintindex": 0},
				"east": {"uv": [0, 0, 16, 16], "rotation": 90, "texture": "#1", "tintindex": 0},
				"south": {"uv": [0, 0, 16, 16], "rotation": 90, "texture": "#1", "tintindex": 0},
				"west": {"uv": [0, 0, 16, 16], "rotation": 90, "texture": "#1", "tintindex": 0},
				"up": {"uv": [16, 16, 0, 0], "rotation": 90, "texture": "#1", "tintindex": 0},
				"down": {"uv": [16, 16, 0, 0], "rotation": 90, "texture": "#1", "tintindex": 0}
			}
		},
		{
			"name": "Cube",
			"from": [-1.73685, -2.24896, 0],
			"to": [-1.02405, 1.75104, 1],
			"rotation": {"angle": 0, "axis": "x", "origin": [-1.38045, -0.74896, 0.5]},
			"faces": {
				"north": {"uv": [0, 0, 16, 16], "rotation": 180, "texture": "#1", "tintindex": 0},
				"east": {"uv": [0, 0, 16, 16], "rotation": 180, "texture": "#1", "tintindex": 0},
				"south": {"uv": [0, 0, 16, 16], "rotation": 180, "texture": "#1", "tintindex": 0},
				"west": {"uv": [0, 0, 16, 16], "rotation": 180, "texture": "#1", "tintindex": 0},
				"up": {"uv": [16, 16, 0, 0], "rotation": 180, "texture": "#1", "tintindex": 0},
				"down": {"uv": [16, 16, 0, 0], "rotation": 180, "texture": "#1", "tintindex": 0}
			}
		},
		{
			"name": "Cube",
			"from": [17.02405, -2.24896, 0],
			"to": [17.73685, 1.75104, 1],
			"rotation": {"angle": 0, "axis": "x", "origin": [17.38045, -0.74896, 0.5]},
			"faces": {
				"north": {"uv": [0, 0, 16, 16], "rotation": 180, "texture": "#1", "tintindex": 0},
				"east": {"uv": [0, 0, 16, 16], "rotation": 180, "texture": "#1", "tintindex": 0},
				"south": {"uv": [0, 0, 16, 16], "rotation": 180, "texture": "#1", "tintindex": 0},
				"west": {"uv": [0, 0, 16, 16], "rotation": 180, "texture": "#1", "tintindex": 0},
				"up": {"uv": [16, 16, 0, 0], "rotation": 180, "texture": "#1", "tintindex": 0},
				"down": {"uv": [16, 16, 0, 0], "rotation": 180, "texture": "#1", "tintindex": 0}
			}
		},
		{
			"name": "Cube",
			"from": [-1.73685, -2.24896, -7],
			"to": [-1.02405, 1.75104, -6],
			"rotation": {"angle": 0, "axis": "x", "origin": [-1.38045, -0.74896, -6.5]},
			"faces": {
				"north": {"uv": [0, 0, 16, 16], "rotation": 180, "texture": "#1", "tintindex": 0},
				"east": {"uv": [0, 0, 16, 16], "rotation": 180, "texture": "#1", "tintindex": 0},
				"south": {"uv": [0, 0, 16, 16], "rotation": 180, "texture": "#1", "tintindex": 0},
				"west": {"uv": [0, 0, 16, 16], "rotation": 180, "texture": "#1", "tintindex": 0},
				"up": {"uv": [16, 16, 0, 0], "rotation": 180, "texture": "#1", "tintindex": 0},
				"down": {"uv": [16, 16, 0, 0], "rotation": 180, "texture": "#1", "tintindex": 0}
			}
		},
		{
			"name": "Cube",
			"from": [17.02405, -2.24896, -7],
			"to": [17.73685, 1.75104, -6],
			"rotation": {"angle": 0, "axis": "x", "origin": [17.38045, -0.74896, -6.5]},
			"faces": {
				"north": {"uv": [0, 0, 16, 16], "rotation": 180, "texture": "#1", "tintindex": 0},
				"east": {"uv": [0, 0, 16, 16], "rotation": 180, "texture": "#1", "tintindex": 0},
				"south": {"uv": [0, 0, 16, 16], "rotation": 180, "texture": "#1", "tintindex": 0},
				"west": {"uv": [0, 0, 16, 16], "rotation": 180, "texture": "#1", "tintindex": 0},
				"up": {"uv": [16, 16, 0, 0], "rotation": 180, "texture": "#1", "tintindex": 0},
				"down": {"uv": [16, 16, 0, 0], "rotation": 180, "texture": "#1", "tintindex": 0}
			}
		},
		{
			"name": "Cube",
			"from": [-1.0559, -0.76256, 28],
			"to": [17.0559, 1.75104, 29.7],
			"rotation": {"angle": 0, "axis": "y", "origin": [9.84758, 6.4512, 5.2]},
			"faces": {
				"north": {"uv": [1, 1, 15, 15], "texture": "#0"},
				"east": {"uv": [1, 1, 15, 15], "texture": "#0"},
				"south": {"uv": [1, 1, 15, 15], "texture": "#0"},
				"west": {"uv": [1, 1, 15, 15], "texture": "#0"},
				"up": {"uv": [15, 15, 1, 1], "texture": "#0"},
				"down": {"uv": [15, 15, 1, 1], "texture": "#0"}
			}
		},
		{
			"name": "Cube",
			"from": [2.5441, -0.76256, -12],
			"to": [13.4559, 1.75104, 28.4],
			"rotation": {"angle": 0, "axis": "y", "origin": [9.84758, 6.4512, 5.2]},
			"faces": {
				"north": {"uv": [1, 1, 15, 15], "texture": "#0"},
				"east": {"uv": [1, 1, 15, 15], "texture": "#0"},
				"south": {"uv": [1, 1, 15, 15], "texture": "#0"},
				"west": {"uv": [1, 1, 15, 15], "texture": "#0"},
				"up": {"uv": [15, 15, 1, 1], "texture": "#0"},
				"down": {"uv": [15, 15, 1, 1], "texture": "#0"}
			}
		},
		{
			"name": "Cube",
			"from": [17.5121, 3.93744, -10.9],
			"to": [18.1119, 7.65104, -10.5],
			"rotation": {"angle": 0, "axis": "y", "origin": [11.34442, 11.8512, 6.3]},
			"faces": {
				"north": {"uv": [15, 1, 1, 15], "texture": "#0"},
				"east": {"uv": [15, 1, 1, 15], "texture": "#0"},
				"south": {"uv": [15, 1, 1, 15], "texture": "#0"},
				"west": {"uv": [15, 1, 1, 15], "texture": "#0"},
				"up": {"uv": [1, 15, 15, 1], "texture": "#0"},
				"down": {"uv": [1, 15, 15, 1], "texture": "#0"}
			}
		},
		{
			"name": "Cube",
			"from": [-2.1119, 3.93744, -10.9],
			"to": [-1.5121, 7.65104, -10.5],
			"rotation": {"angle": 0, "axis": "y", "origin": [4.65558, 11.8512, 6.3]},
			"faces": {
				"north": {"uv": [1, 1, 15, 15], "texture": "#0"},
				"east": {"uv": [1, 1, 15, 15], "texture": "#0"},
				"south": {"uv": [1, 1, 15, 15], "texture": "#0"},
				"west": {"uv": [1, 1, 15, 15], "texture": "#0"},
				"up": {"uv": [15, 15, 1, 1], "texture": "#0"},
				"down": {"uv": [15, 15, 1, 1], "texture": "#0"}
			}
		},
		{
			"name": "Base",
			"from": [-1.504, 3.5512, 24.4],
			"to": [-1.416, 3.7512, 24.68],
			"rotation": {"angle": 0, "axis": "y", "origin": [8.1025, 9.3912, -0.8]},
			"faces": {
				"north": {"uv": [0, 0, 16, 16], "texture": "#2"},
				"east": {"uv": [0, 0, 16, 16], "texture": "#2"},
				"south": {"uv": [0, 0, 16, 16], "texture": "#2"},
				"west": {"uv": [0, 0, 16, 16], "texture": "#2"},
				"up": {"uv": [16, 16, 0, 0], "texture": "#2"},
				"down": {"uv": [16, 16, 0, 0], "texture": "#2"}
			}
		},
		{
			"name": "Base",
			"from": [-1.504, 4.5512, 19.92],
			"to": [-1.416, 4.7512, 21.2],
			"rotation": {"angle": 0, "axis": "y", "origin": [8.1025, 10.3912, 46.4]},
			"faces": {
				"north": {"uv": [16, 0, 0, 16], "texture": "#2"},
				"east": {"uv": [16, 0, 0, 16], "texture": "#2"},
				"south": {"uv": [16, 0, 0, 16], "texture": "#2"},
				"west": {"uv": [16, 0, 0, 16], "texture": "#2"},
				"up": {"uv": [16, 0, 0, 16], "texture": "#2"},
				"down": {"uv": [16, 0, 0, 16], "texture": "#2"}
			}
		},
		{
			"name": "Base",
			"from": [-1.504, 5.7512, 19.92],
			"to": [-1.416, 5.9512, 21.6],
			"rotation": {"angle": 0, "axis": "y", "origin": [8.1025, 11.5912, 46.4]},
			"faces": {
				"north": {"uv": [16, 0, 0, 16], "texture": "#2"},
				"east": {"uv": [16, 0, 0, 16], "texture": "#2"},
				"south": {"uv": [16, 0, 0, 16], "texture": "#2"},
				"west": {"uv": [16, 0, 0, 16], "texture": "#2"},
				"up": {"uv": [16, 0, 0, 16], "texture": "#2"},
				"down": {"uv": [16, 0, 0, 16], "texture": "#2"}
			}
		},
		{
			"name": "Base",
			"from": [-1.504, 5.3512, 19.92],
			"to": [-1.416, 5.5512, 20.7],
			"rotation": {"angle": 0, "axis": "y", "origin": [8.1025, 11.1912, 46.4]},
			"faces": {
				"north": {"uv": [16, 0, 0, 16], "texture": "#2"},
				"east": {"uv": [16, 0, 0, 16], "texture": "#2"},
				"south": {"uv": [16, 0, 0, 16], "texture": "#2"},
				"west": {"uv": [16, 0, 0, 16], "texture": "#2"},
				"up": {"uv": [16, 0, 0, 16], "texture": "#2"},
				"down": {"uv": [16, 0, 0, 16], "texture": "#2"}
			}
		},
		{
			"name": "Base",
			"from": [-1.504, 4.9512, 19.92],
			"to": [-1.416, 5.1512, 22.3],
			"rotation": {"angle": 0, "axis": "y", "origin": [8.1025, 10.7912, 46.4]},
			"faces": {
				"north": {"uv": [16, 0, 0, 16], "texture": "#2"},
				"east": {"uv": [16, 0, 0, 16], "texture": "#2"},
				"south": {"uv": [16, 0, 0, 16], "texture": "#2"},
				"west": {"uv": [16, 0, 0, 16], "texture": "#2"},
				"up": {"uv": [16, 0, 0, 16], "texture": "#2"},
				"down": {"uv": [16, 0, 0, 16], "texture": "#2"}
			}
		},
		{
			"name": "Base",
			"from": [-1.504, 3.5512, 21],
			"to": [-1.416, 3.7512, 23.88],
			"rotation": {"angle": 0, "axis": "y", "origin": [8.1025, 9.3912, -4.2]},
			"faces": {
				"north": {"uv": [0, 0, 16, 16], "texture": "#2"},
				"east": {"uv": [0, 0, 16, 16], "texture": "#2"},
				"south": {"uv": [0, 0, 16, 16], "texture": "#2"},
				"west": {"uv": [0, 0, 16, 16], "texture": "#2"},
				"up": {"uv": [16, 16, 0, 0], "texture": "#2"},
				"down": {"uv": [16, 16, 0, 0], "texture": "#2"}
			}
		},
		{
			"name": "Base",
			"from": [-1.504, 4.5512, 21.72],
			"to": [-1.416, 4.7512, 24.6],
			"rotation": {"angle": 0, "axis": "y", "origin": [8.1025, 10.3912, 49.8]},
			"faces": {
				"north": {"uv": [16, 0, 0, 16], "texture": "#2"},
				"east": {"uv": [16, 0, 0, 16], "texture": "#2"},
				"south": {"uv": [16, 0, 0, 16], "texture": "#2"},
				"west": {"uv": [16, 0, 0, 16], "texture": "#2"},
				"up": {"uv": [16, 0, 0, 16], "texture": "#2"},
				"down": {"uv": [16, 0, 0, 16], "texture": "#2"}
			}
		},
		{
			"name": "Base",
			"from": [-1.504, 5.3512, 20.92],
			"to": [-1.416, 5.5512, 24.6],
			"rotation": {"angle": 0, "axis": "y", "origin": [8.1025, 11.1912, 49.8]},
			"faces": {
				"north": {"uv": [16, 0, 0, 16], "texture": "#2"},
				"east": {"uv": [16, 0, 0, 16], "texture": "#2"},
				"south": {"uv": [16, 0, 0, 16], "texture": "#2"},
				"west": {"uv": [16, 0, 0, 16], "texture": "#2"},
				"up": {"uv": [16, 0, 0, 16], "texture": "#2"},
				"down": {"uv": [16, 0, 0, 16], "texture": "#2"}
			}
		},
		{
			"name": "Base",
			"from": [-1.504, 4.9512, 22.62],
			"to": [-1.416, 5.1512, 24.6],
			"rotation": {"angle": 0, "axis": "y", "origin": [8.1025, 10.7912, 49.8]},
			"faces": {
				"north": {"uv": [16, 0, 0, 16], "texture": "#2"},
				"east": {"uv": [16, 0, 0, 16], "texture": "#2"},
				"south": {"uv": [16, 0, 0, 16], "texture": "#2"},
				"west": {"uv": [16, 0, 0, 16], "texture": "#2"},
				"up": {"uv": [16, 0, 0, 16], "texture": "#2"},
				"down": {"uv": [16, 0, 0, 16], "texture": "#2"}
			}
		},
		{
			"name": "Base",
			"from": [-1.504, 5.7512, 21.82],
			"to": [-1.416, 5.9512, 24.6],
			"rotation": {"angle": 0, "axis": "y", "origin": [8.1025, 11.5912, 49.8]},
			"faces": {
				"north": {"uv": [16, 0, 0, 16], "texture": "#2"},
				"east": {"uv": [16, 0, 0, 16], "texture": "#2"},
				"south": {"uv": [16, 0, 0, 16], "texture": "#2"},
				"west": {"uv": [16, 0, 0, 16], "texture": "#2"},
				"up": {"uv": [16, 0, 0, 16], "texture": "#2"},
				"down": {"uv": [16, 0, 0, 16], "texture": "#2"}
			}
		},
		{
			"name": "Base",
			"from": [5.0048, -1.3488, 30.6],
			"to": [6.6752, 1.8048, 32],
			"rotation": {"angle": 0, "axis": "y", "origin": [18.47168, 6.2912, 3.2]},
			"faces": {
				"north": {"uv": [0, 0, 16, 16], "texture": "#0"},
				"east": {"uv": [0, 0, 16, 16], "texture": "#0"},
				"south": {"uv": [0, 0, 16, 16], "texture": "#0"},
				"west": {"uv": [0, 0, 16, 16], "texture": "#0"},
				"up": {"uv": [16, 16, 0, 0], "texture": "#0"},
				"down": {"uv": [16, 16, 0, 0], "texture": "#0"}
			}
		},
		{
			"name": "Base",
			"from": [9.3248, -1.3488, 30.6],
			"to": [10.9952, 1.8048, 32],
			"rotation": {"angle": 0, "axis": "y", "origin": [22.79168, 6.2912, 3.2]},
			"faces": {
				"north": {"uv": [0, 0, 16, 16], "texture": "#0"},
				"east": {"uv": [0, 0, 16, 16], "texture": "#0"},
				"south": {"uv": [0, 0, 16, 16], "texture": "#0"},
				"west": {"uv": [0, 0, 16, 16], "texture": "#0"},
				"up": {"uv": [16, 16, 0, 0], "texture": "#0"},
				"down": {"uv": [16, 16, 0, 0], "texture": "#0"}
			}
		},
		{
			"name": "Base",
			"from": [6.4448, -1.3488, 28.6],
			"to": [9.5552, 1.8048, 31.6],
			"rotation": {"angle": 0, "axis": "y", "origin": [19.91168, 6.2912, 3.2]},
			"faces": {
				"north": {"uv": [0, 0, 16, 16], "texture": "#0"},
				"east": {"uv": [0, 0, 16, 16], "texture": "#0"},
				"south": {"uv": [0, 0, 16, 16], "texture": "#0"},
				"west": {"uv": [0, 0, 16, 16], "texture": "#0"},
				"up": {"uv": [16, 16, 0, 0], "texture": "#0"},
				"down": {"uv": [16, 16, 0, 0], "texture": "#0"}
			}
		},
		{
			"name": "Base",
			"from": [-1, 0.0512, 29.6],
			"to": [1, 2.0512, 31.88],
			"rotation": {"angle": 0, "axis": "y", "origin": [9.91648, 7.6912, 3.2]},
			"faces": {
				"north": {"uv": [0, 0, 16, 16], "texture": "#0"},
				"east": {"uv": [0, 0, 16, 16], "texture": "#0"},
				"south": {"uv": [0, 0, 16, 16], "texture": "#0"},
				"west": {"uv": [0, 0, 16, 16], "texture": "#0"},
				"up": {"uv": [16, 16, 0, 0], "texture": "#0"},
				"down": {"uv": [16, 16, 0, 0], "texture": "#0"}
			}
		},
		{
			"name": "Base",
			"from": [-2, -0.9856, 31.76],
			"to": [2, 3.0144, 32],
			"rotation": {"angle": 0, "axis": "y", "origin": [9.2576, 7.6912, 3.2]},
			"faces": {
				"north": {"uv": [0, 0, 16, 16], "texture": "#0"},
				"east": {"uv": [0, 0, 16, 16], "texture": "#0"},
				"south": {"uv": [0, 0, 16, 16], "texture": "#0"},
				"west": {"uv": [0, 0, 16, 16], "texture": "#0"},
				"up": {"uv": [16, 16, 0, 0], "texture": "#0"},
				"down": {"uv": [16, 16, 0, 0], "texture": "#0"}
			}
		},
		{
			"name": "Base",
			"from": [15, 0.0512, 29.6],
			"to": [17, 2.0512, 31.88],
			"rotation": {"angle": 0, "axis": "y", "origin": [6.08352, 7.6912, 3.2]},
			"faces": {
				"north": {"uv": [0, 0, 16, 16], "texture": "#0"},
				"east": {"uv": [0, 0, 16, 16], "texture": "#0"},
				"south": {"uv": [0, 0, 16, 16], "texture": "#0"},
				"west": {"uv": [0, 0, 16, 16], "texture": "#0"},
				"up": {"uv": [16, 16, 0, 0], "texture": "#0"},
				"down": {"uv": [16, 16, 0, 0], "texture": "#0"}
			}
		},
		{
			"name": "Base",
			"from": [14, -0.9856, 31.76],
			"to": [18, 3.0144, 32],
			"rotation": {"angle": 0, "axis": "y", "origin": [6.7424, 7.6912, 3.2]},
			"faces": {
				"north": {"uv": [0, 0, 16, 16], "texture": "#0"},
				"east": {"uv": [0, 0, 16, 16], "texture": "#0"},
				"south": {"uv": [0, 0, 16, 16], "texture": "#0"},
				"west": {"uv": [0, 0, 16, 16], "texture": "#0"},
				"up": {"uv": [16, 16, 0, 0], "texture": "#0"},
				"down": {"uv": [16, 16, 0, 0], "texture": "#0"}
			}
		}
	],
	"display": {
		"head": {
			"translation": [0, -15, 80],
			"scale": [4, 4, 4]
		}
	},
	"groups": [0, 1, 2, 3, 4, 5, 6, 7, 8, 9, 10, 11, 12, 13, 14, 15, 16, 17, 18, 19, 20, 21, 22, 23, 24, 25, 26, 27, 28, 29, 30, 31, 32, 33, 34, 35, 36, 37, 38, 39, 40, 41, 42, 43, 44, 45, 46, 47, 48, 49, 50, 51, 52, 53, 54, 55, 56, 57, 58, 59, 60, 61, 62, 63, 64, 65, 66, 67, 68, 69, 70, 71, 72, 73, 74, 75, 76, 77, 78, 79, 80, 81, 82, 83, 84, 85, 86, 87, 88, 89, 90, 91, 92, 93, 94, 95, 96, 97, 98, 99, 100, 101, 102, 103, 104, 105, 106, 107, 108, 109, 110, 111, 112, 113, 114, 115, 116, 117, 118, 119, 120, 121, 122, 123, 124, 125, 126, 127, 128, 129, 130, 131, 132, 133, 134, 135, 136, 137, 138, 139, 140, 141, 142, 143, 144,
		{
			"name": "buffer",
			"origin": [8, 8, 8],
			"children": [
				{
					"name": "BaseColor",
					"origin": [13.45, 14.876, 18.7],
					"children": []
				},
				{
					"name": "DetailColor",
					"origin": [8, 5.376, 38.7],
					"children": []
				},
				{
					"name": "Base",
					"origin": [8, 7.376, 18.8],
					"children": [
						{
							"name": "group",
							"origin": [9.2576, 9.6912, 12.8],
							"children": []
						}
					]
				}
			]
		},
		{
			"name": "buffer",
			"origin": [8, 8, 8],
			"children": [
				{
					"name": "BaseColor",
					"origin": [13.45, 14.876, 18.7],
					"children": []
				},
				{
					"name": "DetailColor",
					"origin": [8, 5.376, 38.7],
					"children": []
				},
				{
					"name": "Base",
					"origin": [8, 7.376, 18.8],
					"children": [
						{
							"name": "group",
							"origin": [9.2576, 9.6912, 12.8],
							"children": []
						}
					]
				}
			]
		},
		{
			"name": "buffer",
			"origin": [8, 8, 8],
			"children": [
				{
					"name": "BaseColor",
					"origin": [13.45, 14.876, 18.7],
					"children": []
				},
				{
					"name": "DetailColor",
					"origin": [8, 5.376, 38.7],
					"children": []
				},
				{
					"name": "Base",
					"origin": [8, 7.376, 18.8],
					"children": [145, 146, 147,
						{
							"name": "group",
							"origin": [9.2576, 9.6912, 12.8],
							"children": [148, 149, 150, 151]
						}
					]
				}
			]
		}
	]
}