{
	"credit": "Made with Blockbench",
	"textures": {
		"0": "block/anvil",
		"1": "block/iron_block",
		"2": "block/white_concrete",
		"4": "block/hay_block_top",
		"6": "block/gray_concrete",
		"particle": "block/white_concrete"
	},
	"elements": [
		{
			"name": "Cube",
			"from": [6.2669, 23.29344, -13.4],
			"to": [12.1743, 24.51584, 28],
			"rotation": {"angle": -22.5, "axis": "z", "origin": [7.85344, 8.01296, -20.4]},
			"faces": {
				"north": {"uv": [16, 0, 0, 16], "texture": "#6"},
				"east": {"uv": [16, 0, 0, 16], "texture": "#6"},
				"south": {"uv": [16, 0, 0, 16], "texture": "#6"},
				"west": {"uv": [16, 0, 0, 16], "texture": "#6"},
				"up": {"uv": [0, 16, 16, 0], "texture": "#6"},
				"down": {"uv": [0, 16, 16, 0], "texture": "#6"}
			}
		},
		{
			"name": "Cube",
			"from": [3.8257, 23.29344, -13.4],
			"to": [9.7331, 24.51584, 28],
			"rotation": {"angle": 22.5, "axis": "z", "origin": [8.14656, 8.01296, -20.4]},
			"faces": {
				"north": {"uv": [0, 0, 16, 16], "texture": "#6"},
				"east": {"uv": [0, 0, 16, 16], "texture": "#6"},
				"south": {"uv": [0, 0, 16, 16], "texture": "#6"},
				"west": {"uv": [0, 0, 16, 16], "texture": "#6"},
				"up": {"uv": [16, 16, 0, 0], "texture": "#6"},
				"down": {"uv": [16, 16, 0, 0], "texture": "#6"}
			}
		},
		{
			"name": "Cube",
			"from": [3.43597, 22.76576, -13.4],
			"to": [12.76403, 23.8464, 28],
			"rotation": {"angle": 0, "axis": "y", "origin": [10.14368, 8.1712, -19.4]},
			"faces": {
				"north": {"uv": [16, 0, 0, 16], "texture": "#6"},
				"east": {"uv": [16, 0, 0, 16], "texture": "#6"},
				"south": {"uv": [16, 0, 0, 16], "texture": "#6"},
				"west": {"uv": [16, 0, 0, 16], "texture": "#6"},
				"up": {"uv": [0, 16, 16, 0], "texture": "#6"},
				"down": {"uv": [0, 16, 16, 0], "texture": "#6"}
			}
		},
		{
			"name": "Cube",
			"from": [-2.36696, 1.60384, -13.6],
			"to": [18.36696, 3.19104, -12],
			"rotation": {"angle": 0, "axis": "y", "origin": [10.58661, 8.8512, 12.8]},
			"faces": {
				"north": {"uv": [0, 0, 16, 16], "texture": "#1", "tintindex": 0},
				"east": {"uv": [0, 0, 16, 16], "texture": "#1", "tintindex": 0},
				"south": {"uv": [0, 0, 16, 16], "texture": "#1", "tintindex": 0},
				"west": {"uv": [0, 0, 16, 16], "texture": "#1", "tintindex": 0},
				"up": {"uv": [0, 0, 16, 16], "texture": "#1", "tintindex": 0},
				"down": {"uv": [0, 0, 16, 16], "texture": "#1", "tintindex": 0}
			}
		},
		{
			"name": "Cube",
			"from": [-1.43747, 3.05104, 11.9],
			"to": [-0.72467, 8.13344, 20],
			"rotation": {"angle": 0, "axis": "y", "origin": [7.4617, 10.4512, 39.8]},
			"faces": {
				"north": {"uv": [1, 15, 15, 1], "texture": "#1", "tintindex": 0},
				"east": {"uv": [1, 15, 15, 1], "texture": "#1", "tintindex": 0},
				"south": {"uv": [1, 15, 15, 1], "texture": "#1", "tintindex": 0},
				"west": {"uv": [1, 15, 15, 1], "texture": "#1", "tintindex": 0},
				"up": {"uv": [1, 15, 15, 1], "texture": "#1", "tintindex": 0},
				"down": {"uv": [1, 15, 15, 1], "texture": "#1", "tintindex": 0}
			}
		},
		{
			"name": "Cube",
			"from": [16.72467, 3.05104, 11.9],
			"to": [17.43747, 8.13344, 20],
			"rotation": {"angle": 0, "axis": "y", "origin": [8.5383, 10.4512, 39.8]},
			"faces": {
				"north": {"uv": [15, 15, 1, 1], "texture": "#1", "tintindex": 0},
				"east": {"uv": [15, 15, 1, 1], "texture": "#1", "tintindex": 0},
				"south": {"uv": [15, 15, 1, 1], "texture": "#1", "tintindex": 0},
				"west": {"uv": [15, 15, 1, 1], "texture": "#1", "tintindex": 0},
				"up": {"uv": [15, 15, 1, 1], "texture": "#1", "tintindex": 0},
				"down": {"uv": [15, 15, 1, 1], "texture": "#1", "tintindex": 0}
			}
		},
		{
			"name": "Cube",
			"from": [-1.43747, 9.05104, 11.9],
			"to": [-0.72467, 10.13344, 20],
			"rotation": {"angle": 0, "axis": "y", "origin": [7.4617, 16.4512, 39.8]},
			"faces": {
				"north": {"uv": [1, 15, 15, 1], "texture": "#1", "tintindex": 0},
				"east": {"uv": [1, 15, 15, 1], "texture": "#1", "tintindex": 0},
				"south": {"uv": [1, 15, 15, 1], "texture": "#1", "tintindex": 0},
				"west": {"uv": [1, 15, 15, 1], "texture": "#1", "tintindex": 0},
				"up": {"uv": [1, 15, 15, 1], "texture": "#1", "tintindex": 0},
				"down": {"uv": [1, 15, 15, 1], "texture": "#1", "tintindex": 0}
			}
		},
		{
			"name": "Cube",
			"from": [16.72467, 9.05104, 11.9],
			"to": [17.43747, 10.13344, 20],
			"rotation": {"angle": 0, "axis": "y", "origin": [8.5383, 16.4512, 39.8]},
			"faces": {
				"north": {"uv": [15, 15, 1, 1], "texture": "#1", "tintindex": 0},
				"east": {"uv": [15, 15, 1, 1], "texture": "#1", "tintindex": 0},
				"south": {"uv": [15, 15, 1, 1], "texture": "#1", "tintindex": 0},
				"west": {"uv": [15, 15, 1, 1], "texture": "#1", "tintindex": 0},
				"up": {"uv": [15, 15, 1, 1], "texture": "#1", "tintindex": 0},
				"down": {"uv": [15, 15, 1, 1], "texture": "#1", "tintindex": 0}
			}
		},
		{
			"name": "Cube",
			"from": [-1.43747, 11.05104, 11.9],
			"to": [-0.72467, 12.13344, 20],
			"rotation": {"angle": 0, "axis": "y", "origin": [7.4617, 18.4512, 39.8]},
			"faces": {
				"north": {"uv": [1, 15, 15, 1], "texture": "#1", "tintindex": 0},
				"east": {"uv": [1, 15, 15, 1], "texture": "#1", "tintindex": 0},
				"south": {"uv": [1, 15, 15, 1], "texture": "#1", "tintindex": 0},
				"west": {"uv": [1, 15, 15, 1], "texture": "#1", "tintindex": 0},
				"up": {"uv": [1, 15, 15, 1], "texture": "#1", "tintindex": 0},
				"down": {"uv": [1, 15, 15, 1], "texture": "#1", "tintindex": 0}
			}
		},
		{
			"name": "Cube",
			"from": [16.72467, 11.05104, 11.9],
			"to": [17.43747, 12.13344, 20],
			"rotation": {"angle": 0, "axis": "y", "origin": [8.5383, 18.4512, 39.8]},
			"faces": {
				"north": {"uv": [15, 15, 1, 1], "texture": "#1", "tintindex": 0},
				"east": {"uv": [15, 15, 1, 1], "texture": "#1", "tintindex": 0},
				"south": {"uv": [15, 15, 1, 1], "texture": "#1", "tintindex": 0},
				"west": {"uv": [15, 15, 1, 1], "texture": "#1", "tintindex": 0},
				"up": {"uv": [15, 15, 1, 1], "texture": "#1", "tintindex": 0},
				"down": {"uv": [15, 15, 1, 1], "texture": "#1", "tintindex": 0}
			}
		},
		{
			"name": "Cube",
			"from": [-1.43747, 13.05104, 11.9],
			"to": [-0.72467, 14.13344, 20],
			"rotation": {"angle": 0, "axis": "y", "origin": [7.4617, 20.4512, 39.8]},
			"faces": {
				"north": {"uv": [1, 15, 15, 1], "texture": "#1", "tintindex": 0},
				"east": {"uv": [1, 15, 15, 1], "texture": "#1", "tintindex": 0},
				"south": {"uv": [1, 15, 15, 1], "texture": "#1", "tintindex": 0},
				"west": {"uv": [1, 15, 15, 1], "texture": "#1", "tintindex": 0},
				"up": {"uv": [1, 15, 15, 1], "texture": "#1", "tintindex": 0},
				"down": {"uv": [1, 15, 15, 1], "texture": "#1", "tintindex": 0}
			}
		},
		{
			"name": "Cube",
			"from": [-1.43747, 15.05104, 11.9],
			"to": [-0.72467, 16.13344, 20],
			"rotation": {"angle": 0, "axis": "y", "origin": [7.4617, 22.4512, 39.8]},
			"faces": {
				"north": {"uv": [1, 15, 15, 1], "texture": "#1", "tintindex": 0},
				"east": {"uv": [1, 15, 15, 1], "texture": "#1", "tintindex": 0},
				"south": {"uv": [1, 15, 15, 1], "texture": "#1", "tintindex": 0},
				"west": {"uv": [1, 15, 15, 1], "texture": "#1", "tintindex": 0},
				"up": {"uv": [1, 15, 15, 1], "texture": "#1", "tintindex": 0},
				"down": {"uv": [1, 15, 15, 1], "texture": "#1", "tintindex": 0}
			}
		},
		{
			"name": "Cube",
			"from": [16.72467, 13.05104, 11.9],
			"to": [17.43747, 14.13344, 20],
			"rotation": {"angle": 0, "axis": "y", "origin": [8.5383, 20.4512, 39.8]},
			"faces": {
				"north": {"uv": [15, 15, 1, 1], "texture": "#1", "tintindex": 0},
				"east": {"uv": [15, 15, 1, 1], "texture": "#1", "tintindex": 0},
				"south": {"uv": [15, 15, 1, 1], "texture": "#1", "tintindex": 0},
				"west": {"uv": [15, 15, 1, 1], "texture": "#1", "tintindex": 0},
				"up": {"uv": [15, 15, 1, 1], "texture": "#1", "tintindex": 0},
				"down": {"uv": [15, 15, 1, 1], "texture": "#1", "tintindex": 0}
			}
		},
		{
			"name": "Cube",
			"from": [16.72467, 15.05104, 11.9],
			"to": [17.43747, 16.13344, 20],
			"rotation": {"angle": 0, "axis": "y", "origin": [8.5383, 22.4512, 39.8]},
			"faces": {
				"north": {"uv": [15, 15, 1, 1], "texture": "#1", "tintindex": 0},
				"east": {"uv": [15, 15, 1, 1], "texture": "#1", "tintindex": 0},
				"south": {"uv": [15, 15, 1, 1], "texture": "#1", "tintindex": 0},
				"west": {"uv": [15, 15, 1, 1], "texture": "#1", "tintindex": 0},
				"up": {"uv": [15, 15, 1, 1], "texture": "#1", "tintindex": 0},
				"down": {"uv": [15, 15, 1, 1], "texture": "#1", "tintindex": 0}
			}
		},
		{
			"name": "Cube",
			"from": [-1.43747, 17.05104, 11.9],
			"to": [-0.72467, 21.13344, 20],
			"rotation": {"angle": 0, "axis": "y", "origin": [7.4617, 22.4512, 39.8]},
			"faces": {
				"north": {"uv": [1, 15, 15, 1], "texture": "#1", "tintindex": 0},
				"east": {"uv": [1, 15, 15, 1], "texture": "#1", "tintindex": 0},
				"south": {"uv": [1, 15, 15, 1], "texture": "#1", "tintindex": 0},
				"west": {"uv": [1, 15, 15, 1], "texture": "#1", "tintindex": 0},
				"up": {"uv": [1, 15, 15, 1], "texture": "#1", "tintindex": 0},
				"down": {"uv": [1, 15, 15, 1], "texture": "#1", "tintindex": 0}
			}
		},
		{
			"name": "Cube",
			"from": [16.72467, 17.05104, 11.9],
			"to": [17.43747, 21.13344, 20],
			"rotation": {"angle": 0, "axis": "y", "origin": [8.5383, 22.4512, 39.8]},
			"faces": {
				"north": {"uv": [15, 15, 1, 1], "texture": "#1", "tintindex": 0},
				"east": {"uv": [15, 15, 1, 1], "texture": "#1", "tintindex": 0},
				"south": {"uv": [15, 15, 1, 1], "texture": "#1", "tintindex": 0},
				"west": {"uv": [15, 15, 1, 1], "texture": "#1", "tintindex": 0},
				"up": {"uv": [15, 15, 1, 1], "texture": "#1", "tintindex": 0},
				"down": {"uv": [15, 15, 1, 1], "texture": "#1", "tintindex": 0}
			}
		},
		{
			"name": "Cube",
			"from": [-1.43747, 9.05104, 19.9],
			"to": [-0.72467, 10.13344, 28],
			"rotation": {"angle": 0, "axis": "y", "origin": [7.4617, 16.4512, 47.8]},
			"faces": {
				"north": {"uv": [1, 15, 15, 1], "texture": "#1", "tintindex": 0},
				"east": {"uv": [1, 15, 15, 1], "texture": "#1", "tintindex": 0},
				"south": {"uv": [1, 15, 15, 1], "texture": "#1", "tintindex": 0},
				"west": {"uv": [1, 15, 15, 1], "texture": "#1", "tintindex": 0},
				"up": {"uv": [1, 15, 15, 1], "texture": "#1", "tintindex": 0},
				"down": {"uv": [1, 15, 15, 1], "texture": "#1", "tintindex": 0}
			}
		},
		{
			"name": "Cube",
			"from": [16.72467, 9.05104, 19.9],
			"to": [17.43747, 10.13344, 28],
			"rotation": {"angle": 0, "axis": "y", "origin": [8.5383, 16.4512, 47.8]},
			"faces": {
				"north": {"uv": [15, 15, 1, 1], "texture": "#1", "tintindex": 0},
				"east": {"uv": [15, 15, 1, 1], "texture": "#1", "tintindex": 0},
				"south": {"uv": [15, 15, 1, 1], "texture": "#1", "tintindex": 0},
				"west": {"uv": [15, 15, 1, 1], "texture": "#1", "tintindex": 0},
				"up": {"uv": [15, 15, 1, 1], "texture": "#1", "tintindex": 0},
				"down": {"uv": [15, 15, 1, 1], "texture": "#1", "tintindex": 0}
			}
		},
		{
			"name": "Cube",
			"from": [-1.43747, 11.05104, 19.9],
			"to": [-0.72467, 12.13344, 28],
			"rotation": {"angle": 0, "axis": "y", "origin": [7.4617, 18.4512, 47.8]},
			"faces": {
				"north": {"uv": [1, 15, 15, 1], "texture": "#1", "tintindex": 0},
				"east": {"uv": [1, 15, 15, 1], "texture": "#1", "tintindex": 0},
				"south": {"uv": [1, 15, 15, 1], "texture": "#1", "tintindex": 0},
				"west": {"uv": [1, 15, 15, 1], "texture": "#1", "tintindex": 0},
				"up": {"uv": [1, 15, 15, 1], "texture": "#1", "tintindex": 0},
				"down": {"uv": [1, 15, 15, 1], "texture": "#1", "tintindex": 0}
			}
		},
		{
			"name": "Cube",
			"from": [16.72467, 11.05104, 19.9],
			"to": [17.43747, 12.13344, 28],
			"rotation": {"angle": 0, "axis": "y", "origin": [8.5383, 18.4512, 47.8]},
			"faces": {
				"north": {"uv": [15, 15, 1, 1], "texture": "#1", "tintindex": 0},
				"east": {"uv": [15, 15, 1, 1], "texture": "#1", "tintindex": 0},
				"south": {"uv": [15, 15, 1, 1], "texture": "#1", "tintindex": 0},
				"west": {"uv": [15, 15, 1, 1], "texture": "#1", "tintindex": 0},
				"up": {"uv": [15, 15, 1, 1], "texture": "#1", "tintindex": 0},
				"down": {"uv": [15, 15, 1, 1], "texture": "#1", "tintindex": 0}
			}
		},
		{
			"name": "Cube",
			"from": [-1.43747, 13.05104, 19.9],
			"to": [-0.72467, 14.13344, 28],
			"rotation": {"angle": 0, "axis": "y", "origin": [7.4617, 20.4512, 47.8]},
			"faces": {
				"north": {"uv": [1, 15, 15, 1], "texture": "#1", "tintindex": 0},
				"east": {"uv": [1, 15, 15, 1], "texture": "#1", "tintindex": 0},
				"south": {"uv": [1, 15, 15, 1], "texture": "#1", "tintindex": 0},
				"west": {"uv": [1, 15, 15, 1], "texture": "#1", "tintindex": 0},
				"up": {"uv": [1, 15, 15, 1], "texture": "#1", "tintindex": 0},
				"down": {"uv": [1, 15, 15, 1], "texture": "#1", "tintindex": 0}
			}
		},
		{
			"name": "Cube",
			"from": [16.72467, 13.05104, 19.9],
			"to": [17.43747, 14.13344, 28],
			"rotation": {"angle": 0, "axis": "y", "origin": [8.5383, 20.4512, 47.8]},
			"faces": {
				"north": {"uv": [15, 15, 1, 1], "texture": "#1", "tintindex": 0},
				"east": {"uv": [15, 15, 1, 1], "texture": "#1", "tintindex": 0},
				"south": {"uv": [15, 15, 1, 1], "texture": "#1", "tintindex": 0},
				"west": {"uv": [15, 15, 1, 1], "texture": "#1", "tintindex": 0},
				"up": {"uv": [15, 15, 1, 1], "texture": "#1", "tintindex": 0},
				"down": {"uv": [15, 15, 1, 1], "texture": "#1", "tintindex": 0}
			}
		},
		{
			"name": "Cube",
			"from": [-1.43747, 15.05104, 19.9],
			"to": [-0.72467, 21.13344, 28],
			"rotation": {"angle": 0, "axis": "y", "origin": [7.4617, 22.4512, 47.8]},
			"faces": {
				"north": {"uv": [1, 15, 15, 1], "texture": "#1", "tintindex": 0},
				"east": {"uv": [1, 15, 15, 1], "texture": "#1", "tintindex": 0},
				"south": {"uv": [1, 15, 15, 1], "texture": "#1", "tintindex": 0},
				"west": {"uv": [1, 15, 15, 1], "texture": "#1", "tintindex": 0},
				"up": {"uv": [1, 15, 15, 1], "texture": "#1", "tintindex": 0},
				"down": {"uv": [1, 15, 15, 1], "texture": "#1", "tintindex": 0}
			}
		},
		{
			"name": "Cube",
			"from": [16.72467, 15.05104, 19.9],
			"to": [17.43747, 21.13344, 28],
			"rotation": {"angle": 0, "axis": "y", "origin": [8.5383, 22.4512, 47.8]},
			"faces": {
				"north": {"uv": [15, 15, 1, 1], "texture": "#1", "tintindex": 0},
				"east": {"uv": [15, 15, 1, 1], "texture": "#1", "tintindex": 0},
				"south": {"uv": [15, 15, 1, 1], "texture": "#1", "tintindex": 0},
				"west": {"uv": [15, 15, 1, 1], "texture": "#1", "tintindex": 0},
				"up": {"uv": [15, 15, 1, 1], "texture": "#1", "tintindex": 0},
				"down": {"uv": [15, 15, 1, 1], "texture": "#1", "tintindex": 0}
			}
		},
		{
			"name": "Cube",
			"from": [-1.43747, 3.05104, 3.9],
			"to": [-0.72467, 8.13344, 12],
			"rotation": {"angle": 0, "axis": "y", "origin": [7.4617, 10.4512, 31.8]},
			"faces": {
				"north": {"uv": [1, 15, 15, 1], "texture": "#1", "tintindex": 0},
				"east": {"uv": [1, 15, 15, 1], "texture": "#1", "tintindex": 0},
				"south": {"uv": [1, 15, 15, 1], "texture": "#1", "tintindex": 0},
				"west": {"uv": [1, 15, 15, 1], "texture": "#1", "tintindex": 0},
				"up": {"uv": [1, 15, 15, 1], "texture": "#1", "tintindex": 0},
				"down": {"uv": [1, 15, 15, 1], "texture": "#1", "tintindex": 0}
			}
		},
		{
			"name": "Cube",
			"from": [16.72467, 3.05104, 3.9],
			"to": [17.43747, 8.13344, 12],
			"rotation": {"angle": 0, "axis": "y", "origin": [8.5383, 10.4512, 31.8]},
			"faces": {
				"north": {"uv": [15, 15, 1, 1], "texture": "#1", "tintindex": 0},
				"east": {"uv": [15, 15, 1, 1], "texture": "#1", "tintindex": 0},
				"south": {"uv": [15, 15, 1, 1], "texture": "#1", "tintindex": 0},
				"west": {"uv": [15, 15, 1, 1], "texture": "#1", "tintindex": 0},
				"up": {"uv": [15, 15, 1, 1], "texture": "#1", "tintindex": 0},
				"down": {"uv": [15, 15, 1, 1], "texture": "#1", "tintindex": 0}
			}
		},
		{
			"name": "Cube",
			"from": [-1.43747, 9.05104, 3.9],
			"to": [-0.72467, 10.13344, 12],
			"rotation": {"angle": 0, "axis": "y", "origin": [7.4617, 16.4512, 31.8]},
			"faces": {
				"north": {"uv": [1, 15, 15, 1], "texture": "#1", "tintindex": 0},
				"east": {"uv": [1, 15, 15, 1], "texture": "#1", "tintindex": 0},
				"south": {"uv": [1, 15, 15, 1], "texture": "#1", "tintindex": 0},
				"west": {"uv": [1, 15, 15, 1], "texture": "#1", "tintindex": 0},
				"up": {"uv": [1, 15, 15, 1], "texture": "#1", "tintindex": 0},
				"down": {"uv": [1, 15, 15, 1], "texture": "#1", "tintindex": 0}
			}
		},
		{
			"name": "Cube",
			"from": [16.72467, 9.05104, 3.9],
			"to": [17.43747, 10.13344, 12],
			"rotation": {"angle": 0, "axis": "y", "origin": [8.5383, 16.4512, 31.8]},
			"faces": {
				"north": {"uv": [15, 15, 1, 1], "texture": "#1", "tintindex": 0},
				"east": {"uv": [15, 15, 1, 1], "texture": "#1", "tintindex": 0},
				"south": {"uv": [15, 15, 1, 1], "texture": "#1", "tintindex": 0},
				"west": {"uv": [15, 15, 1, 1], "texture": "#1", "tintindex": 0},
				"up": {"uv": [15, 15, 1, 1], "texture": "#1", "tintindex": 0},
				"down": {"uv": [15, 15, 1, 1], "texture": "#1", "tintindex": 0}
			}
		},
		{
			"name": "Cube",
			"from": [-1.43747, 11.05104, 3.9],
			"to": [-0.72467, 12.13344, 12],
			"rotation": {"angle": 0, "axis": "y", "origin": [7.4617, 18.4512, 31.8]},
			"faces": {
				"north": {"uv": [1, 15, 15, 1], "texture": "#1", "tintindex": 0},
				"east": {"uv": [1, 15, 15, 1], "texture": "#1", "tintindex": 0},
				"south": {"uv": [1, 15, 15, 1], "texture": "#1", "tintindex": 0},
				"west": {"uv": [1, 15, 15, 1], "texture": "#1", "tintindex": 0},
				"up": {"uv": [1, 15, 15, 1], "texture": "#1", "tintindex": 0},
				"down": {"uv": [1, 15, 15, 1], "texture": "#1", "tintindex": 0}
			}
		},
		{
			"name": "Cube",
			"from": [16.72467, 11.05104, 3.9],
			"to": [17.43747, 12.13344, 12],
			"rotation": {"angle": 0, "axis": "y", "origin": [8.5383, 18.4512, 31.8]},
			"faces": {
				"north": {"uv": [15, 15, 1, 1], "texture": "#1", "tintindex": 0},
				"east": {"uv": [15, 15, 1, 1], "texture": "#1", "tintindex": 0},
				"south": {"uv": [15, 15, 1, 1], "texture": "#1", "tintindex": 0},
				"west": {"uv": [15, 15, 1, 1], "texture": "#1", "tintindex": 0},
				"up": {"uv": [15, 15, 1, 1], "texture": "#1", "tintindex": 0},
				"down": {"uv": [15, 15, 1, 1], "texture": "#1", "tintindex": 0}
			}
		},
		{
			"name": "Cube",
			"from": [-1.43747, 13.05104, 3.9],
			"to": [-0.72467, 14.13344, 12],
			"rotation": {"angle": 0, "axis": "y", "origin": [7.4617, 20.4512, 31.8]},
			"faces": {
				"north": {"uv": [1, 15, 15, 1], "texture": "#1", "tintindex": 0},
				"east": {"uv": [1, 15, 15, 1], "texture": "#1", "tintindex": 0},
				"south": {"uv": [1, 15, 15, 1], "texture": "#1", "tintindex": 0},
				"west": {"uv": [1, 15, 15, 1], "texture": "#1", "tintindex": 0},
				"up": {"uv": [1, 15, 15, 1], "texture": "#1", "tintindex": 0},
				"down": {"uv": [1, 15, 15, 1], "texture": "#1", "tintindex": 0}
			}
		},
		{
			"name": "Cube",
			"from": [-1.43747, 15.05104, 3.9],
			"to": [-0.72467, 16.13344, 12],
			"rotation": {"angle": 0, "axis": "y", "origin": [7.4617, 22.4512, 31.8]},
			"faces": {
				"north": {"uv": [1, 15, 15, 1], "texture": "#1", "tintindex": 0},
				"east": {"uv": [1, 15, 15, 1], "texture": "#1", "tintindex": 0},
				"south": {"uv": [1, 15, 15, 1], "texture": "#1", "tintindex": 0},
				"west": {"uv": [1, 15, 15, 1], "texture": "#1", "tintindex": 0},
				"up": {"uv": [1, 15, 15, 1], "texture": "#1", "tintindex": 0},
				"down": {"uv": [1, 15, 15, 1], "texture": "#1", "tintindex": 0}
			}
		},
		{
			"name": "Cube",
			"from": [16.72467, 13.05104, 3.9],
			"to": [17.43747, 14.13344, 12],
			"rotation": {"angle": 0, "axis": "y", "origin": [8.5383, 20.4512, 31.8]},
			"faces": {
				"north": {"uv": [15, 15, 1, 1], "texture": "#1", "tintindex": 0},
				"east": {"uv": [15, 15, 1, 1], "texture": "#1", "tintindex": 0},
				"south": {"uv": [15, 15, 1, 1], "texture": "#1", "tintindex": 0},
				"west": {"uv": [15, 15, 1, 1], "texture": "#1", "tintindex": 0},
				"up": {"uv": [15, 15, 1, 1], "texture": "#1", "tintindex": 0},
				"down": {"uv": [15, 15, 1, 1], "texture": "#1", "tintindex": 0}
			}
		},
		{
			"name": "Cube",
			"from": [16.72467, 15.05104, 3.9],
			"to": [17.43747, 16.13344, 12],
			"rotation": {"angle": 0, "axis": "y", "origin": [8.5383, 22.4512, 31.8]},
			"faces": {
				"north": {"uv": [15, 15, 1, 1], "texture": "#1", "tintindex": 0},
				"east": {"uv": [15, 15, 1, 1], "texture": "#1", "tintindex": 0},
				"south": {"uv": [15, 15, 1, 1], "texture": "#1", "tintindex": 0},
				"west": {"uv": [15, 15, 1, 1], "texture": "#1", "tintindex": 0},
				"up": {"uv": [15, 15, 1, 1], "texture": "#1", "tintindex": 0},
				"down": {"uv": [15, 15, 1, 1], "texture": "#1", "tintindex": 0}
			}
		},
		{
			"name": "Cube",
			"from": [-1.43747, 17.05104, 3.9],
			"to": [-0.72467, 21.13344, 12],
			"rotation": {"angle": 0, "axis": "y", "origin": [7.4617, 22.4512, 31.8]},
			"faces": {
				"north": {"uv": [1, 15, 15, 1], "texture": "#1", "tintindex": 0},
				"east": {"uv": [1, 15, 15, 1], "texture": "#1", "tintindex": 0},
				"south": {"uv": [1, 15, 15, 1], "texture": "#1", "tintindex": 0},
				"west": {"uv": [1, 15, 15, 1], "texture": "#1", "tintindex": 0},
				"up": {"uv": [1, 15, 15, 1], "texture": "#1", "tintindex": 0},
				"down": {"uv": [1, 15, 15, 1], "texture": "#1", "tintindex": 0}
			}
		},
		{
			"name": "Cube",
			"from": [16.72467, 17.05104, 3.9],
			"to": [17.43747, 21.13344, 12],
			"rotation": {"angle": 0, "axis": "y", "origin": [8.5383, 22.4512, 31.8]},
			"faces": {
				"north": {"uv": [15, 15, 1, 1], "texture": "#1", "tintindex": 0},
				"east": {"uv": [15, 15, 1, 1], "texture": "#1", "tintindex": 0},
				"south": {"uv": [15, 15, 1, 1], "texture": "#1", "tintindex": 0},
				"west": {"uv": [15, 15, 1, 1], "texture": "#1", "tintindex": 0},
				"up": {"uv": [15, 15, 1, 1], "texture": "#1", "tintindex": 0},
				"down": {"uv": [15, 15, 1, 1], "texture": "#1", "tintindex": 0}
			}
		},
		{
			"name": "Cube",
			"from": [-1.43747, 3.05104, -4.1],
			"to": [-0.72467, 8.13344, 4],
			"rotation": {"angle": 0, "axis": "y", "origin": [7.4617, 10.4512, 23.8]},
			"faces": {
				"north": {"uv": [1, 15, 15, 1], "texture": "#1", "tintindex": 0},
				"east": {"uv": [1, 15, 15, 1], "texture": "#1", "tintindex": 0},
				"south": {"uv": [1, 15, 15, 1], "texture": "#1", "tintindex": 0},
				"west": {"uv": [1, 15, 15, 1], "texture": "#1", "tintindex": 0},
				"up": {"uv": [1, 15, 15, 1], "texture": "#1", "tintindex": 0},
				"down": {"uv": [1, 15, 15, 1], "texture": "#1", "tintindex": 0}
			}
		},
		{
			"name": "Cube",
			"from": [16.72467, 3.05104, -4.1],
			"to": [17.43747, 8.13344, 4],
			"rotation": {"angle": 0, "axis": "y", "origin": [8.5383, 10.4512, 23.8]},
			"faces": {
				"north": {"uv": [15, 15, 1, 1], "texture": "#1", "tintindex": 0},
				"east": {"uv": [15, 15, 1, 1], "texture": "#1", "tintindex": 0},
				"south": {"uv": [15, 15, 1, 1], "texture": "#1", "tintindex": 0},
				"west": {"uv": [15, 15, 1, 1], "texture": "#1", "tintindex": 0},
				"up": {"uv": [15, 15, 1, 1], "texture": "#1", "tintindex": 0},
				"down": {"uv": [15, 15, 1, 1], "texture": "#1", "tintindex": 0}
			}
		},
		{
			"name": "Cube",
			"from": [-1.43747, 9.05104, -4.1],
			"to": [-0.72467, 10.13344, 4],
			"rotation": {"angle": 0, "axis": "y", "origin": [7.4617, 16.4512, 23.8]},
			"faces": {
				"north": {"uv": [1, 15, 15, 1], "texture": "#1", "tintindex": 0},
				"east": {"uv": [1, 15, 15, 1], "texture": "#1", "tintindex": 0},
				"south": {"uv": [1, 15, 15, 1], "texture": "#1", "tintindex": 0},
				"west": {"uv": [1, 15, 15, 1], "texture": "#1", "tintindex": 0},
				"up": {"uv": [1, 15, 15, 1], "texture": "#1", "tintindex": 0},
				"down": {"uv": [1, 15, 15, 1], "texture": "#1", "tintindex": 0}
			}
		},
		{
			"name": "Cube",
			"from": [16.72467, 9.05104, -4.1],
			"to": [17.43747, 10.13344, 4],
			"rotation": {"angle": 0, "axis": "y", "origin": [8.5383, 16.4512, 23.8]},
			"faces": {
				"north": {"uv": [15, 15, 1, 1], "texture": "#1", "tintindex": 0},
				"east": {"uv": [15, 15, 1, 1], "texture": "#1", "tintindex": 0},
				"south": {"uv": [15, 15, 1, 1], "texture": "#1", "tintindex": 0},
				"west": {"uv": [15, 15, 1, 1], "texture": "#1", "tintindex": 0},
				"up": {"uv": [15, 15, 1, 1], "texture": "#1", "tintindex": 0},
				"down": {"uv": [15, 15, 1, 1], "texture": "#1", "tintindex": 0}
			}
		},
		{
			"name": "Cube",
			"from": [-1.43747, 11.05104, -4.1],
			"to": [-0.72467, 12.13344, 4],
			"rotation": {"angle": 0, "axis": "y", "origin": [7.4617, 18.4512, 23.8]},
			"faces": {
				"north": {"uv": [1, 15, 15, 1], "texture": "#1", "tintindex": 0},
				"east": {"uv": [1, 15, 15, 1], "texture": "#1", "tintindex": 0},
				"south": {"uv": [1, 15, 15, 1], "texture": "#1", "tintindex": 0},
				"west": {"uv": [1, 15, 15, 1], "texture": "#1", "tintindex": 0},
				"up": {"uv": [1, 15, 15, 1], "texture": "#1", "tintindex": 0},
				"down": {"uv": [1, 15, 15, 1], "texture": "#1", "tintindex": 0}
			}
		},
		{
			"name": "Cube",
			"from": [16.72467, 11.05104, -4.1],
			"to": [17.43747, 12.13344, 4],
			"rotation": {"angle": 0, "axis": "y", "origin": [8.5383, 18.4512, 23.8]},
			"faces": {
				"north": {"uv": [15, 15, 1, 1], "texture": "#1", "tintindex": 0},
				"east": {"uv": [15, 15, 1, 1], "texture": "#1", "tintindex": 0},
				"south": {"uv": [15, 15, 1, 1], "texture": "#1", "tintindex": 0},
				"west": {"uv": [15, 15, 1, 1], "texture": "#1", "tintindex": 0},
				"up": {"uv": [15, 15, 1, 1], "texture": "#1", "tintindex": 0},
				"down": {"uv": [15, 15, 1, 1], "texture": "#1", "tintindex": 0}
			}
		},
		{
			"name": "Cube",
			"from": [-1.43747, 13.05104, -4.1],
			"to": [-0.72467, 14.13344, 4],
			"rotation": {"angle": 0, "axis": "y", "origin": [7.4617, 20.4512, 23.8]},
			"faces": {
				"north": {"uv": [1, 15, 15, 1], "texture": "#1", "tintindex": 0},
				"east": {"uv": [1, 15, 15, 1], "texture": "#1", "tintindex": 0},
				"south": {"uv": [1, 15, 15, 1], "texture": "#1", "tintindex": 0},
				"west": {"uv": [1, 15, 15, 1], "texture": "#1", "tintindex": 0},
				"up": {"uv": [1, 15, 15, 1], "texture": "#1", "tintindex": 0},
				"down": {"uv": [1, 15, 15, 1], "texture": "#1", "tintindex": 0}
			}
		},
		{
			"name": "Cube",
			"from": [-1.43747, 15.05104, -4.1],
			"to": [-0.72467, 16.13344, 4],
			"rotation": {"angle": 0, "axis": "y", "origin": [7.4617, 22.4512, 23.8]},
			"faces": {
				"north": {"uv": [1, 15, 15, 1], "texture": "#1", "tintindex": 0},
				"east": {"uv": [1, 15, 15, 1], "texture": "#1", "tintindex": 0},
				"south": {"uv": [1, 15, 15, 1], "texture": "#1", "tintindex": 0},
				"west": {"uv": [1, 15, 15, 1], "texture": "#1", "tintindex": 0},
				"up": {"uv": [1, 15, 15, 1], "texture": "#1", "tintindex": 0},
				"down": {"uv": [1, 15, 15, 1], "texture": "#1", "tintindex": 0}
			}
		},
		{
			"name": "Cube",
			"from": [16.72467, 13.05104, -4.1],
			"to": [17.43747, 14.13344, 4],
			"rotation": {"angle": 0, "axis": "y", "origin": [8.5383, 20.4512, 23.8]},
			"faces": {
				"north": {"uv": [15, 15, 1, 1], "texture": "#1", "tintindex": 0},
				"east": {"uv": [15, 15, 1, 1], "texture": "#1", "tintindex": 0},
				"south": {"uv": [15, 15, 1, 1], "texture": "#1", "tintindex": 0},
				"west": {"uv": [15, 15, 1, 1], "texture": "#1", "tintindex": 0},
				"up": {"uv": [15, 15, 1, 1], "texture": "#1", "tintindex": 0},
				"down": {"uv": [15, 15, 1, 1], "texture": "#1", "tintindex": 0}
			}
		},
		{
			"name": "Cube",
			"from": [16.72467, 15.05104, -4.1],
			"to": [17.43747, 16.13344, 4],
			"rotation": {"angle": 0, "axis": "y", "origin": [8.5383, 22.4512, 23.8]},
			"faces": {
				"north": {"uv": [15, 15, 1, 1], "texture": "#1", "tintindex": 0},
				"east": {"uv": [15, 15, 1, 1], "texture": "#1", "tintindex": 0},
				"south": {"uv": [15, 15, 1, 1], "texture": "#1", "tintindex": 0},
				"west": {"uv": [15, 15, 1, 1], "texture": "#1", "tintindex": 0},
				"up": {"uv": [15, 15, 1, 1], "texture": "#1", "tintindex": 0},
				"down": {"uv": [15, 15, 1, 1], "texture": "#1", "tintindex": 0}
			}
		},
		{
			"name": "Cube",
			"from": [-1.43747, 17.05104, -4.1],
			"to": [-0.72467, 21.13344, 4],
			"rotation": {"angle": 0, "axis": "y", "origin": [7.4617, 22.4512, 23.8]},
			"faces": {
				"north": {"uv": [1, 15, 15, 1], "texture": "#1", "tintindex": 0},
				"east": {"uv": [1, 15, 15, 1], "texture": "#1", "tintindex": 0},
				"south": {"uv": [1, 15, 15, 1], "texture": "#1", "tintindex": 0},
				"west": {"uv": [1, 15, 15, 1], "texture": "#1", "tintindex": 0},
				"up": {"uv": [1, 15, 15, 1], "texture": "#1", "tintindex": 0},
				"down": {"uv": [1, 15, 15, 1], "texture": "#1", "tintindex": 0}
			}
		},
		{
			"name": "Cube",
			"from": [16.72467, 17.05104, -4.1],
			"to": [17.43747, 21.13344, 4],
			"rotation": {"angle": 0, "axis": "y", "origin": [8.5383, 22.4512, 23.8]},
			"faces": {
				"north": {"uv": [15, 15, 1, 1], "texture": "#1", "tintindex": 0},
				"east": {"uv": [15, 15, 1, 1], "texture": "#1", "tintindex": 0},
				"south": {"uv": [15, 15, 1, 1], "texture": "#1", "tintindex": 0},
				"west": {"uv": [15, 15, 1, 1], "texture": "#1", "tintindex": 0},
				"up": {"uv": [15, 15, 1, 1], "texture": "#1", "tintindex": 0},
				"down": {"uv": [15, 15, 1, 1], "texture": "#1", "tintindex": 0}
			}
		},
		{
			"name": "Cube",
			"from": [-1.43747, 3.05104, -12.1],
			"to": [-0.72467, 8.13344, -4],
			"rotation": {"angle": 0, "axis": "y", "origin": [7.4617, 10.4512, 15.8]},
			"faces": {
				"north": {"uv": [1, 15, 15, 1], "texture": "#1", "tintindex": 0},
				"east": {"uv": [1, 15, 15, 1], "texture": "#1", "tintindex": 0},
				"south": {"uv": [1, 15, 15, 1], "texture": "#1", "tintindex": 0},
				"west": {"uv": [1, 15, 15, 1], "texture": "#1", "tintindex": 0},
				"up": {"uv": [1, 15, 15, 1], "texture": "#1", "tintindex": 0},
				"down": {"uv": [1, 15, 15, 1], "texture": "#1", "tintindex": 0}
			}
		},
		{
			"name": "Cube",
			"from": [16.72467, 3.05104, -12.1],
			"to": [17.43747, 8.13344, -4],
			"rotation": {"angle": 0, "axis": "y", "origin": [8.5383, 10.4512, 15.8]},
			"faces": {
				"north": {"uv": [15, 15, 1, 1], "texture": "#1", "tintindex": 0},
				"east": {"uv": [15, 15, 1, 1], "texture": "#1", "tintindex": 0},
				"south": {"uv": [15, 15, 1, 1], "texture": "#1", "tintindex": 0},
				"west": {"uv": [15, 15, 1, 1], "texture": "#1", "tintindex": 0},
				"up": {"uv": [15, 15, 1, 1], "texture": "#1", "tintindex": 0},
				"down": {"uv": [15, 15, 1, 1], "texture": "#1", "tintindex": 0}
			}
		},
		{
			"name": "Cube",
			"from": [-1.43747, 9.05104, -12.1],
			"to": [-0.72467, 10.13344, -4],
			"rotation": {"angle": 0, "axis": "y", "origin": [7.4617, 16.4512, 15.8]},
			"faces": {
				"north": {"uv": [1, 15, 15, 1], "texture": "#1", "tintindex": 0},
				"east": {"uv": [1, 15, 15, 1], "texture": "#1", "tintindex": 0},
				"south": {"uv": [1, 15, 15, 1], "texture": "#1", "tintindex": 0},
				"west": {"uv": [1, 15, 15, 1], "texture": "#1", "tintindex": 0},
				"up": {"uv": [1, 15, 15, 1], "texture": "#1", "tintindex": 0},
				"down": {"uv": [1, 15, 15, 1], "texture": "#1", "tintindex": 0}
			}
		},
		{
			"name": "Cube",
			"from": [16.72467, 9.05104, -12.1],
			"to": [17.43747, 10.13344, -4],
			"rotation": {"angle": 0, "axis": "y", "origin": [8.5383, 16.4512, 15.8]},
			"faces": {
				"north": {"uv": [15, 15, 1, 1], "texture": "#1", "tintindex": 0},
				"east": {"uv": [15, 15, 1, 1], "texture": "#1", "tintindex": 0},
				"south": {"uv": [15, 15, 1, 1], "texture": "#1", "tintindex": 0},
				"west": {"uv": [15, 15, 1, 1], "texture": "#1", "tintindex": 0},
				"up": {"uv": [15, 15, 1, 1], "texture": "#1", "tintindex": 0},
				"down": {"uv": [15, 15, 1, 1], "texture": "#1", "tintindex": 0}
			}
		},
		{
			"name": "Cube",
			"from": [-1.43747, 11.05104, -12.1],
			"to": [-0.72467, 12.13344, -4],
			"rotation": {"angle": 0, "axis": "y", "origin": [7.4617, 18.4512, 15.8]},
			"faces": {
				"north": {"uv": [1, 15, 15, 1], "texture": "#1", "tintindex": 0},
				"east": {"uv": [1, 15, 15, 1], "texture": "#1", "tintindex": 0},
				"south": {"uv": [1, 15, 15, 1], "texture": "#1", "tintindex": 0},
				"west": {"uv": [1, 15, 15, 1], "texture": "#1", "tintindex": 0},
				"up": {"uv": [1, 15, 15, 1], "texture": "#1", "tintindex": 0},
				"down": {"uv": [1, 15, 15, 1], "texture": "#1", "tintindex": 0}
			}
		},
		{
			"name": "Cube",
			"from": [16.72467, 11.05104, -12.1],
			"to": [17.43747, 12.13344, -4],
			"rotation": {"angle": 0, "axis": "y", "origin": [8.5383, 18.4512, 15.8]},
			"faces": {
				"north": {"uv": [15, 15, 1, 1], "texture": "#1", "tintindex": 0},
				"east": {"uv": [15, 15, 1, 1], "texture": "#1", "tintindex": 0},
				"south": {"uv": [15, 15, 1, 1], "texture": "#1", "tintindex": 0},
				"west": {"uv": [15, 15, 1, 1], "texture": "#1", "tintindex": 0},
				"up": {"uv": [15, 15, 1, 1], "texture": "#1", "tintindex": 0},
				"down": {"uv": [15, 15, 1, 1], "texture": "#1", "tintindex": 0}
			}
		},
		{
			"name": "Cube",
			"from": [-1.43747, 13.05104, -12.1],
			"to": [-0.72467, 14.13344, -4],
			"rotation": {"angle": 0, "axis": "y", "origin": [7.4617, 20.4512, 15.8]},
			"faces": {
				"north": {"uv": [1, 15, 15, 1], "texture": "#1", "tintindex": 0},
				"east": {"uv": [1, 15, 15, 1], "texture": "#1", "tintindex": 0},
				"south": {"uv": [1, 15, 15, 1], "texture": "#1", "tintindex": 0},
				"west": {"uv": [1, 15, 15, 1], "texture": "#1", "tintindex": 0},
				"up": {"uv": [1, 15, 15, 1], "texture": "#1", "tintindex": 0},
				"down": {"uv": [1, 15, 15, 1], "texture": "#1", "tintindex": 0}
			}
		},
		{
			"name": "Cube",
			"from": [-1.43747, 15.05104, -12.1],
			"to": [-0.72467, 16.13344, -4],
			"rotation": {"angle": 0, "axis": "y", "origin": [7.4617, 22.4512, 15.8]},
			"faces": {
				"north": {"uv": [1, 15, 15, 1], "texture": "#1", "tintindex": 0},
				"east": {"uv": [1, 15, 15, 1], "texture": "#1", "tintindex": 0},
				"south": {"uv": [1, 15, 15, 1], "texture": "#1", "tintindex": 0},
				"west": {"uv": [1, 15, 15, 1], "texture": "#1", "tintindex": 0},
				"up": {"uv": [1, 15, 15, 1], "texture": "#1", "tintindex": 0},
				"down": {"uv": [1, 15, 15, 1], "texture": "#1", "tintindex": 0}
			}
		},
		{
			"name": "Cube",
			"from": [16.72467, 13.05104, -12.1],
			"to": [17.43747, 14.13344, -4],
			"rotation": {"angle": 0, "axis": "y", "origin": [8.5383, 20.4512, 15.8]},
			"faces": {
				"north": {"uv": [15, 15, 1, 1], "texture": "#1", "tintindex": 0},
				"east": {"uv": [15, 15, 1, 1], "texture": "#1", "tintindex": 0},
				"south": {"uv": [15, 15, 1, 1], "texture": "#1", "tintindex": 0},
				"west": {"uv": [15, 15, 1, 1], "texture": "#1", "tintindex": 0},
				"up": {"uv": [15, 15, 1, 1], "texture": "#1", "tintindex": 0},
				"down": {"uv": [15, 15, 1, 1], "texture": "#1", "tintindex": 0}
			}
		},
		{
			"name": "Cube",
			"from": [16.72467, 15.05104, -12.1],
			"to": [17.43747, 16.13344, -4],
			"rotation": {"angle": 0, "axis": "y", "origin": [8.5383, 22.4512, 15.8]},
			"faces": {
				"north": {"uv": [15, 15, 1, 1], "texture": "#1", "tintindex": 0},
				"east": {"uv": [15, 15, 1, 1], "texture": "#1", "tintindex": 0},
				"south": {"uv": [15, 15, 1, 1], "texture": "#1", "tintindex": 0},
				"west": {"uv": [15, 15, 1, 1], "texture": "#1", "tintindex": 0},
				"up": {"uv": [15, 15, 1, 1], "texture": "#1", "tintindex": 0},
				"down": {"uv": [15, 15, 1, 1], "texture": "#1", "tintindex": 0}
			}
		},
		{
			"name": "Cube",
			"from": [-1.43747, 17.05104, -12.1],
			"to": [-0.72467, 21.13344, -4],
			"rotation": {"angle": 0, "axis": "y", "origin": [7.4617, 22.4512, 15.8]},
			"faces": {
				"north": {"uv": [1, 15, 15, 1], "texture": "#1", "tintindex": 0},
				"east": {"uv": [1, 15, 15, 1], "texture": "#1", "tintindex": 0},
				"south": {"uv": [1, 15, 15, 1], "texture": "#1", "tintindex": 0},
				"west": {"uv": [1, 15, 15, 1], "texture": "#1", "tintindex": 0},
				"up": {"uv": [1, 15, 15, 1], "texture": "#1", "tintindex": 0},
				"down": {"uv": [1, 15, 15, 1], "texture": "#1", "tintindex": 0}
			}
		},
		{
			"name": "Cube",
			"from": [16.72467, 17.05104, -12.1],
			"to": [17.43747, 21.13344, -4],
			"rotation": {"angle": 0, "axis": "y", "origin": [8.5383, 22.4512, 15.8]},
			"faces": {
				"north": {"uv": [15, 15, 1, 1], "texture": "#1", "tintindex": 0},
				"east": {"uv": [15, 15, 1, 1], "texture": "#1", "tintindex": 0},
				"south": {"uv": [15, 15, 1, 1], "texture": "#1", "tintindex": 0},
				"west": {"uv": [15, 15, 1, 1], "texture": "#1", "tintindex": 0},
				"up": {"uv": [15, 15, 1, 1], "texture": "#1", "tintindex": 0},
				"down": {"uv": [15, 15, 1, 1], "texture": "#1", "tintindex": 0}
			}
		},
		{
			"name": "Cube",
			"from": [-1.87747, 3.05104, 19.7],
			"to": [-1.25267, 8.73344, 28],
			"rotation": {"angle": 0, "axis": "y", "origin": [7.1097, 10.4512, 44.8]},
			"faces": {
				"north": {"uv": [15, 1, 1, 15], "texture": "#1", "tintindex": 0},
				"east": {"uv": [15, 1, 1, 15], "texture": "#1", "tintindex": 0},
				"south": {"uv": [15, 1, 1, 15], "texture": "#1", "tintindex": 0},
				"west": {"uv": [15, 1, 1, 15], "texture": "#1", "tintindex": 0},
				"up": {"uv": [15, 1, 1, 15], "texture": "#1", "tintindex": 0},
				"down": {"uv": [15, 1, 1, 15], "texture": "#1", "tintindex": 0}
			}
		},
		{
			"name": "Cube",
			"from": [17.25267, 3.05104, 19.7],
			"to": [17.87747, 8.73344, 28],
			"rotation": {"angle": 0, "axis": "y", "origin": [8.8903, 10.4512, 44.8]},
			"faces": {
				"north": {"uv": [1, 1, 15, 15], "texture": "#1", "tintindex": 0},
				"east": {"uv": [1, 1, 15, 15], "texture": "#1", "tintindex": 0},
				"south": {"uv": [1, 1, 15, 15], "texture": "#1", "tintindex": 0},
				"west": {"uv": [1, 1, 15, 15], "texture": "#1", "tintindex": 0},
				"up": {"uv": [1, 1, 15, 15], "texture": "#1", "tintindex": 0},
				"down": {"uv": [1, 1, 15, 15], "texture": "#1", "tintindex": 0}
			}
		},
		{
			"name": "Cube",
			"from": [8, 3.05104, -12.0848],
			"to": [16.91, 8.23344, -11.0848],
			"rotation": {"angle": 0, "axis": "y", "origin": [5.58018, 8.34224, -11.5848]},
			"faces": {
				"north": {"uv": [1, 1, 15, 15], "texture": "#1", "tintindex": 0},
				"east": {"uv": [1, 1, 15, 15], "texture": "#1", "tintindex": 0},
				"south": {"uv": [1, 1, 15, 15], "texture": "#1", "tintindex": 0},
				"west": {"uv": [1, 1, 15, 15], "texture": "#1", "tintindex": 0},
				"up": {"uv": [1, 1, 15, 15], "texture": "#1", "tintindex": 0},
				"down": {"uv": [1, 1, 15, 15], "texture": "#1", "tintindex": 0}
			}
		},
		{
			"name": "Cube",
			"from": [8, 11.05104, -12.0848],
			"to": [16.91, 12.23344, -11.0848],
			"rotation": {"angle": 0, "axis": "y", "origin": [5.58018, 16.34224, -11.5848]},
			"faces": {
				"north": {"uv": [1, 1, 15, 15], "texture": "#1", "tintindex": 0},
				"east": {"uv": [1, 1, 15, 15], "texture": "#1", "tintindex": 0},
				"south": {"uv": [1, 1, 15, 15], "texture": "#1", "tintindex": 0},
				"west": {"uv": [1, 1, 15, 15], "texture": "#1", "tintindex": 0},
				"up": {"uv": [1, 1, 15, 15], "texture": "#1", "tintindex": 0},
				"down": {"uv": [1, 1, 15, 15], "texture": "#1", "tintindex": 0}
			}
		},
		{
			"name": "Cube",
			"from": [8, 9.05104, -12.0848],
			"to": [16.91, 10.23344, -11.0848],
			"rotation": {"angle": 0, "axis": "y", "origin": [5.58018, 14.34224, -11.5848]},
			"faces": {
				"north": {"uv": [1, 1, 15, 15], "texture": "#1", "tintindex": 0},
				"east": {"uv": [1, 1, 15, 15], "texture": "#1", "tintindex": 0},
				"south": {"uv": [1, 1, 15, 15], "texture": "#1", "tintindex": 0},
				"west": {"uv": [1, 1, 15, 15], "texture": "#1", "tintindex": 0},
				"up": {"uv": [1, 1, 15, 15], "texture": "#1", "tintindex": 0},
				"down": {"uv": [1, 1, 15, 15], "texture": "#1", "tintindex": 0}
			}
		},
		{
			"name": "Cube",
			"from": [8, 13.05104, -12.0848],
			"to": [16.91, 14.23344, -11.0848],
			"rotation": {"angle": 0, "axis": "y", "origin": [5.58018, 18.34224, -11.5848]},
			"faces": {
				"north": {"uv": [1, 1, 15, 15], "texture": "#1", "tintindex": 0},
				"east": {"uv": [1, 1, 15, 15], "texture": "#1", "tintindex": 0},
				"south": {"uv": [1, 1, 15, 15], "texture": "#1", "tintindex": 0},
				"west": {"uv": [1, 1, 15, 15], "texture": "#1", "tintindex": 0},
				"up": {"uv": [1, 1, 15, 15], "texture": "#1", "tintindex": 0},
				"down": {"uv": [1, 1, 15, 15], "texture": "#1", "tintindex": 0}
			}
		},
		{
			"name": "Cube",
			"from": [8, 15.05104, -12.0848],
			"to": [16.91, 16.23344, -11.0848],
			"rotation": {"angle": 0, "axis": "y", "origin": [5.58018, 20.34224, -11.5848]},
			"faces": {
				"north": {"uv": [1, 1, 15, 15], "texture": "#1", "tintindex": 0},
				"east": {"uv": [1, 1, 15, 15], "texture": "#1", "tintindex": 0},
				"south": {"uv": [1, 1, 15, 15], "texture": "#1", "tintindex": 0},
				"west": {"uv": [1, 1, 15, 15], "texture": "#1", "tintindex": 0},
				"up": {"uv": [1, 1, 15, 15], "texture": "#1", "tintindex": 0},
				"down": {"uv": [1, 1, 15, 15], "texture": "#1", "tintindex": 0}
			}
		},
		{
			"name": "Cube",
			"from": [8, 17.05104, -12.0848],
			"to": [16.91, 21.23344, -11.0848],
			"rotation": {"angle": 0, "axis": "y", "origin": [5.58018, 20.34224, -11.5848]},
			"faces": {
				"north": {"uv": [1, 1, 15, 15], "texture": "#1", "tintindex": 0},
				"east": {"uv": [1, 1, 15, 15], "texture": "#1", "tintindex": 0},
				"south": {"uv": [1, 1, 15, 15], "texture": "#1", "tintindex": 0},
				"west": {"uv": [1, 1, 15, 15], "texture": "#1", "tintindex": 0},
				"up": {"uv": [1, 1, 15, 15], "texture": "#1", "tintindex": 0},
				"down": {"uv": [1, 1, 15, 15], "texture": "#1", "tintindex": 0}
			}
		},
		{
			"name": "Cube",
			"from": [7.945, 21.25104, -12.0848],
			"to": [13.687, 22.83344, -11.0848],
			"rotation": {"angle": 0, "axis": "y", "origin": [1.12518, 10.04224, -11.5848]},
			"faces": {
				"north": {"uv": [1, 1, 15, 15], "rotation": 90, "texture": "#1", "tintindex": 0},
				"east": {"uv": [1, 1, 15, 15], "rotation": 90, "texture": "#1", "tintindex": 0},
				"south": {"uv": [1, 1, 15, 15], "rotation": 90, "texture": "#1", "tintindex": 0},
				"west": {"uv": [1, 1, 15, 15], "rotation": 90, "texture": "#1", "tintindex": 0},
				"up": {"uv": [1, 1, 15, 15], "rotation": 90, "texture": "#1", "tintindex": 0},
				"down": {"uv": [1, 1, 15, 15], "rotation": 90, "texture": "#1", "tintindex": 0}
			}
		},
		{
			"name": "Cube",
			"from": [2.313, 21.25104, -12.0848],
			"to": [7.967, 22.83344, -11.0848],
			"rotation": {"angle": 0, "axis": "y", "origin": [14.87482, 10.04224, -11.5848]},
			"faces": {
				"north": {"uv": [1, 15, 15, 1], "rotation": 90, "texture": "#1", "tintindex": 0},
				"east": {"uv": [1, 15, 15, 1], "rotation": 90, "texture": "#1", "tintindex": 0},
				"south": {"uv": [1, 15, 15, 1], "rotation": 90, "texture": "#1", "tintindex": 0},
				"west": {"uv": [1, 15, 15, 1], "rotation": 90, "texture": "#1", "tintindex": 0},
				"up": {"uv": [1, 15, 15, 1], "rotation": 90, "texture": "#1", "tintindex": 0},
				"down": {"uv": [1, 15, 15, 1], "rotation": 90, "texture": "#1", "tintindex": 0}
			}
		},
		{
			"name": "Cube",
			"from": [13.665, 21.25104, -12.0848],
			"to": [15.359, 22.13344, -11.0848],
			"rotation": {"angle": 0, "axis": "y", "origin": [2.97318, 10.04224, -11.5848]},
			"faces": {
				"north": {"uv": [1, 1, 15, 15], "rotation": 90, "texture": "#1", "tintindex": 0},
				"east": {"uv": [1, 1, 15, 15], "rotation": 90, "texture": "#1", "tintindex": 0},
				"south": {"uv": [1, 1, 15, 15], "rotation": 90, "texture": "#1", "tintindex": 0},
				"west": {"uv": [1, 1, 15, 15], "rotation": 90, "texture": "#1", "tintindex": 0},
				"up": {"uv": [1, 1, 15, 15], "rotation": 90, "texture": "#1", "tintindex": 0},
				"down": {"uv": [1, 1, 15, 15], "rotation": 90, "texture": "#1", "tintindex": 0}
			}
		},
		{
			"name": "Cube",
			"from": [0.641, 21.25104, -12.0848],
			"to": [2.335, 22.13344, -11.0848],
			"rotation": {"angle": 0, "axis": "y", "origin": [13.02682, 10.04224, -11.5848]},
			"faces": {
				"north": {"uv": [1, 15, 15, 1], "rotation": 90, "texture": "#1", "tintindex": 0},
				"east": {"uv": [1, 15, 15, 1], "rotation": 90, "texture": "#1", "tintindex": 0},
				"south": {"uv": [1, 15, 15, 1], "rotation": 90, "texture": "#1", "tintindex": 0},
				"west": {"uv": [1, 15, 15, 1], "rotation": 90, "texture": "#1", "tintindex": 0},
				"up": {"uv": [1, 15, 15, 1], "rotation": 90, "texture": "#1", "tintindex": 0},
				"down": {"uv": [1, 15, 15, 1], "rotation": 90, "texture": "#1", "tintindex": 0}
			}
		},
		{
			"name": "Cube",
			"from": [-0.91, 3.05104, -12.0848],
			"to": [8, 8.23344, -11.0848],
			"rotation": {"angle": 0, "axis": "y", "origin": [10.41982, 8.34224, -11.5848]},
			"faces": {
				"north": {"uv": [1, 1, 15, 15], "texture": "#1", "tintindex": 0},
				"east": {"uv": [1, 1, 15, 15], "texture": "#1", "tintindex": 0},
				"south": {"uv": [1, 1, 15, 15], "texture": "#1", "tintindex": 0},
				"west": {"uv": [1, 1, 15, 15], "texture": "#1", "tintindex": 0},
				"up": {"uv": [1, 1, 15, 15], "texture": "#1", "tintindex": 0},
				"down": {"uv": [1, 1, 15, 15], "texture": "#1", "tintindex": 0}
			}
		},
		{
			"name": "Cube",
			"from": [-0.91, 11.05104, -12.0848],
			"to": [8, 12.23344, -11.0848],
			"rotation": {"angle": 0, "axis": "y", "origin": [10.41982, 16.34224, -11.5848]},
			"faces": {
				"north": {"uv": [1, 1, 15, 15], "texture": "#1", "tintindex": 0},
				"east": {"uv": [1, 1, 15, 15], "texture": "#1", "tintindex": 0},
				"south": {"uv": [1, 1, 15, 15], "texture": "#1", "tintindex": 0},
				"west": {"uv": [1, 1, 15, 15], "texture": "#1", "tintindex": 0},
				"up": {"uv": [1, 1, 15, 15], "texture": "#1", "tintindex": 0},
				"down": {"uv": [1, 1, 15, 15], "texture": "#1", "tintindex": 0}
			}
		},
		{
			"name": "Cube",
			"from": [-0.91, 9.05104, -12.0848],
			"to": [8, 10.23344, -11.0848],
			"rotation": {"angle": 0, "axis": "y", "origin": [10.41982, 14.34224, -11.5848]},
			"faces": {
				"north": {"uv": [1, 1, 15, 15], "texture": "#1", "tintindex": 0},
				"east": {"uv": [1, 1, 15, 15], "texture": "#1", "tintindex": 0},
				"south": {"uv": [1, 1, 15, 15], "texture": "#1", "tintindex": 0},
				"west": {"uv": [1, 1, 15, 15], "texture": "#1", "tintindex": 0},
				"up": {"uv": [1, 1, 15, 15], "texture": "#1", "tintindex": 0},
				"down": {"uv": [1, 1, 15, 15], "texture": "#1", "tintindex": 0}
			}
		},
		{
			"name": "Cube",
			"from": [-0.91, 13.05104, -12.0848],
			"to": [8, 14.23344, -11.0848],
			"rotation": {"angle": 0, "axis": "y", "origin": [10.41982, 18.34224, -11.5848]},
			"faces": {
				"north": {"uv": [1, 1, 15, 15], "texture": "#1", "tintindex": 0},
				"east": {"uv": [1, 1, 15, 15], "texture": "#1", "tintindex": 0},
				"south": {"uv": [1, 1, 15, 15], "texture": "#1", "tintindex": 0},
				"west": {"uv": [1, 1, 15, 15], "texture": "#1", "tintindex": 0},
				"up": {"uv": [1, 1, 15, 15], "texture": "#1", "tintindex": 0},
				"down": {"uv": [1, 1, 15, 15], "texture": "#1", "tintindex": 0}
			}
		},
		{
			"name": "Cube",
			"from": [-0.91, 15.05104, -12.0848],
			"to": [8, 16.23344, -11.0848],
			"rotation": {"angle": 0, "axis": "y", "origin": [10.41982, 20.34224, -11.5848]},
			"faces": {
				"north": {"uv": [1, 1, 15, 15], "texture": "#1", "tintindex": 0},
				"east": {"uv": [1, 1, 15, 15], "texture": "#1", "tintindex": 0},
				"south": {"uv": [1, 1, 15, 15], "texture": "#1", "tintindex": 0},
				"west": {"uv": [1, 1, 15, 15], "texture": "#1", "tintindex": 0},
				"up": {"uv": [1, 1, 15, 15], "texture": "#1", "tintindex": 0},
				"down": {"uv": [1, 1, 15, 15], "texture": "#1", "tintindex": 0}
			}
		},
		{
			"name": "Cube",
			"from": [-0.91, 17.05104, -12.0848],
			"to": [8, 21.23344, -11.0848],
			"rotation": {"angle": 0, "axis": "y", "origin": [10.41982, 20.34224, -11.5848]},
			"faces": {
				"north": {"uv": [1, 1, 15, 15], "texture": "#1", "tintindex": 0},
				"east": {"uv": [1, 1, 15, 15], "texture": "#1", "tintindex": 0},
				"south": {"uv": [1, 1, 15, 15], "texture": "#1", "tintindex": 0},
				"west": {"uv": [1, 1, 15, 15], "texture": "#1", "tintindex": 0},
				"up": {"uv": [1, 1, 15, 15], "texture": "#1", "tintindex": 0},
				"down": {"uv": [1, 1, 15, 15], "texture": "#1", "tintindex": 0}
			}
		},
		{
			"name": "Cube",
			"from": [16.72467, 20.45104, -12],
			"to": [17.83171, 21.23344, 20],
			"rotation": {"angle": 0, "axis": "y", "origin": [8.5383, 18.2512, 13.4]},
			"faces": {
				"north": {"uv": [0, 0, 16, 16], "texture": "#1", "tintindex": 0},
				"east": {"uv": [0, 0, 16, 16], "texture": "#1", "tintindex": 0},
				"south": {"uv": [0, 0, 16, 16], "texture": "#1", "tintindex": 0},
				"west": {"uv": [0, 0, 16, 16], "texture": "#1", "tintindex": 0},
				"up": {"uv": [0, 0, 16, 16], "texture": "#1", "tintindex": 0},
				"down": {"uv": [0, 0, 16, 16], "texture": "#1", "tintindex": 0}
			}
		},
		{
			"name": "Cube",
			"from": [-1.83171, 20.45104, -12],
			"to": [-0.72467, 21.23344, 20],
			"rotation": {"angle": 0, "axis": "y", "origin": [7.4617, 18.2512, 13.4]},
			"faces": {
				"north": {"uv": [0, 0, 16, 16], "texture": "#1", "tintindex": 0},
				"east": {"uv": [0, 0, 16, 16], "texture": "#1", "tintindex": 0},
				"south": {"uv": [0, 0, 16, 16], "texture": "#1", "tintindex": 0},
				"west": {"uv": [0, 0, 16, 16], "texture": "#1", "tintindex": 0},
				"up": {"uv": [0, 0, 16, 16], "texture": "#1", "tintindex": 0},
				"down": {"uv": [0, 0, 16, 16], "texture": "#1", "tintindex": 0}
			}
		},
		{
			"name": "Cube",
			"from": [17.60467, 17.45104, 19.7],
			"to": [18.09571, 17.83344, 28],
			"rotation": {"angle": 0, "axis": "y", "origin": [8.5383, 15.2512, 40.4]},
			"faces": {
				"north": {"uv": [0, 0, 16, 16], "texture": "#1", "tintindex": 0},
				"east": {"uv": [0, 0, 16, 16], "texture": "#1", "tintindex": 0},
				"south": {"uv": [0, 0, 16, 16], "texture": "#1", "tintindex": 0},
				"west": {"uv": [0, 0, 16, 16], "texture": "#1", "tintindex": 0},
				"up": {"uv": [0, 0, 16, 16], "texture": "#1", "tintindex": 0},
				"down": {"uv": [0, 0, 16, 16], "texture": "#1", "tintindex": 0}
			}
		},
		{
			"name": "Cube",
			"from": [-2.09571, 17.45104, 19.7],
			"to": [-1.60467, 17.83344, 28],
			"rotation": {"angle": 0, "axis": "y", "origin": [7.4617, 15.2512, 40.4]},
			"faces": {
				"north": {"uv": [0, 0, 16, 16], "texture": "#1", "tintindex": 0},
				"east": {"uv": [0, 0, 16, 16], "texture": "#1", "tintindex": 0},
				"south": {"uv": [0, 0, 16, 16], "texture": "#1", "tintindex": 0},
				"west": {"uv": [0, 0, 16, 16], "texture": "#1", "tintindex": 0},
				"up": {"uv": [0, 0, 16, 16], "texture": "#1", "tintindex": 0},
				"down": {"uv": [0, 0, 16, 16], "texture": "#1", "tintindex": 0}
			}
		},
		{
			"name": "Cube",
			"from": [-2.09571, 13.45104, 19.7],
			"to": [-1.60467, 13.83344, 28],
			"rotation": {"angle": 0, "axis": "y", "origin": [7.4617, 11.2512, 40.4]},
			"faces": {
				"north": {"uv": [0, 0, 16, 16], "texture": "#1", "tintindex": 0},
				"east": {"uv": [0, 0, 16, 16], "texture": "#1", "tintindex": 0},
				"south": {"uv": [0, 0, 16, 16], "texture": "#1", "tintindex": 0},
				"west": {"uv": [0, 0, 16, 16], "texture": "#1", "tintindex": 0},
				"up": {"uv": [0, 0, 16, 16], "texture": "#1", "tintindex": 0},
				"down": {"uv": [0, 0, 16, 16], "texture": "#1", "tintindex": 0}
			}
		},
		{
			"name": "Cube",
			"from": [17.60467, 13.45104, 19.7],
			"to": [18.09571, 13.83344, 28],
			"rotation": {"angle": 0, "axis": "y", "origin": [8.5383, 11.2512, 40.4]},
			"faces": {
				"north": {"uv": [16, 0, 0, 16], "texture": "#1", "tintindex": 0},
				"east": {"uv": [16, 0, 0, 16], "texture": "#1", "tintindex": 0},
				"south": {"uv": [16, 0, 0, 16], "texture": "#1", "tintindex": 0},
				"west": {"uv": [16, 0, 0, 16], "texture": "#1", "tintindex": 0},
				"up": {"uv": [16, 0, 0, 16], "texture": "#1", "tintindex": 0},
				"down": {"uv": [16, 0, 0, 16], "texture": "#1", "tintindex": 0}
			}
		},
		{
			"name": "Cube",
			"from": [-2.09571, 9.45104, 19.7],
			"to": [-1.60467, 9.83344, 28],
			"rotation": {"angle": 0, "axis": "y", "origin": [7.4617, 7.2512, 40.4]},
			"faces": {
				"north": {"uv": [0, 0, 16, 16], "texture": "#1", "tintindex": 0},
				"east": {"uv": [0, 0, 16, 16], "texture": "#1", "tintindex": 0},
				"south": {"uv": [0, 0, 16, 16], "texture": "#1", "tintindex": 0},
				"west": {"uv": [0, 0, 16, 16], "texture": "#1", "tintindex": 0},
				"up": {"uv": [0, 0, 16, 16], "texture": "#1", "tintindex": 0},
				"down": {"uv": [0, 0, 16, 16], "texture": "#1", "tintindex": 0}
			}
		},
		{
			"name": "Cube",
			"from": [17.60467, 9.45104, 19.7],
			"to": [18.09571, 9.83344, 28],
			"rotation": {"angle": 0, "axis": "y", "origin": [8.5383, 7.2512, 40.4]},
			"faces": {
				"north": {"uv": [16, 0, 0, 16], "texture": "#1", "tintindex": 0},
				"east": {"uv": [16, 0, 0, 16], "texture": "#1", "tintindex": 0},
				"south": {"uv": [16, 0, 0, 16], "texture": "#1", "tintindex": 0},
				"west": {"uv": [16, 0, 0, 16], "texture": "#1", "tintindex": 0},
				"up": {"uv": [16, 0, 0, 16], "texture": "#1", "tintindex": 0},
				"down": {"uv": [16, 0, 0, 16], "texture": "#1", "tintindex": 0}
			}
		},
		{
			"name": "Cube",
			"from": [17.60467, 8.45104, 19.7],
			"to": [18.09571, 8.83344, 28],
			"rotation": {"angle": 0, "axis": "y", "origin": [8.5383, 6.2512, 40.4]},
			"faces": {
				"north": {"uv": [0, 0, 16, 16], "texture": "#1", "tintindex": 0},
				"east": {"uv": [0, 0, 16, 16], "texture": "#1", "tintindex": 0},
				"south": {"uv": [0, 0, 16, 16], "texture": "#1", "tintindex": 0},
				"west": {"uv": [0, 0, 16, 16], "texture": "#1", "tintindex": 0},
				"up": {"uv": [0, 0, 16, 16], "texture": "#1", "tintindex": 0},
				"down": {"uv": [0, 0, 16, 16], "texture": "#1", "tintindex": 0}
			}
		},
		{
			"name": "Cube",
			"from": [-2.09571, 8.45104, 19.7],
			"to": [-1.60467, 8.83344, 28],
			"rotation": {"angle": 0, "axis": "y", "origin": [7.4617, 6.2512, 40.4]},
			"faces": {
				"north": {"uv": [0, 0, 16, 16], "texture": "#1", "tintindex": 0},
				"east": {"uv": [0, 0, 16, 16], "texture": "#1", "tintindex": 0},
				"south": {"uv": [0, 0, 16, 16], "texture": "#1", "tintindex": 0},
				"west": {"uv": [0, 0, 16, 16], "texture": "#1", "tintindex": 0},
				"up": {"uv": [0, 0, 16, 16], "texture": "#1", "tintindex": 0},
				"down": {"uv": [0, 0, 16, 16], "texture": "#1", "tintindex": 0}
			}
		},
		{
			"name": "Cube",
			"from": [16.98867, 20.45104, 19.9],
			"to": [18.09571, 21.23344, 28],
			"rotation": {"angle": 0, "axis": "y", "origin": [8.8023, 18.2512, 40.4]},
			"faces": {
				"north": {"uv": [0, 0, 16, 16], "texture": "#1", "tintindex": 0},
				"east": {"uv": [0, 0, 16, 16], "texture": "#1", "tintindex": 0},
				"south": {"uv": [0, 0, 16, 16], "texture": "#1", "tintindex": 0},
				"west": {"uv": [0, 0, 16, 16], "texture": "#1", "tintindex": 0},
				"up": {"uv": [0, 0, 16, 16], "texture": "#1", "tintindex": 0},
				"down": {"uv": [0, 0, 16, 16], "texture": "#1", "tintindex": 0}
			}
		},
		{
			"name": "Cube",
			"from": [-2.09571, 20.45104, 19.9],
			"to": [-0.98867, 21.23344, 28],
			"rotation": {"angle": 0, "axis": "y", "origin": [7.1977, 18.2512, 40.4]},
			"faces": {
				"north": {"uv": [16, 0, 0, 16], "texture": "#1", "tintindex": 0},
				"east": {"uv": [16, 0, 0, 16], "texture": "#1", "tintindex": 0},
				"south": {"uv": [16, 0, 0, 16], "texture": "#1", "tintindex": 0},
				"west": {"uv": [16, 0, 0, 16], "texture": "#1", "tintindex": 0},
				"up": {"uv": [16, 0, 0, 16], "texture": "#1", "tintindex": 0},
				"down": {"uv": [16, 0, 0, 16], "texture": "#1", "tintindex": 0}
			}
		},
		{
			"name": "Cube",
			"from": [-1.95069, 1.75104, -12.4],
			"to": [17.95069, 3.13344, 28],
			"rotation": {"angle": 0, "axis": "y", "origin": [9.10854, 6.4512, 12.8]},
			"faces": {
				"north": {"uv": [0, 0, 16, 16], "texture": "#1", "tintindex": 0},
				"east": {"uv": [0, 0, 16, 16], "texture": "#1", "tintindex": 0},
				"south": {"uv": [0, 0, 16, 16], "texture": "#1", "tintindex": 0},
				"west": {"uv": [0, 0, 16, 16], "texture": "#1", "tintindex": 0},
				"up": {"uv": [0, 0, 16, 16], "texture": "#1", "tintindex": 0},
				"down": {"uv": [0, 0, 16, 16], "texture": "#1", "tintindex": 0}
			}
		},
		{
			"name": "Cube",
			"from": [-1.39069, 2.75104, -11.4],
			"to": [6.43069, 3.63344, 0.3],
			"rotation": {"angle": 0, "axis": "y", "origin": [8.78854, 7.4512, 12.8]},
			"faces": {
				"north": {"uv": [0, 0, 16, 16], "texture": "#4"},
				"east": {"uv": [0, 0, 16, 16], "texture": "#4"},
				"south": {"uv": [0, 0, 16, 16], "texture": "#4"},
				"west": {"uv": [0, 0, 16, 16], "texture": "#4"},
				"up": {"uv": [0, 0, 16, 16], "texture": "#4"},
				"down": {"uv": [0, 0, 16, 16], "texture": "#4"}
			}
		},
		{
			"name": "Cube",
			"from": [-1.39069, 2.85104, 0.6],
			"to": [6.43069, 3.73344, 12.3],
			"rotation": {"angle": 0, "axis": "y", "origin": [8.78854, 7.5512, 24.8]},
			"faces": {
				"north": {"uv": [0, 0, 16, 16], "texture": "#4"},
				"east": {"uv": [0, 0, 16, 16], "texture": "#4"},
				"south": {"uv": [0, 0, 16, 16], "texture": "#4"},
				"west": {"uv": [0, 0, 16, 16], "texture": "#4"},
				"up": {"uv": [0, 0, 16, 16], "texture": "#4"},
				"down": {"uv": [0, 0, 16, 16], "texture": "#4"}
			}
		},
		{
			"name": "Cube",
			"from": [-1.39069, 3.65104, 9.6],
			"to": [6.43069, 4.53344, 21.3],
			"rotation": {"angle": 0, "axis": "y", "origin": [8.78854, 8.3512, 33.8]},
			"faces": {
				"north": {"uv": [0, 0, 16, 16], "texture": "#4"},
				"east": {"uv": [0, 0, 16, 16], "texture": "#4"},
				"south": {"uv": [0, 0, 16, 16], "texture": "#4"},
				"west": {"uv": [0, 0, 16, 16], "texture": "#4"},
				"up": {"uv": [0, 0, 16, 16], "texture": "#4"},
				"down": {"uv": [0, 0, 16, 16], "texture": "#4"}
			}
		},
		{
			"name": "Cube",
			"from": [-1.39069, 2.65104, 16.6],
			"to": [6.43069, 3.53344, 28.3],
			"rotation": {"angle": 0, "axis": "y", "origin": [8.78854, 7.3512, 40.8]},
			"faces": {
				"north": {"uv": [0, 0, 16, 16], "texture": "#4"},
				"east": {"uv": [0, 0, 16, 16], "texture": "#4"},
				"south": {"uv": [0, 0, 16, 16], "texture": "#4"},
				"west": {"uv": [0, 0, 16, 16], "texture": "#4"},
				"up": {"uv": [0, 0, 16, 16], "texture": "#4"},
				"down": {"uv": [0, 0, 16, 16], "texture": "#4"}
			}
		},
		{
			"name": "Cube",
			"from": [9.24931, 2.45104, -11.4],
			"to": [17.07069, 3.33344, 0.3],
			"rotation": {"angle": 0, "axis": "y", "origin": [19.42854, 7.1512, 12.8]},
			"faces": {
				"north": {"uv": [0, 0, 16, 16], "texture": "#4"},
				"east": {"uv": [0, 0, 16, 16], "texture": "#4"},
				"south": {"uv": [0, 0, 16, 16], "texture": "#4"},
				"west": {"uv": [0, 0, 16, 16], "texture": "#4"},
				"up": {"uv": [0, 0, 16, 16], "texture": "#4"},
				"down": {"uv": [0, 0, 16, 16], "texture": "#4"}
			}
		},
		{
			"name": "Cube",
			"from": [9.24931, 2.75104, 0.6],
			"to": [17.07069, 3.63344, 12.3],
			"rotation": {"angle": 0, "axis": "y", "origin": [19.42854, 7.4512, 24.8]},
			"faces": {
				"north": {"uv": [0, 0, 16, 16], "texture": "#4"},
				"east": {"uv": [0, 0, 16, 16], "texture": "#4"},
				"south": {"uv": [0, 0, 16, 16], "texture": "#4"},
				"west": {"uv": [0, 0, 16, 16], "texture": "#4"},
				"up": {"uv": [0, 0, 16, 16], "texture": "#4"},
				"down": {"uv": [0, 0, 16, 16], "texture": "#4"}
			}
		},
		{
			"name": "Cube",
			"from": [9.24931, 3.45104, 10],
			"to": [17.07069, 4.33344, 21.7],
			"rotation": {"angle": 0, "axis": "y", "origin": [19.42854, 8.1512, 34.2]},
			"faces": {
				"north": {"uv": [0, 0, 16, 16], "texture": "#4"},
				"east": {"uv": [0, 0, 16, 16], "texture": "#4"},
				"south": {"uv": [0, 0, 16, 16], "texture": "#4"},
				"west": {"uv": [0, 0, 16, 16], "texture": "#4"},
				"up": {"uv": [0, 0, 16, 16], "texture": "#4"},
				"down": {"uv": [0, 0, 16, 16], "texture": "#4"}
			}
		},
		{
			"name": "Cube",
			"from": [9.24931, 2.65104, 16.6],
			"to": [17.07069, 3.53344, 28.3],
			"rotation": {"angle": 0, "axis": "y", "origin": [19.42854, 7.3512, 40.8]},
			"faces": {
				"north": {"uv": [0, 0, 16, 16], "texture": "#4"},
				"east": {"uv": [0, 0, 16, 16], "texture": "#4"},
				"south": {"uv": [0, 0, 16, 16], "texture": "#4"},
				"west": {"uv": [0, 0, 16, 16], "texture": "#4"},
				"up": {"uv": [0, 0, 16, 16], "texture": "#4"},
				"down": {"uv": [0, 0, 16, 16], "texture": "#4"}
			}
		},
		{
			"name": "Cube",
			"from": [4.12931, 2.95104, -11.4],
			"to": [11.95069, 3.83344, 0.3],
			"rotation": {"angle": 0, "axis": "y", "origin": [14.30854, 7.6512, 12.8]},
			"faces": {
				"north": {"uv": [0, 0, 16, 16], "texture": "#4"},
				"east": {"uv": [0, 0, 16, 16], "texture": "#4"},
				"south": {"uv": [0, 0, 16, 16], "texture": "#4"},
				"west": {"uv": [0, 0, 16, 16], "texture": "#4"},
				"up": {"uv": [0, 0, 16, 16], "texture": "#4"},
				"down": {"uv": [0, 0, 16, 16], "texture": "#4"}
			}
		},
		{
			"name": "Cube",
			"from": [4.12931, 2.55104, 0.6],
			"to": [11.95069, 3.43344, 12.3],
			"rotation": {"angle": 0, "axis": "y", "origin": [14.30854, 7.2512, 24.8]},
			"faces": {
				"north": {"uv": [0, 0, 16, 16], "texture": "#4"},
				"east": {"uv": [0, 0, 16, 16], "texture": "#4"},
				"south": {"uv": [0, 0, 16, 16], "texture": "#4"},
				"west": {"uv": [0, 0, 16, 16], "texture": "#4"},
				"up": {"uv": [0, 0, 16, 16], "texture": "#4"},
				"down": {"uv": [0, 0, 16, 16], "texture": "#4"}
			}
		},
		{
			"name": "Cube",
			"from": [4.12931, 3.35104, 12.6],
			"to": [11.95069, 4.23344, 24.3],
			"rotation": {"angle": 0, "axis": "y", "origin": [14.30854, 8.0512, 36.8]},
			"faces": {
				"north": {"uv": [0, 0, 16, 16], "texture": "#4"},
				"east": {"uv": [0, 0, 16, 16], "texture": "#4"},
				"south": {"uv": [0, 0, 16, 16], "texture": "#4"},
				"west": {"uv": [0, 0, 16, 16], "texture": "#4"},
				"up": {"uv": [0, 0, 16, 16], "texture": "#4"},
				"down": {"uv": [0, 0, 16, 16], "texture": "#4"}
			}
		},
		{
			"name": "Cube",
			"from": [4.12931, 3.05104, 16.6],
			"to": [11.95069, 3.93344, 28.3],
			"rotation": {"angle": 0, "axis": "y", "origin": [14.30854, 7.7512, 40.8]},
			"faces": {
				"north": {"uv": [0, 0, 16, 16], "texture": "#4"},
				"east": {"uv": [0, 0, 16, 16], "texture": "#4"},
				"south": {"uv": [0, 0, 16, 16], "texture": "#4"},
				"west": {"uv": [0, 0, 16, 16], "texture": "#4"},
				"up": {"uv": [0, 0, 16, 16], "texture": "#4"},
				"down": {"uv": [0, 0, 16, 16], "texture": "#4"}
			}
		},
		{
			"name": "Cube",
			"from": [17.02405, -3.24896, 14.3],
			"to": [17.73685, -2.24896, 28],
			"rotation": {"angle": 0, "axis": "y", "origin": [6.67762, 1.4512, 28.2]},
			"faces": {
				"north": {"uv": [0, 0, 16, 16], "texture": "#1", "tintindex": 0},
				"east": {"uv": [0, 0, 16, 16], "texture": "#1", "tintindex": 0},
				"south": {"uv": [0, 0, 16, 16], "texture": "#1", "tintindex": 0},
				"west": {"uv": [0, 0, 16, 16], "texture": "#1", "tintindex": 0},
				"up": {"uv": [0, 0, 16, 16], "texture": "#1", "tintindex": 0},
				"down": {"uv": [0, 0, 16, 16], "texture": "#1", "tintindex": 0}
			}
		},
		{
			"name": "Cube",
			"from": [-1.73685, -3.24896, 14.3],
			"to": [-1.02405, -2.24896, 28],
			"rotation": {"angle": 0, "axis": "y", "origin": [9.32238, 1.4512, 28.2]},
			"faces": {
				"north": {"uv": [0, 0, 16, 16], "texture": "#1", "tintindex": 0},
				"east": {"uv": [0, 0, 16, 16], "texture": "#1", "tintindex": 0},
				"south": {"uv": [0, 0, 16, 16], "texture": "#1", "tintindex": 0},
				"west": {"uv": [0, 0, 16, 16], "texture": "#1", "tintindex": 0},
				"up": {"uv": [0, 0, 16, 16], "texture": "#1", "tintindex": 0},
				"down": {"uv": [0, 0, 16, 16], "texture": "#1", "tintindex": 0}
			}
		},
		{
			"name": "Cube",
			"from": [17.02405, -1.24896, 8],
			"to": [17.73685, -0.24896, 15.5],
			"rotation": {"angle": 45, "axis": "x", "origin": [17.38045, -0.74896, 12.5]},
			"faces": {
				"north": {"uv": [0, 0, 16, 16], "texture": "#1", "tintindex": 0},
				"east": {"uv": [0, 0, 16, 16], "texture": "#1", "tintindex": 0},
				"south": {"uv": [0, 0, 16, 16], "texture": "#1", "tintindex": 0},
				"west": {"uv": [0, 0, 16, 16], "texture": "#1", "tintindex": 0},
				"up": {"uv": [0, 0, 16, 16], "texture": "#1", "tintindex": 0},
				"down": {"uv": [0, 0, 16, 16], "texture": "#1", "tintindex": 0}
			}
		},
		{
			"name": "Cube",
			"from": [-1.73685, -1.24896, 8],
			"to": [-1.02405, -0.24896, 15.5],
			"rotation": {"angle": 45, "axis": "x", "origin": [-1.38045, -0.74896, 12.5]},
			"faces": {
				"north": {"uv": [0, 0, 16, 16], "texture": "#1", "tintindex": 0},
				"east": {"uv": [0, 0, 16, 16], "texture": "#1", "tintindex": 0},
				"south": {"uv": [0, 0, 16, 16], "texture": "#1", "tintindex": 0},
				"west": {"uv": [0, 0, 16, 16], "texture": "#1", "tintindex": 0},
				"up": {"uv": [0, 0, 16, 16], "texture": "#1", "tintindex": 0},
				"down": {"uv": [0, 0, 16, 16], "texture": "#1", "tintindex": 0}
			}
		},
		{
			"name": "Cube",
			"from": [-1.87941, 2.75104, 14.5],
			"to": [-1.16661, 20.45104, 15],
			"rotation": {"angle": 0, "axis": "x", "origin": [-1.52301, 3.25104, 15]},
			"faces": {
				"north": {"uv": [0, 0, 16, 16], "rotation": 90, "texture": "#1", "tintindex": 0},
				"east": {"uv": [0, 0, 16, 16], "rotation": 90, "texture": "#1", "tintindex": 0},
				"south": {"uv": [0, 0, 16, 16], "rotation": 90, "texture": "#1", "tintindex": 0},
				"west": {"uv": [0, 0, 16, 16], "rotation": 90, "texture": "#1", "tintindex": 0},
				"up": {"uv": [0, 0, 16, 16], "rotation": 90, "texture": "#1", "tintindex": 0},
				"down": {"uv": [0, 0, 16, 16], "rotation": 90, "texture": "#1", "tintindex": 0}
			}
		},
		{
			"name": "Cube",
			"from": [17.16661, 2.75104, 14.5],
			"to": [17.87941, 20.45104, 15],
			"rotation": {"angle": 0, "axis": "x", "origin": [17.52301, 3.25104, 15]},
			"faces": {
				"north": {"uv": [0, 16, 16, 0], "rotation": 90, "texture": "#1", "tintindex": 0},
				"east": {"uv": [0, 16, 16, 0], "rotation": 90, "texture": "#1", "tintindex": 0},
				"south": {"uv": [0, 16, 16, 0], "rotation": 90, "texture": "#1", "tintindex": 0},
				"west": {"uv": [0, 16, 16, 0], "rotation": 90, "texture": "#1", "tintindex": 0},
				"up": {"uv": [0, 16, 16, 0], "rotation": 90, "texture": "#1", "tintindex": 0},
				"down": {"uv": [0, 16, 16, 0], "rotation": 90, "texture": "#1", "tintindex": 0}
			}
		},
		{
			"name": "Cube",
			"from": [-1.87941, 2.75104, 8.5],
			"to": [-1.16661, 20.45104, 9],
			"rotation": {"angle": 0, "axis": "x", "origin": [-1.52301, 3.25104, 9]},
			"faces": {
				"north": {"uv": [0, 0, 16, 16], "rotation": 90, "texture": "#1", "tintindex": 0},
				"east": {"uv": [0, 0, 16, 16], "rotation": 90, "texture": "#1", "tintindex": 0},
				"south": {"uv": [0, 0, 16, 16], "rotation": 90, "texture": "#1", "tintindex": 0},
				"west": {"uv": [0, 0, 16, 16], "rotation": 90, "texture": "#1", "tintindex": 0},
				"up": {"uv": [0, 0, 16, 16], "rotation": 90, "texture": "#1", "tintindex": 0},
				"down": {"uv": [0, 0, 16, 16], "rotation": 90, "texture": "#1", "tintindex": 0}
			}
		},
		{
			"name": "Cube",
			"from": [17.16661, 2.75104, 8.5],
			"to": [17.87941, 20.45104, 9],
			"rotation": {"angle": 0, "axis": "x", "origin": [17.52301, 3.25104, 9]},
			"faces": {
				"north": {"uv": [0, 16, 16, 0], "rotation": 90, "texture": "#1", "tintindex": 0},
				"east": {"uv": [0, 16, 16, 0], "rotation": 90, "texture": "#1", "tintindex": 0},
				"south": {"uv": [0, 16, 16, 0], "rotation": 90, "texture": "#1", "tintindex": 0},
				"west": {"uv": [0, 16, 16, 0], "rotation": 90, "texture": "#1", "tintindex": 0},
				"up": {"uv": [0, 16, 16, 0], "rotation": 90, "texture": "#1", "tintindex": 0},
				"down": {"uv": [0, 16, 16, 0], "rotation": 90, "texture": "#1", "tintindex": 0}
			}
		},
		{
			"name": "Cube",
			"from": [-1.87941, 2.75104, 2.5],
			"to": [-1.16661, 20.45104, 3],
			"rotation": {"angle": 0, "axis": "x", "origin": [-1.52301, 3.25104, 3]},
			"faces": {
				"north": {"uv": [0, 0, 16, 16], "rotation": 90, "texture": "#1", "tintindex": 0},
				"east": {"uv": [0, 0, 16, 16], "rotation": 90, "texture": "#1", "tintindex": 0},
				"south": {"uv": [0, 0, 16, 16], "rotation": 90, "texture": "#1", "tintindex": 0},
				"west": {"uv": [0, 0, 16, 16], "rotation": 90, "texture": "#1", "tintindex": 0},
				"up": {"uv": [0, 0, 16, 16], "rotation": 90, "texture": "#1", "tintindex": 0},
				"down": {"uv": [0, 0, 16, 16], "rotation": 90, "texture": "#1", "tintindex": 0}
			}
		},
		{
			"name": "Cube",
			"from": [17.16661, 2.75104, 2.5],
			"to": [17.87941, 20.45104, 3],
			"rotation": {"angle": 0, "axis": "x", "origin": [17.52301, 3.25104, 3]},
			"faces": {
				"north": {"uv": [0, 16, 16, 0], "rotation": 90, "texture": "#1", "tintindex": 0},
				"east": {"uv": [0, 16, 16, 0], "rotation": 90, "texture": "#1", "tintindex": 0},
				"south": {"uv": [0, 16, 16, 0], "rotation": 90, "texture": "#1", "tintindex": 0},
				"west": {"uv": [0, 16, 16, 0], "rotation": 90, "texture": "#1", "tintindex": 0},
				"up": {"uv": [0, 16, 16, 0], "rotation": 90, "texture": "#1", "tintindex": 0},
				"down": {"uv": [0, 16, 16, 0], "rotation": 90, "texture": "#1", "tintindex": 0}
			}
		},
		{
			"name": "Cube",
			"from": [-1.87941, 2.75104, -3.5],
			"to": [-1.16661, 20.45104, -3],
			"rotation": {"angle": 0, "axis": "x", "origin": [-1.52301, 3.25104, -3]},
			"faces": {
				"north": {"uv": [0, 0, 16, 16], "rotation": 90, "texture": "#1", "tintindex": 0},
				"east": {"uv": [0, 0, 16, 16], "rotation": 90, "texture": "#1", "tintindex": 0},
				"south": {"uv": [0, 0, 16, 16], "rotation": 90, "texture": "#1", "tintindex": 0},
				"west": {"uv": [0, 0, 16, 16], "rotation": 90, "texture": "#1", "tintindex": 0},
				"up": {"uv": [0, 0, 16, 16], "rotation": 90, "texture": "#1", "tintindex": 0},
				"down": {"uv": [0, 0, 16, 16], "rotation": 90, "texture": "#1", "tintindex": 0}
			}
		},
		{
			"name": "Cube",
			"from": [17.16661, 2.75104, -3.5],
			"to": [17.87941, 20.45104, -3],
			"rotation": {"angle": 0, "axis": "x", "origin": [17.52301, 3.25104, -3]},
			"faces": {
				"north": {"uv": [0, 16, 16, 0], "rotation": 90, "texture": "#1", "tintindex": 0},
				"east": {"uv": [0, 16, 16, 0], "rotation": 90, "texture": "#1", "tintindex": 0},
				"south": {"uv": [0, 16, 16, 0], "rotation": 90, "texture": "#1", "tintindex": 0},
				"west": {"uv": [0, 16, 16, 0], "rotation": 90, "texture": "#1", "tintindex": 0},
				"up": {"uv": [0, 16, 16, 0], "rotation": 90, "texture": "#1", "tintindex": 0},
				"down": {"uv": [0, 16, 16, 0], "rotation": 90, "texture": "#1", "tintindex": 0}
			}
		},
		{
			"name": "Cube",
			"from": [-1.87941, 2.75104, -9.5],
			"to": [-1.16661, 20.45104, -9],
			"rotation": {"angle": 0, "axis": "x", "origin": [-1.52301, 3.25104, -9]},
			"faces": {
				"north": {"uv": [0, 0, 16, 16], "rotation": 90, "texture": "#1", "tintindex": 0},
				"east": {"uv": [0, 0, 16, 16], "rotation": 90, "texture": "#1", "tintindex": 0},
				"south": {"uv": [0, 0, 16, 16], "rotation": 90, "texture": "#1", "tintindex": 0},
				"west": {"uv": [0, 0, 16, 16], "rotation": 90, "texture": "#1", "tintindex": 0},
				"up": {"uv": [0, 0, 16, 16], "rotation": 90, "texture": "#1", "tintindex": 0},
				"down": {"uv": [0, 0, 16, 16], "rotation": 90, "texture": "#1", "tintindex": 0}
			}
		},
		{
			"name": "Cube",
			"from": [17.16661, 2.75104, -9.5],
			"to": [17.87941, 20.45104, -9],
			"rotation": {"angle": 0, "axis": "x", "origin": [17.52301, 3.25104, -9]},
			"faces": {
				"north": {"uv": [0, 16, 16, 0], "rotation": 90, "texture": "#1", "tintindex": 0},
				"east": {"uv": [0, 16, 16, 0], "rotation": 90, "texture": "#1", "tintindex": 0},
				"south": {"uv": [0, 16, 16, 0], "rotation": 90, "texture": "#1", "tintindex": 0},
				"west": {"uv": [0, 16, 16, 0], "rotation": 90, "texture": "#1", "tintindex": 0},
				"up": {"uv": [0, 16, 16, 0], "rotation": 90, "texture": "#1", "tintindex": 0},
				"down": {"uv": [0, 16, 16, 0], "rotation": 90, "texture": "#1", "tintindex": 0}
			}
		},
		{
			"name": "Cube",
			"from": [17.16661, 1.85104, 19.5],
			"to": [18.14341, 21.25104, 20],
			"rotation": {"angle": 0, "axis": "x", "origin": [17.52301, 3.25104, 20]},
			"faces": {
				"north": {"uv": [0, 0, 16, 16], "rotation": 90, "texture": "#1", "tintindex": 0},
				"east": {"uv": [0, 0, 16, 16], "rotation": 90, "texture": "#1", "tintindex": 0},
				"south": {"uv": [0, 0, 16, 16], "rotation": 90, "texture": "#1", "tintindex": 0},
				"west": {"uv": [0, 0, 16, 16], "rotation": 90, "texture": "#1", "tintindex": 0},
				"up": {"uv": [0, 0, 16, 16], "rotation": 90, "texture": "#1", "tintindex": 0},
				"down": {"uv": [0, 0, 16, 16], "rotation": 90, "texture": "#1", "tintindex": 0}
			}
		},
		{
			"name": "Cube",
			"from": [-2.14341, 1.85104, 19.5],
			"to": [-1.16661, 21.25104, 20],
			"rotation": {"angle": 0, "axis": "x", "origin": [-1.52301, 3.25104, 20]},
			"faces": {
				"north": {"uv": [0, 0, 16, 16], "rotation": 90, "texture": "#1", "tintindex": 0},
				"east": {"uv": [0, 0, 16, 16], "rotation": 90, "texture": "#1", "tintindex": 0},
				"south": {"uv": [0, 0, 16, 16], "rotation": 90, "texture": "#1", "tintindex": 0},
				"west": {"uv": [0, 0, 16, 16], "rotation": 90, "texture": "#1", "tintindex": 0},
				"up": {"uv": [0, 0, 16, 16], "rotation": 90, "texture": "#1", "tintindex": 0},
				"down": {"uv": [0, 0, 16, 16], "rotation": 90, "texture": "#1", "tintindex": 0}
			}
		},
		{
			"name": "Cube",
			"from": [-2.14341, 1.85104, 27.5],
			"to": [-1.16661, 21.25104, 28],
			"rotation": {"angle": 0, "axis": "x", "origin": [-1.52301, 3.25104, 28]},
			"faces": {
				"north": {"uv": [0, 0, 16, 16], "rotation": 90, "texture": "#1", "tintindex": 0},
				"east": {"uv": [0, 0, 16, 16], "rotation": 90, "texture": "#1", "tintindex": 0},
				"south": {"uv": [0, 0, 16, 16], "rotation": 90, "texture": "#1", "tintindex": 0},
				"west": {"uv": [0, 0, 16, 16], "rotation": 90, "texture": "#1", "tintindex": 0},
				"up": {"uv": [0, 0, 16, 16], "rotation": 90, "texture": "#1", "tintindex": 0},
				"down": {"uv": [0, 0, 16, 16], "rotation": 90, "texture": "#1", "tintindex": 0}
			}
		},
		{
			"name": "Cube",
			"from": [17.16661, 1.85104, 27.5],
			"to": [18.14341, 21.25104, 28],
			"rotation": {"angle": 0, "axis": "x", "origin": [17.52301, 3.25104, 28]},
			"faces": {
				"north": {"uv": [0, 16, 16, 0], "rotation": 90, "texture": "#1", "tintindex": 0},
				"east": {"uv": [0, 16, 16, 0], "rotation": 90, "texture": "#1", "tintindex": 0},
				"south": {"uv": [0, 16, 16, 0], "rotation": 90, "texture": "#1", "tintindex": 0},
				"west": {"uv": [0, 16, 16, 0], "rotation": 90, "texture": "#1", "tintindex": 0},
				"up": {"uv": [0, 16, 16, 0], "rotation": 90, "texture": "#1", "tintindex": 0},
				"down": {"uv": [0, 16, 16, 0], "rotation": 90, "texture": "#1", "tintindex": 0}
			}
		},
		{
			"name": "Cube",
			"from": [17.16661, 2.75104, -13],
			"to": [17.87941, 21.25104, -12],
			"rotation": {"angle": 0, "axis": "x", "origin": [17.52301, 3.25104, -12.5]},
			"faces": {
				"north": {"uv": [0, 0, 16, 16], "rotation": 90, "texture": "#1", "tintindex": 0},
				"east": {"uv": [0, 0, 16, 16], "rotation": 90, "texture": "#1", "tintindex": 0},
				"south": {"uv": [0, 0, 16, 16], "rotation": 90, "texture": "#1", "tintindex": 0},
				"west": {"uv": [0, 0, 16, 16], "rotation": 90, "texture": "#1", "tintindex": 0},
				"up": {"uv": [0, 0, 16, 16], "rotation": 90, "texture": "#1", "tintindex": 0},
				"down": {"uv": [0, 0, 16, 16], "rotation": 90, "texture": "#1", "tintindex": 0}
			}
		},
		{
			"name": "Cube",
			"from": [-1.87941, 2.75104, -13],
			"to": [-1.16661, 21.25104, -12],
			"rotation": {"angle": 0, "axis": "x", "origin": [-1.52301, 3.25104, -12.5]},
			"faces": {
				"north": {"uv": [0, 0, 16, 16], "rotation": 90, "texture": "#1", "tintindex": 0},
				"east": {"uv": [0, 0, 16, 16], "rotation": 90, "texture": "#1", "tintindex": 0},
				"south": {"uv": [0, 0, 16, 16], "rotation": 90, "texture": "#1", "tintindex": 0},
				"west": {"uv": [0, 0, 16, 16], "rotation": 90, "texture": "#1", "tintindex": 0},
				"up": {"uv": [0, 0, 16, 16], "rotation": 90, "texture": "#1", "tintindex": 0},
				"down": {"uv": [0, 0, 16, 16], "rotation": 90, "texture": "#1", "tintindex": 0}
			}
		},
		{
			"name": "Cube",
			"from": [7.6436, 2.75104, -13],
			"to": [8.3564, 21.25104, -12],
			"rotation": {"angle": 0, "axis": "x", "origin": [8, 3.25104, -12.5]},
			"faces": {
				"north": {"uv": [0, 0, 16, 16], "rotation": 90, "texture": "#1", "tintindex": 0},
				"east": {"uv": [0, 0, 16, 16], "rotation": 90, "texture": "#1", "tintindex": 0},
				"south": {"uv": [0, 0, 16, 16], "rotation": 90, "texture": "#1", "tintindex": 0},
				"west": {"uv": [0, 0, 16, 16], "rotation": 90, "texture": "#1", "tintindex": 0},
				"up": {"uv": [0, 0, 16, 16], "rotation": 90, "texture": "#1", "tintindex": 0},
				"down": {"uv": [0, 0, 16, 16], "rotation": 90, "texture": "#1", "tintindex": 0}
			}
		},
		{
			"name": "Cube",
			"from": [2.9084, 2.75104, -12.7],
			"to": [3.4812, 20.55104, -12],
			"rotation": {"angle": 0, "axis": "x", "origin": [3.5648, 3.25104, -12.5]},
			"faces": {
				"north": {"uv": [0, 0, 16, 16], "rotation": 90, "texture": "#1", "tintindex": 0},
				"east": {"uv": [0, 0, 16, 16], "rotation": 90, "texture": "#1", "tintindex": 0},
				"south": {"uv": [0, 0, 16, 16], "rotation": 90, "texture": "#1", "tintindex": 0},
				"west": {"uv": [0, 0, 16, 16], "rotation": 90, "texture": "#1", "tintindex": 0},
				"up": {"uv": [0, 0, 16, 16], "rotation": 90, "texture": "#1", "tintindex": 0},
				"down": {"uv": [0, 0, 16, 16], "rotation": 90, "texture": "#1", "tintindex": 0}
			}
		},
		{
			"name": "Cube",
			"from": [12.5188, 2.75104, -12.7],
			"to": [13.0916, 20.55104, -12],
			"rotation": {"angle": 0, "axis": "x", "origin": [12.4352, 3.25104, -12.5]},
			"faces": {
				"north": {"uv": [0, 16, 16, 0], "rotation": 90, "texture": "#1", "tintindex": 0},
				"east": {"uv": [0, 16, 16, 0], "rotation": 90, "texture": "#1", "tintindex": 0},
				"south": {"uv": [0, 16, 16, 0], "rotation": 90, "texture": "#1", "tintindex": 0},
				"west": {"uv": [0, 16, 16, 0], "rotation": 90, "texture": "#1", "tintindex": 0},
				"up": {"uv": [0, 16, 16, 0], "rotation": 90, "texture": "#1", "tintindex": 0},
				"down": {"uv": [0, 16, 16, 0], "rotation": 90, "texture": "#1", "tintindex": 0}
			}
		},
		{
			"name": "Cube",
			"from": [-1.13352, 20.35104, -12.9],
			"to": [17.13352, 21.25104, -12],
			"rotation": {"angle": 0, "axis": "x", "origin": [10.22288, 21.05104, -12.5]},
			"faces": {
				"north": {"uv": [0, 0, 16, 16], "rotation": 90, "texture": "#1", "tintindex": 0},
				"east": {"uv": [0, 0, 16, 16], "rotation": 90, "texture": "#1", "tintindex": 0},
				"south": {"uv": [0, 0, 16, 16], "rotation": 90, "texture": "#1", "tintindex": 0},
				"west": {"uv": [0, 0, 16, 16], "rotation": 90, "texture": "#1", "tintindex": 0},
				"up": {"uv": [0, 0, 16, 16], "rotation": 90, "texture": "#1", "tintindex": 0},
				"down": {"uv": [0, 0, 16, 16], "rotation": 90, "texture": "#1", "tintindex": 0}
			}
		},
		{
			"name": "Cube",
			"from": [17.02405, -2.24896, 15],
			"to": [17.73685, 1.75104, 16],
			"rotation": {"angle": 0, "axis": "x", "origin": [17.38045, -0.74896, 15.5]},
			"faces": {
				"north": {"uv": [0, 0, 16, 16], "rotation": 180, "texture": "#1", "tintindex": 0},
				"east": {"uv": [0, 0, 16, 16], "rotation": 180, "texture": "#1", "tintindex": 0},
				"south": {"uv": [0, 0, 16, 16], "rotation": 180, "texture": "#1", "tintindex": 0},
				"west": {"uv": [0, 0, 16, 16], "rotation": 180, "texture": "#1", "tintindex": 0},
				"up": {"uv": [0, 0, 16, 16], "rotation": 180, "texture": "#1", "tintindex": 0},
				"down": {"uv": [0, 0, 16, 16], "rotation": 180, "texture": "#1", "tintindex": 0}
			}
		},
		{
			"name": "Cube",
			"from": [-1.73685, -2.24896, 15],
			"to": [-1.02405, 1.75104, 16],
			"rotation": {"angle": 0, "axis": "x", "origin": [-1.38045, -0.74896, 15.5]},
			"faces": {
				"north": {"uv": [0, 0, 16, 16], "rotation": 180, "texture": "#1", "tintindex": 0},
				"east": {"uv": [0, 0, 16, 16], "rotation": 180, "texture": "#1", "tintindex": 0},
				"south": {"uv": [0, 0, 16, 16], "rotation": 180, "texture": "#1", "tintindex": 0},
				"west": {"uv": [0, 0, 16, 16], "rotation": 180, "texture": "#1", "tintindex": 0},
				"up": {"uv": [0, 0, 16, 16], "rotation": 180, "texture": "#1", "tintindex": 0},
				"down": {"uv": [0, 0, 16, 16], "rotation": 180, "texture": "#1", "tintindex": 0}
			}
		},
		{
			"name": "Cube",
			"from": [17.02405, -2.24896, 22],
			"to": [17.73685, 1.75104, 23],
			"rotation": {"angle": 0, "axis": "x", "origin": [17.38045, -0.74896, 22.5]},
			"faces": {
				"north": {"uv": [0, 0, 16, 16], "rotation": 180, "texture": "#1", "tintindex": 0},
				"east": {"uv": [0, 0, 16, 16], "rotation": 180, "texture": "#1", "tintindex": 0},
				"south": {"uv": [0, 0, 16, 16], "rotation": 180, "texture": "#1", "tintindex": 0},
				"west": {"uv": [0, 0, 16, 16], "rotation": 180, "texture": "#1", "tintindex": 0},
				"up": {"uv": [0, 0, 16, 16], "rotation": 180, "texture": "#1", "tintindex": 0},
				"down": {"uv": [0, 0, 16, 16], "rotation": 180, "texture": "#1", "tintindex": 0}
			}
		},
		{
			"name": "Cube",
			"from": [-1.73685, -2.24896, 22],
			"to": [-1.02405, 1.75104, 23],
			"rotation": {"angle": 0, "axis": "x", "origin": [-1.38045, -0.74896, 22.5]},
			"faces": {
				"north": {"uv": [0, 0, 16, 16], "rotation": 180, "texture": "#1", "tintindex": 0},
				"east": {"uv": [0, 0, 16, 16], "rotation": 180, "texture": "#1", "tintindex": 0},
				"south": {"uv": [0, 0, 16, 16], "rotation": 180, "texture": "#1", "tintindex": 0},
				"west": {"uv": [0, 0, 16, 16], "rotation": 180, "texture": "#1", "tintindex": 0},
				"up": {"uv": [0, 0, 16, 16], "rotation": 180, "texture": "#1", "tintindex": 0},
				"down": {"uv": [0, 0, 16, 16], "rotation": 180, "texture": "#1", "tintindex": 0}
			}
		},
		{
			"name": "Cube",
			"from": [-1.0559, -0.76256, -13.7],
			"to": [17.0559, 1.75104, -12],
			"rotation": {"angle": 0, "axis": "y", "origin": [6.15242, 6.4512, 10.8]},
			"faces": {
				"north": {"uv": [1, 1, 15, 15], "texture": "#0"},
				"east": {"uv": [1, 1, 15, 15], "texture": "#0"},
				"south": {"uv": [1, 1, 15, 15], "texture": "#0"},
				"west": {"uv": [1, 1, 15, 15], "texture": "#0"},
				"up": {"uv": [1, 1, 15, 15], "texture": "#0"},
				"down": {"uv": [1, 1, 15, 15], "texture": "#0"}
			}
		},
		{
			"name": "Cube",
			"from": [2.5441, -0.76256, -12.4],
			"to": [13.4559, 1.75104, 28],
			"rotation": {"angle": 0, "axis": "y", "origin": [6.15242, 6.4512, 10.8]},
			"faces": {
				"north": {"uv": [1, 1, 15, 15], "texture": "#0"},
				"east": {"uv": [1, 1, 15, 15], "texture": "#0"},
				"south": {"uv": [1, 1, 15, 15], "texture": "#0"},
				"west": {"uv": [1, 1, 15, 15], "texture": "#0"},
				"up": {"uv": [1, 1, 15, 15], "texture": "#0"},
				"down": {"uv": [1, 1, 15, 15], "texture": "#0"}
			}
		},
		{
			"name": "Cube",
			"from": [-2.1119, 3.93744, 26.5],
			"to": [-1.5121, 7.65104, 26.9],
			"rotation": {"angle": 0, "axis": "y", "origin": [4.65558, 11.8512, 9.7]},
			"faces": {
				"north": {"uv": [15, 1, 1, 15], "texture": "#0"},
				"east": {"uv": [15, 1, 1, 15], "texture": "#0"},
				"south": {"uv": [15, 1, 1, 15], "texture": "#0"},
				"west": {"uv": [15, 1, 1, 15], "texture": "#0"},
				"up": {"uv": [15, 1, 1, 15], "texture": "#0"},
				"down": {"uv": [15, 1, 1, 15], "texture": "#0"}
			}
		},
		{
			"name": "Cube",
			"from": [17.5121, 3.93744, 26.5],
			"to": [18.1119, 7.65104, 26.9],
			"rotation": {"angle": 0, "axis": "y", "origin": [11.34442, 11.8512, 9.7]},
			"faces": {
				"north": {"uv": [1, 1, 15, 15], "texture": "#0"},
				"east": {"uv": [1, 1, 15, 15], "texture": "#0"},
				"south": {"uv": [1, 1, 15, 15], "texture": "#0"},
				"west": {"uv": [1, 1, 15, 15], "texture": "#0"},
				"up": {"uv": [1, 1, 15, 15], "texture": "#0"},
				"down": {"uv": [1, 1, 15, 15], "texture": "#0"}
			}
		},
		{
			"name": "Base",
			"from": [17.416, 3.5512, -8.68],
			"to": [17.504, 3.7512, -8.4],
			"rotation": {"angle": 0, "axis": "y", "origin": [7.8975, 9.3912, 16.8]},
			"faces": {
				"north": {"uv": [0, 0, 16, 16], "texture": "#2"},
				"east": {"uv": [0, 0, 16, 16], "texture": "#2"},
				"south": {"uv": [0, 0, 16, 16], "texture": "#2"},
				"west": {"uv": [0, 0, 16, 16], "texture": "#2"},
				"up": {"uv": [0, 0, 16, 16], "texture": "#2"},
				"down": {"uv": [0, 0, 16, 16], "texture": "#2"}
			}
		},
		{
			"name": "Base",
			"from": [17.416, 4.5512, -5.2],
			"to": [17.504, 4.7512, -3.92],
			"rotation": {"angle": 0, "axis": "y", "origin": [7.8975, 10.3912, -30.4]},
			"faces": {
				"north": {"uv": [16, 0, 0, 16], "texture": "#2"},
				"east": {"uv": [16, 0, 0, 16], "texture": "#2"},
				"south": {"uv": [16, 0, 0, 16], "texture": "#2"},
				"west": {"uv": [16, 0, 0, 16], "texture": "#2"},
				"up": {"uv": [0, 16, 16, 0], "texture": "#2"},
				"down": {"uv": [0, 16, 16, 0], "texture": "#2"}
			}
		},
		{
			"name": "Base",
			"from": [17.416, 5.7512, -5.6],
			"to": [17.504, 5.9512, -3.92],
			"rotation": {"angle": 0, "axis": "y", "origin": [7.8975, 11.5912, -30.4]},
			"faces": {
				"north": {"uv": [16, 0, 0, 16], "texture": "#2"},
				"east": {"uv": [16, 0, 0, 16], "texture": "#2"},
				"south": {"uv": [16, 0, 0, 16], "texture": "#2"},
				"west": {"uv": [16, 0, 0, 16], "texture": "#2"},
				"up": {"uv": [0, 16, 16, 0], "texture": "#2"},
				"down": {"uv": [0, 16, 16, 0], "texture": "#2"}
			}
		},
		{
			"name": "Base",
			"from": [17.416, 5.3512, -4.7],
			"to": [17.504, 5.5512, -3.92],
			"rotation": {"angle": 0, "axis": "y", "origin": [7.8975, 11.1912, -30.4]},
			"faces": {
				"north": {"uv": [16, 0, 0, 16], "texture": "#2"},
				"east": {"uv": [16, 0, 0, 16], "texture": "#2"},
				"south": {"uv": [16, 0, 0, 16], "texture": "#2"},
				"west": {"uv": [16, 0, 0, 16], "texture": "#2"},
				"up": {"uv": [0, 16, 16, 0], "texture": "#2"},
				"down": {"uv": [0, 16, 16, 0], "texture": "#2"}
			}
		},
		{
			"name": "Base",
			"from": [17.416, 4.9512, -6.3],
			"to": [17.504, 5.1512, -3.92],
			"rotation": {"angle": 0, "axis": "y", "origin": [7.8975, 10.7912, -30.4]},
			"faces": {
				"north": {"uv": [16, 0, 0, 16], "texture": "#2"},
				"east": {"uv": [16, 0, 0, 16], "texture": "#2"},
				"south": {"uv": [16, 0, 0, 16], "texture": "#2"},
				"west": {"uv": [16, 0, 0, 16], "texture": "#2"},
				"up": {"uv": [0, 16, 16, 0], "texture": "#2"},
				"down": {"uv": [0, 16, 16, 0], "texture": "#2"}
			}
		},
		{
			"name": "Base",
			"from": [17.416, 3.5512, -7.88],
			"to": [17.504, 3.7512, -5],
			"rotation": {"angle": 0, "axis": "y", "origin": [7.8975, 9.3912, 20.2]},
			"faces": {
				"north": {"uv": [0, 0, 16, 16], "texture": "#2"},
				"east": {"uv": [0, 0, 16, 16], "texture": "#2"},
				"south": {"uv": [0, 0, 16, 16], "texture": "#2"},
				"west": {"uv": [0, 0, 16, 16], "texture": "#2"},
				"up": {"uv": [0, 0, 16, 16], "texture": "#2"},
				"down": {"uv": [0, 0, 16, 16], "texture": "#2"}
			}
		},
		{
			"name": "Base",
			"from": [17.416, 4.5512, -8.6],
			"to": [17.504, 4.7512, -5.72],
			"rotation": {"angle": 0, "axis": "y", "origin": [7.8975, 10.3912, -33.8]},
			"faces": {
				"north": {"uv": [16, 0, 0, 16], "texture": "#2"},
				"east": {"uv": [16, 0, 0, 16], "texture": "#2"},
				"south": {"uv": [16, 0, 0, 16], "texture": "#2"},
				"west": {"uv": [16, 0, 0, 16], "texture": "#2"},
				"up": {"uv": [0, 16, 16, 0], "texture": "#2"},
				"down": {"uv": [0, 16, 16, 0], "texture": "#2"}
			}
		},
		{
			"name": "Base",
			"from": [17.416, 5.3512, -8.6],
			"to": [17.504, 5.5512, -4.92],
			"rotation": {"angle": 0, "axis": "y", "origin": [7.8975, 11.1912, -33.8]},
			"faces": {
				"north": {"uv": [16, 0, 0, 16], "texture": "#2"},
				"east": {"uv": [16, 0, 0, 16], "texture": "#2"},
				"south": {"uv": [16, 0, 0, 16], "texture": "#2"},
				"west": {"uv": [16, 0, 0, 16], "texture": "#2"},
				"up": {"uv": [0, 16, 16, 0], "texture": "#2"},
				"down": {"uv": [0, 16, 16, 0], "texture": "#2"}
			}
		},
		{
			"name": "Base",
			"from": [17.416, 4.9512, -8.6],
			"to": [17.504, 5.1512, -6.62],
			"rotation": {"angle": 0, "axis": "y", "origin": [7.8975, 10.7912, -33.8]},
			"faces": {
				"north": {"uv": [16, 0, 0, 16], "texture": "#2"},
				"east": {"uv": [16, 0, 0, 16], "texture": "#2"},
				"south": {"uv": [16, 0, 0, 16], "texture": "#2"},
				"west": {"uv": [16, 0, 0, 16], "texture": "#2"},
				"up": {"uv": [0, 16, 16, 0], "texture": "#2"},
				"down": {"uv": [0, 16, 16, 0], "texture": "#2"}
			}
		},
		{
			"name": "Base",
			"from": [17.416, 5.7512, -8.6],
			"to": [17.504, 5.9512, -5.82],
			"rotation": {"angle": 0, "axis": "y", "origin": [7.8975, 11.5912, -33.8]},
			"faces": {
				"north": {"uv": [16, 0, 0, 16], "texture": "#2"},
				"east": {"uv": [16, 0, 0, 16], "texture": "#2"},
				"south": {"uv": [16, 0, 0, 16], "texture": "#2"},
				"west": {"uv": [16, 0, 0, 16], "texture": "#2"},
				"up": {"uv": [0, 16, 16, 0], "texture": "#2"},
				"down": {"uv": [0, 16, 16, 0], "texture": "#2"}
			}
		},
		{
			"name": "Base",
			"from": [9.3248, -1.3488, -16],
			"to": [10.9952, 1.8048, -14.6],
			"rotation": {"angle": 0, "axis": "y", "origin": [-2.47168, 6.2912, 12.8]},
			"faces": {
				"north": {"uv": [0, 0, 16, 16], "texture": "#0"},
				"east": {"uv": [0, 0, 16, 16], "texture": "#0"},
				"south": {"uv": [0, 0, 16, 16], "texture": "#0"},
				"west": {"uv": [0, 0, 16, 16], "texture": "#0"},
				"up": {"uv": [0, 0, 16, 16], "texture": "#0"},
				"down": {"uv": [0, 0, 16, 16], "texture": "#0"}
			}
		},
		{
			"name": "Base",
			"from": [5.0048, -1.3488, -16],
			"to": [6.6752, 1.8048, -14.6],
			"rotation": {"angle": 0, "axis": "y", "origin": [-6.79168, 6.2912, 12.8]},
			"faces": {
				"north": {"uv": [0, 0, 16, 16], "texture": "#0"},
				"east": {"uv": [0, 0, 16, 16], "texture": "#0"},
				"south": {"uv": [0, 0, 16, 16], "texture": "#0"},
				"west": {"uv": [0, 0, 16, 16], "texture": "#0"},
				"up": {"uv": [0, 0, 16, 16], "texture": "#0"},
				"down": {"uv": [0, 0, 16, 16], "texture": "#0"}
			}
		},
		{
			"name": "Base",
			"from": [6.4448, -1.3488, -15.6],
			"to": [9.5552, 1.8048, -12.6],
			"rotation": {"angle": 0, "axis": "y", "origin": [-3.91168, 6.2912, 12.8]},
			"faces": {
				"north": {"uv": [0, 0, 16, 16], "texture": "#0"},
				"east": {"uv": [0, 0, 16, 16], "texture": "#0"},
				"south": {"uv": [0, 0, 16, 16], "texture": "#0"},
				"west": {"uv": [0, 0, 16, 16], "texture": "#0"},
				"up": {"uv": [0, 0, 16, 16], "texture": "#0"},
				"down": {"uv": [0, 0, 16, 16], "texture": "#0"}
			}
		},
		{
			"name": "Base",
			"from": [15, 0.0512, -15.88],
			"to": [17, 2.0512, -13.6],
			"rotation": {"angle": 0, "axis": "y", "origin": [6.08352, 7.6912, 12.8]},
			"faces": {
				"north": {"uv": [0, 0, 16, 16], "texture": "#0"},
				"east": {"uv": [0, 0, 16, 16], "texture": "#0"},
				"south": {"uv": [0, 0, 16, 16], "texture": "#0"},
				"west": {"uv": [0, 0, 16, 16], "texture": "#0"},
				"up": {"uv": [0, 0, 16, 16], "texture": "#0"},
				"down": {"uv": [0, 0, 16, 16], "texture": "#0"}
			}
		},
		{
			"name": "Base",
			"from": [14, -0.9856, -16],
			"to": [18, 3.0144, -15.76],
			"rotation": {"angle": 0, "axis": "y", "origin": [6.7424, 7.6912, 12.8]},
			"faces": {
				"north": {"uv": [0, 0, 16, 16], "texture": "#0"},
				"east": {"uv": [0, 0, 16, 16], "texture": "#0"},
				"south": {"uv": [0, 0, 16, 16], "texture": "#0"},
				"west": {"uv": [0, 0, 16, 16], "texture": "#0"},
				"up": {"uv": [0, 0, 16, 16], "texture": "#0"},
				"down": {"uv": [0, 0, 16, 16], "texture": "#0"}
			}
		},
		{
			"name": "Base",
			"from": [-1, 0.0512, -15.88],
			"to": [1, 2.0512, -13.6],
			"rotation": {"angle": 0, "axis": "y", "origin": [9.91648, 7.6912, 12.8]},
			"faces": {
				"north": {"uv": [0, 0, 16, 16], "texture": "#0"},
				"east": {"uv": [0, 0, 16, 16], "texture": "#0"},
				"south": {"uv": [0, 0, 16, 16], "texture": "#0"},
				"west": {"uv": [0, 0, 16, 16], "texture": "#0"},
				"up": {"uv": [0, 0, 16, 16], "texture": "#0"},
				"down": {"uv": [0, 0, 16, 16], "texture": "#0"}
			}
		},
		{
			"name": "Base",
			"from": [-2, -0.9856, -16],
			"to": [2, 3.0144, -15.76],
			"rotation": {"angle": 0, "axis": "y", "origin": [9.2576, 7.6912, 12.8]},
			"faces": {
				"north": {"uv": [0, 0, 16, 16], "texture": "#0"},
				"east": {"uv": [0, 0, 16, 16], "texture": "#0"},
				"south": {"uv": [0, 0, 16, 16], "texture": "#0"},
				"west": {"uv": [0, 0, 16, 16], "texture": "#0"},
				"up": {"uv": [0, 0, 16, 16], "texture": "#0"},
				"down": {"uv": [0, 0, 16, 16], "texture": "#0"}
			}
		}
	],
	"display": {
		"thirdperson_righthand": {
			"rotation": [50, 0, 0],
			"translation": [0, 0.5, 0],
			"scale": [0.1, 0.1, 0.1]
		},
		"thirdperson_lefthand": {
			"rotation": [50, 0, 0],
			"translation": [0, 0.5, 0],
			"scale": [0.1, 0.1, 0.1]
		},
		"firstperson_righthand": {
			"rotation": [0, 37, 0],
			"translation": [0, 1.25, 0],
			"scale": [0.2, 0.2, 0.2]
		},
		"firstperson_lefthand": {
			"rotation": [0, 37, 0],
			"translation": [0, 1.25, 0],
			"scale": [0.2, 0.2, 0.2]
		},
		"ground": {
			"scale": [0.3, 0.3, 0.3]
		},
		"gui": {
			"rotation": [0, 90, 0],
			"translation": [0.95, -0.5, 0],
			"scale": [0.36, 0.36, 0.36]
		},
		"head": {
			"translation": [0, -15, -80],
			"scale": [4, 4, 4]
		},
		"fixed": {
			"rotation": [0, 90, 0],
			"scale": [0.5, 0.5, 0.5]
		}
	},
	"groups": [0, 1, 2, 3, 4, 5, 6, 7, 8, 9, 10, 11, 12, 13, 14, 15, 16, 17, 18, 19, 20, 21, 22, 23, 24, 25, 26, 27, 28, 29, 30, 31, 32, 33, 34, 35, 36, 37, 38, 39, 40, 41, 42, 43, 44, 45, 46, 47, 48, 49, 50, 51, 52, 53, 54, 55, 56, 57, 58, 59, 60, 61, 62, 63, 64, 65, 66, 67, 68, 69, 70, 71, 72, 73, 74, 75, 76, 77, 78, 79, 80, 81, 82, 83, 84, 85, 86, 87, 88, 89, 90, 91, 92, 93, 94, 95, 96, 97, 98, 99, 100, 101, 102, 103, 104, 105, 106, 107, 108, 109, 110, 111, 112, 113, 114, 115, 116, 117, 118, 119, 120, 121, 122, 123, 124, 125, 126, 127, 128, 129, 130, 131, 132, 133, 134, 135, 136, 137, 138, 139, 140, 141, 142, 143, 144,
		{
			"name": "buffer",
			"origin": [8, 8, 8],
			"children": [
				{
					"name": "BaseColor",
					"origin": [13.45, 14.876, 18.7],
					"children": []
				},
				{
					"name": "DetailColor",
					"origin": [8, 5.376, 38.7],
					"children": []
				},
				{
					"name": "Base",
					"origin": [8, 7.376, 18.8],
					"children": [
						{
							"name": "group",
							"origin": [9.2576, 9.6912, 12.8],
							"children": []
						}
					]
				}
			]
		},
		{
			"name": "buffer",
			"origin": [8, 8, 8],
			"children": [
				{
					"name": "BaseColor",
					"origin": [13.45, 14.876, 18.7],
					"children": []
				},
				{
					"name": "DetailColor",
					"origin": [8, 5.376, 38.7],
					"children": []
				},
				{
					"name": "Base",
					"origin": [8, 7.376, 18.8],
					"children": [
						{
							"name": "group",
							"origin": [9.2576, 9.6912, 12.8],
							"children": []
						}
					]
				}
			]
		},
		{
			"name": "buffer",
			"origin": [8, 8, 8],
			"children": [
				{
					"name": "BaseColor",
					"origin": [13.45, 14.876, 18.7],
					"children": []
				},
				{
					"name": "DetailColor",
					"origin": [8, 5.376, 38.7],
					"children": []
				},
				{
					"name": "Base",
					"origin": [8, 7.376, 18.8],
					"children": [145, 146, 147,
						{
							"name": "group",
							"origin": [9.2576, 9.6912, 12.8],
							"children": [148, 149, 150, 151]
						}
					]
				}
			]
		}
	]
}