{
	"credit": "Made with Blockbench",
	"textures": {
		"0": "block/quartz_block_bottom",
		"1": "block/gray_wool",
		"2": "block/polished_andesite",
		"3": "block/yellow_terracotta",
		"4": "block/iron_block",
		"5": "block/pink_terracotta",
		"6": "block/cyan_terracotta",
		"7": "block/glass"
	},
	"elements": [
		{
			"name": "Cube",
			"from": [12, 1, -6],
			"to": [13.7, 5, -4],
			"faces": {
				"north": {"uv": [0, 0, 3, 1], "texture": "#0"},
				"east": {"uv": [0, 0, 3, 1], "texture": "#0"},
				"south": {"uv": [0, 0, 16, 16], "texture": "#0"},
				"west": {"uv": [0, 0, 3, 1], "texture": "#0"},
				"up": {"uv": [0, 0, 3, 3], "texture": "#0"},
				"down": {"uv": [0, 0, 3, 3], "texture": "#0"}
			}
		},
		{
			"name": "Cube",
			"from": [13, 1, 2],
			"to": [14, 9, 15],
			"faces": {
				"north": {"uv": [0, 0, 3, 1], "texture": "#0"},
				"east": {"uv": [0, 0, 14, 1], "texture": "#0"},
				"south": {"uv": [0, 0, 16, 16], "texture": "#0"},
				"west": {"uv": [0, 0, 14, 1], "texture": "#0"},
				"up": {"uv": [0, 0, 3, 14], "texture": "#0"},
				"down": {"uv": [0, 0, 3, 14], "texture": "#0"}
			}
		},
		{
			"name": "Cube",
			"from": [2.3, 7, 2],
			"to": [3, 14, 3],
			"rotation": {"angle": 22.5, "axis": "x", "origin": [8, 10, 2]},
			"faces": {
				"north": {"uv": [0, 0, 3, 1], "texture": "#0"},
				"east": {"uv": [0, 0, 14, 1], "texture": "#0"},
				"south": {"uv": [0, 0, 16, 16], "texture": "#0"},
				"west": {"uv": [0, 0, 14, 1], "texture": "#0"},
				"up": {"uv": [0, 0, 3, 14], "texture": "#0"},
				"down": {"uv": [0, 0, 3, 14], "texture": "#0"}
			}
		},
		{
			"name": "Cube",
			"from": [12, 1, 21],
			"to": [13.7, 5, 23],
			"faces": {
				"north": {"uv": [0, 0, 3, 1], "texture": "#0"},
				"east": {"uv": [0, 0, 3, 1], "texture": "#0"},
				"south": {"uv": [0, 0, 16, 16], "texture": "#0"},
				"west": {"uv": [0, 0, 3, 1], "texture": "#0"},
				"up": {"uv": [0, 0, 3, 3], "texture": "#0"},
				"down": {"uv": [0, 0, 3, 3], "texture": "#0"}
			}
		},
		{
			"name": "Cube",
			"from": [2.3, 1, 21],
			"to": [4, 5, 23],
			"faces": {
				"north": {"uv": [0, 0, 3, 1], "texture": "#0"},
				"east": {"uv": [0, 0, 3, 1], "texture": "#0"},
				"south": {"uv": [0, 0, 16, 16], "texture": "#0"},
				"west": {"uv": [0, 0, 3, 1], "texture": "#0"},
				"up": {"uv": [0, 0, 3, 3], "texture": "#0"},
				"down": {"uv": [0, 0, 3, 3], "texture": "#0"}
			}
		},
		{
			"name": "Cube",
			"from": [2.3, 1, -6],
			"to": [4, 5, -4],
			"faces": {
				"north": {"uv": [0, 0, 3, 1], "texture": "#0"},
				"east": {"uv": [0, 0, 3, 1], "texture": "#0"},
				"south": {"uv": [0, 0, 16, 16], "texture": "#0"},
				"west": {"uv": [0, 0, 3, 1], "texture": "#0"},
				"up": {"uv": [0, 0, 3, 3], "texture": "#0"},
				"down": {"uv": [0, 0, 3, 3], "texture": "#0"}
			}
		},
		{
			"name": "Cube",
			"from": [12, 1, 2],
			"to": [13, 2, 15],
			"faces": {
				"north": {"uv": [0, 0, 3, 1], "texture": "#0"},
				"east": {"uv": [0, 0, 14, 1], "texture": "#0"},
				"south": {"uv": [0, 0, 16, 16], "texture": "#0"},
				"west": {"uv": [0, 0, 14, 1], "texture": "#0"},
				"up": {"uv": [0, 0, 3, 14], "texture": "#0"},
				"down": {"uv": [0, 0, 3, 14], "texture": "#0"}
			}
		},
		{
			"name": "Cube",
			"from": [2.3, 5, -6],
			"to": [4, 8, 2],
			"faces": {
				"north": {"uv": [0, 0, 3, 1], "texture": "#0"},
				"east": {"uv": [0, 0, 14, 1], "texture": "#0"},
				"south": {"uv": [0, 0, 16, 16], "texture": "#0"},
				"west": {"uv": [0, 0, 14, 1], "texture": "#0"},
				"up": {"uv": [0, 0, 3, 14], "texture": "#0"},
				"down": {"uv": [0, 0, 3, 14], "texture": "#0"}
			}
		},
		{
			"name": "Cube",
			"from": [4, 2, 15],
			"to": [12, 9, 23],
			"faces": {
				"north": {"uv": [0, 0, 3, 1], "texture": "#0"},
				"east": {"uv": [0, 0, 14, 1], "texture": "#0"},
				"south": {"uv": [0, 0, 16, 16], "texture": "#0"},
				"west": {"uv": [0, 0, 14, 1], "texture": "#0"},
				"up": {"uv": [0, 0, 3, 14], "texture": "#0"},
				"down": {"uv": [0, 0, 3, 14], "texture": "#0"}
			}
		},
		{
			"name": "Cube",
			"from": [2.3, 5, 15],
			"to": [4, 8, 23],
			"faces": {
				"north": {"uv": [0, 0, 3, 1], "texture": "#0"},
				"east": {"uv": [0, 0, 14, 1], "texture": "#0"},
				"south": {"uv": [0, 0, 16, 16], "texture": "#0"},
				"west": {"uv": [0, 0, 14, 1], "texture": "#0"},
				"up": {"uv": [0, 0, 3, 14], "texture": "#0"},
				"down": {"uv": [0, 0, 3, 14], "texture": "#0"}
			}
		},
		{
			"name": "Cube",
			"from": [3, 1, 2],
			"to": [4, 2, 15],
			"faces": {
				"north": {"uv": [0, 0, 3, 1], "texture": "#0"},
				"east": {"uv": [0, 0, 14, 1], "texture": "#0"},
				"south": {"uv": [0, 0, 16, 16], "texture": "#0"},
				"west": {"uv": [0, 0, 14, 1], "texture": "#0"},
				"up": {"uv": [0, 0, 3, 14], "texture": "#0"},
				"down": {"uv": [0, 0, 3, 14], "texture": "#0"}
			}
		},
		{
			"name": "Cube",
			"from": [2, 1, 2],
			"to": [3, 9, 15],
			"faces": {
				"north": {"uv": [0, 0, 3, 1], "texture": "#0"},
				"east": {"uv": [0, 0, 14, 1], "texture": "#0"},
				"south": {"uv": [0, 0, 16, 16], "texture": "#0"},
				"west": {"uv": [0, 0, 14, 1], "texture": "#0"},
				"up": {"uv": [0, 0, 3, 14], "texture": "#0"},
				"down": {"uv": [0, 0, 3, 14], "texture": "#0"}
			}
		},
		{
			"name": "Cube",
			"from": [12, 5, -6],
			"to": [13.7, 8, 2],
			"faces": {
				"north": {"uv": [0, 0, 3, 1], "texture": "#0"},
				"east": {"uv": [0, 0, 14, 1], "texture": "#0"},
				"south": {"uv": [0, 0, 16, 16], "texture": "#0"},
				"west": {"uv": [0, 0, 14, 1], "texture": "#0"},
				"up": {"uv": [0, 0, 3, 14], "texture": "#0"},
				"down": {"uv": [0, 0, 3, 14], "texture": "#0"}
			}
		},
		{
			"name": "Cube",
			"from": [12, 5, 15],
			"to": [13.7, 8, 23],
			"faces": {
				"north": {"uv": [0, 0, 3, 1], "texture": "#0"},
				"east": {"uv": [0, 0, 14, 1], "texture": "#0"},
				"south": {"uv": [0, 0, 16, 16], "texture": "#0"},
				"west": {"uv": [0, 0, 14, 1], "texture": "#0"},
				"up": {"uv": [0, 0, 3, 14], "texture": "#0"},
				"down": {"uv": [0, 0, 3, 14], "texture": "#0"}
			}
		},
		{
			"name": "Cube",
			"from": [3, 2, 13],
			"to": [13, 8, 15],
			"faces": {
				"north": {"uv": [0, 0, 3, 1], "texture": "#0"},
				"east": {"uv": [0, 0, 14, 1], "texture": "#0"},
				"south": {"uv": [0, 0, 16, 16], "texture": "#0"},
				"west": {"uv": [0, 0, 14, 1], "texture": "#0"},
				"up": {"uv": [0, 0, 3, 14], "texture": "#0"},
				"down": {"uv": [0, 0, 3, 14], "texture": "#0"}
			}
		},
		{
			"name": "Cube",
			"from": [4, 2, -6],
			"to": [12, 9, 2],
			"faces": {
				"north": {"uv": [0, 0, 3, 1], "texture": "#0"},
				"east": {"uv": [0, 0, 14, 1], "texture": "#0"},
				"south": {"uv": [0, 0, 16, 16], "texture": "#0"},
				"west": {"uv": [0, 0, 14, 1], "texture": "#0"},
				"up": {"uv": [0, 0, 3, 14], "texture": "#0"},
				"down": {"uv": [0, 0, 3, 14], "texture": "#0"}
			}
		},
		{
			"name": "Cube",
			"from": [3, 2, 2],
			"to": [13, 8, 3],
			"faces": {
				"north": {"uv": [0, 0, 3, 1], "texture": "#0"},
				"east": {"uv": [0, 0, 14, 1], "texture": "#0"},
				"south": {"uv": [0, 0, 16, 16], "texture": "#0"},
				"west": {"uv": [0, 0, 14, 1], "texture": "#0"},
				"up": {"uv": [0, 0, 3, 14], "texture": "#0"},
				"down": {"uv": [0, 0, 3, 14], "texture": "#0"}
			}
		},
		{
			"name": "Cube",
			"from": [13, 7, 2],
			"to": [13.7, 14, 3],
			"rotation": {"angle": 22.5, "axis": "x", "origin": [8, 10, 2]},
			"faces": {
				"north": {"uv": [0, 0, 3, 1], "texture": "#0"},
				"east": {"uv": [0, 0, 14, 1], "texture": "#0"},
				"south": {"uv": [0, 0, 16, 16], "texture": "#0"},
				"west": {"uv": [0, 0, 14, 1], "texture": "#0"},
				"up": {"uv": [0, 0, 3, 14], "texture": "#0"},
				"down": {"uv": [0, 0, 3, 14], "texture": "#0"}
			}
		},
		{
			"name": "Cube",
			"from": [5.5, 2, 5],
			"to": [10.5, 3, 11],
			"faces": {
				"north": {"uv": [0, 0, 16, 1], "texture": "#1"},
				"east": {"uv": [0, 0, 14, 1], "texture": "#1"},
				"south": {"uv": [0, 0, 16, 16], "texture": "#1"},
				"west": {"uv": [0, 0, 14, 1], "texture": "#1"},
				"up": {"uv": [0, 0, 16, 16], "texture": "#1"},
				"down": {"uv": [0, 0, 3, 14], "texture": "#1"}
			}
		},
		{
			"name": "Cube",
			"from": [4, 1, -6],
			"to": [12, 2, 8],
			"faces": {
				"north": {"uv": [0, 0, 3, 1], "texture": "#0"},
				"east": {"uv": [0, 0, 14, 1], "texture": "#0"},
				"south": {"uv": [0, 0, 16, 16], "texture": "#0"},
				"west": {"uv": [0, 0, 14, 1], "texture": "#0"},
				"up": {"uv": [0, 0, 3, 14], "texture": "#0"},
				"down": {"uv": [0, 0, 3, 14], "texture": "#0"}
			}
		},
		{
			"name": "Cube",
			"from": [13.5, 2, 3],
			"to": [14.5, 9, 13],
			"faces": {
				"north": {"uv": [0, 0, 3, 1], "texture": "#0"},
				"east": {"uv": [0, 0, 14, 1], "texture": "#0"},
				"south": {"uv": [0, 0, 16, 16], "texture": "#0"},
				"west": {"uv": [0, 0, 14, 1], "texture": "#0"},
				"up": {"uv": [0, 0, 3, 14], "texture": "#0"},
				"down": {"uv": [0, 0, 3, 14], "texture": "#0"}
			}
		},
		{
			"name": "Cube",
			"from": [5, 3, -6.5],
			"to": [11, 7, -5.5],
			"faces": {
				"north": {"uv": [0, 0, 16, 16], "texture": "#2"},
				"east": {"uv": [0, 0, 14, 1], "texture": "#2"},
				"south": {"uv": [0, 0, 16, 16], "texture": "#2"},
				"west": {"uv": [0, 0, 14, 1], "texture": "#2"},
				"up": {"uv": [0, 0, 3, 14], "texture": "#2"},
				"down": {"uv": [0, 0, 3, 14], "texture": "#2"}
			}
		},
		{
			"name": "Cube",
			"from": [11.5, 5.9, -6.5],
			"to": [13.5, 7.5, -5.5],
			"faces": {
				"north": {"uv": [0, 0, 16, 16], "texture": "#3"},
				"east": {"uv": [0, 0, 14, 1], "texture": "#3"},
				"south": {"uv": [0, 0, 16, 16], "texture": "#3"},
				"west": {"uv": [0, 0, 14, 1], "texture": "#3"},
				"up": {"uv": [0, 0, 3, 14], "texture": "#3"},
				"down": {"uv": [0, 0, 3, 14], "texture": "#3"}
			}
		},
		{
			"name": "Cube",
			"from": [6, 2.5, -6.6],
			"to": [10, 4.5, -5.6],
			"faces": {
				"north": {"uv": [0, 0, 16, 16], "texture": "#4"},
				"east": {"uv": [0, 0, 14, 1], "texture": "#4"},
				"south": {"uv": [0, 0, 16, 16], "texture": "#4"},
				"west": {"uv": [0, 0, 14, 1], "texture": "#4"},
				"up": {"uv": [0, 0, 3, 14], "texture": "#4"},
				"down": {"uv": [0, 0, 3, 14], "texture": "#4"}
			}
		},
		{
			"name": "Cube",
			"from": [2.5, 5.9, -6.5],
			"to": [4.5, 7.5, -5.5],
			"faces": {
				"north": {"uv": [0, 0, 3, 1], "texture": "#3"},
				"east": {"uv": [0, 0, 14, 1], "texture": "#3"},
				"south": {"uv": [0, 0, 16, 16], "texture": "#3"},
				"west": {"uv": [0, 0, 14, 1], "texture": "#3"},
				"up": {"uv": [0, 0, 3, 14], "texture": "#3"},
				"down": {"uv": [0, 0, 3, 14], "texture": "#3"}
			}
		},
		{
			"name": "Cube",
			"from": [2.5, 6.1, 22.5],
			"to": [4.5, 7.6, 23.5],
			"faces": {
				"north": {"uv": [0, 0, 3, 1], "texture": "#5"},
				"east": {"uv": [0, 0, 14, 1], "texture": "#5"},
				"south": {"uv": [0, 0, 16, 16], "texture": "#5"},
				"west": {"uv": [0, 0, 14, 1], "texture": "#5"},
				"up": {"uv": [0, 0, 3, 14], "texture": "#5"},
				"down": {"uv": [0, 0, 3, 14], "texture": "#5"}
			}
		},
		{
			"name": "Cube",
			"from": [11.5, 6.1, 22.5],
			"to": [13.5, 7.6, 23.5],
			"faces": {
				"north": {"uv": [0, 0, 3, 1], "texture": "#5"},
				"east": {"uv": [0, 0, 14, 1], "texture": "#5"},
				"south": {"uv": [0, 0, 16, 16], "texture": "#5"},
				"west": {"uv": [0, 0, 14, 1], "texture": "#5"},
				"up": {"uv": [0, 0, 3, 14], "texture": "#5"},
				"down": {"uv": [0, 0, 3, 14], "texture": "#5"}
			}
		},
		{
			"name": "Cube",
			"from": [1.5, 1, -6.5],
			"to": [14.5, 3, -5.5],
			"faces": {
				"north": {"uv": [0, 0, 16, 16], "texture": "#2"},
				"east": {"uv": [0, 0, 3, 16], "texture": "#2"},
				"south": {"uv": [0, 0, 16, 16], "texture": "#2"},
				"west": {"uv": [3, 0, 0, 16], "texture": "#2"},
				"up": {"uv": [0, 0, 3, 14], "texture": "#2"},
				"down": {"uv": [0, 0, 3, 14], "texture": "#2"}
			}
		},
		{
			"name": "Cube",
			"from": [1.5, 2, 3],
			"to": [2.5, 9, 13],
			"faces": {
				"north": {"uv": [0, 0, 3, 1], "texture": "#0"},
				"east": {"uv": [0, 0, 14, 1], "texture": "#0"},
				"south": {"uv": [0, 0, 16, 16], "texture": "#0"},
				"west": {"uv": [0, 0, 14, 1], "texture": "#0"},
				"up": {"uv": [0, 0, 3, 14], "texture": "#0"},
				"down": {"uv": [0, 0, 3, 14], "texture": "#0"}
			}
		},
		{
			"name": "Cube",
			"from": [1, 7, 10],
			"to": [1.5, 7.5, 12],
			"faces": {
				"north": {"uv": [0, 0, 3, 1], "texture": "#6"},
				"east": {"uv": [0, 0, 14, 1], "texture": "#6"},
				"south": {"uv": [0, 0, 16, 16], "texture": "#6"},
				"west": {"uv": [0, 0, 14, 1], "texture": "#6"},
				"up": {"uv": [0, 0, 3, 14], "texture": "#6"},
				"down": {"uv": [0, 0, 3, 14], "texture": "#6"}
			}
		},
		{
			"name": "Cube",
			"from": [14.5, 7, 10],
			"to": [15, 7.5, 12],
			"faces": {
				"north": {"uv": [0, 0, 3, 1], "texture": "#6"},
				"east": {"uv": [0, 0, 14, 1], "texture": "#6"},
				"south": {"uv": [0, 0, 16, 16], "texture": "#6"},
				"west": {"uv": [0, 0, 14, 1], "texture": "#6"},
				"up": {"uv": [0, 0, 3, 14], "texture": "#6"},
				"down": {"uv": [0, 0, 3, 14], "texture": "#6"}
			}
		},
		{
			"name": "Cube",
			"from": [4, 1, 8],
			"to": [12, 2, 23],
			"faces": {
				"north": {"uv": [0, 0, 3, 1], "texture": "#0"},
				"east": {"uv": [0, 0, 14, 1], "texture": "#0"},
				"south": {"uv": [0, 0, 16, 16], "texture": "#0"},
				"west": {"uv": [0, 0, 14, 1], "texture": "#0"},
				"up": {"uv": [0, 0, 3, 14], "texture": "#0"},
				"down": {"uv": [0, 0, 3, 14], "texture": "#0"}
			}
		},
		{
			"name": "Cube",
			"from": [5.5, 4, 11.5],
			"to": [10.5, 12, 12.5],
			"rotation": {"angle": 22.5, "axis": "x", "origin": [8, 8, 8]},
			"faces": {
				"north": {"uv": [0, 0, 16, 16], "texture": "#1"},
				"east": {"uv": [0, 0, 14, 1], "texture": "#1"},
				"south": {"uv": [0, 0, 16, 16], "texture": "#1"},
				"west": {"uv": [0, 0, 14, 1], "texture": "#1"},
				"up": {"uv": [0, 0, 3, 14], "texture": "#1"},
				"down": {"uv": [0, 0, 3, 14], "texture": "#1"}
			}
		},
		{
			"name": "Cube",
			"from": [11, 2, 5],
			"to": [12.5, 3, 9],
			"faces": {
				"north": {"uv": [0, 0, 3, 1], "texture": "#6"},
				"east": {"uv": [0, 0, 14, 1], "texture": "#6"},
				"south": {"uv": [0, 0, 16, 16], "texture": "#6"},
				"west": {"uv": [0, 0, 14, 1], "texture": "#6"},
				"up": {"uv": [0, 0, 3, 14], "texture": "#6"},
				"down": {"uv": [0, 0, 3, 14], "texture": "#6"}
			}
		},
		{
			"name": "Cube",
			"from": [11.5, 3.5, 5],
			"to": [12, 5.5, 5.5],
			"rotation": {"angle": -22.5, "axis": "x", "origin": [8, 8, 8]},
			"faces": {
				"north": {"uv": [0, 0, 3, 1], "texture": "#2"},
				"east": {"uv": [0, 0, 14, 1], "texture": "#2"},
				"south": {"uv": [0, 0, 16, 16], "texture": "#2"},
				"west": {"uv": [0, 0, 14, 1], "texture": "#2"},
				"up": {"uv": [0, 0, 3, 14], "texture": "#2"},
				"down": {"uv": [0, 0, 3, 14], "texture": "#2"}
			}
		},
		{
			"name": "Cube",
			"from": [6, 6, 3.5],
			"to": [10, 6.5, 4],
			"faces": {
				"north": {"uv": [0, 0, 3, 1], "texture": "#6"},
				"east": {"uv": [0, 0, 14, 1], "texture": "#6"},
				"south": {"uv": [0, 0, 16, 16], "texture": "#6"},
				"west": {"uv": [0, 0, 14, 1], "texture": "#6"},
				"up": {"uv": [0, 0, 3, 14], "texture": "#6"},
				"down": {"uv": [0, 0, 3, 14], "texture": "#6"}
			}
		},
		{
			"name": "Cube",
			"from": [6, 9, 3.5],
			"to": [10, 9.5, 4],
			"faces": {
				"north": {"uv": [0, 0, 3, 1], "texture": "#6"},
				"east": {"uv": [0, 0, 14, 1], "texture": "#6"},
				"south": {"uv": [0, 0, 16, 16], "texture": "#6"},
				"west": {"uv": [0, 0, 14, 1], "texture": "#6"},
				"up": {"uv": [0, 0, 3, 14], "texture": "#6"},
				"down": {"uv": [0, 0, 3, 14], "texture": "#6"}
			}
		},
		{
			"name": "Cube",
			"from": [6, 6, 3.5],
			"to": [6.5, 9, 4],
			"faces": {
				"north": {"uv": [0, 0, 3, 1], "texture": "#6"},
				"east": {"uv": [0, 0, 14, 1], "texture": "#6"},
				"south": {"uv": [0, 0, 16, 16], "texture": "#6"},
				"west": {"uv": [0, 0, 14, 1], "texture": "#6"},
				"up": {"uv": [0, 0, 3, 14], "texture": "#6"},
				"down": {"uv": [0, 0, 3, 14], "texture": "#6"}
			}
		},
		{
			"name": "Cube",
			"from": [9.5, 6, 3.5],
			"to": [10, 9, 4],
			"faces": {
				"north": {"uv": [0, 0, 3, 1], "texture": "#6"},
				"east": {"uv": [0, 0, 14, 1], "texture": "#6"},
				"south": {"uv": [0, 0, 16, 16], "texture": "#6"},
				"west": {"uv": [0, 0, 14, 1], "texture": "#6"},
				"up": {"uv": [0, 0, 3, 14], "texture": "#6"},
				"down": {"uv": [0, 0, 3, 14], "texture": "#6"}
			}
		},
		{
			"name": "Cube",
			"from": [6, 7.5, 3.5],
			"to": [10, 8, 4],
			"faces": {
				"north": {"uv": [0, 0, 3, 1], "texture": "#6"},
				"east": {"uv": [0, 0, 14, 1], "texture": "#6"},
				"south": {"uv": [0, 0, 16, 16], "texture": "#6"},
				"west": {"uv": [0, 0, 14, 1], "texture": "#6"},
				"up": {"uv": [0, 0, 3, 14], "texture": "#6"},
				"down": {"uv": [0, 0, 3, 14], "texture": "#6"}
			}
		},
		{
			"name": "Cube",
			"from": [7.75, 6, 3.5],
			"to": [8.25, 8, 4],
			"faces": {
				"north": {"uv": [0, 0, 3, 1], "texture": "#6"},
				"east": {"uv": [0, 0, 14, 1], "texture": "#6"},
				"south": {"uv": [0, 0, 16, 16], "texture": "#6"},
				"west": {"uv": [0, 0, 14, 1], "texture": "#6"},
				"up": {"uv": [0, 0, 3, 14], "texture": "#6"},
				"down": {"uv": [0, 0, 3, 14], "texture": "#6"}
			}
		},
		{
			"name": "Cube",
			"from": [7.75, 7.5, 3],
			"to": [8.25, 8, 3.5],
			"faces": {
				"north": {"uv": [0, 0, 3, 1], "texture": "#6"},
				"east": {"uv": [0, 0, 14, 1], "texture": "#6"},
				"south": {"uv": [0, 0, 16, 16], "texture": "#6"},
				"west": {"uv": [0, 0, 14, 1], "texture": "#6"},
				"up": {"uv": [0, 0, 3, 14], "texture": "#6"},
				"down": {"uv": [0, 0, 3, 14], "texture": "#6"}
			}
		},
		{
			"name": "Cube",
			"from": [3, 7, 2.2],
			"to": [8, 14, 2.7],
			"rotation": {"angle": 22.5, "axis": "x", "origin": [8, 10, 2]},
			"faces": {
				"north": {"uv": [1, 1, 15, 15], "texture": "#7"},
				"east": {"uv": [0, 0, 14, 1], "texture": "#7"},
				"south": {"uv": [0, 0, 16, 16], "texture": "#7"},
				"west": {"uv": [0, 0, 14, 1], "texture": "#7"},
				"up": {"uv": [0, 0, 3, 14], "texture": "#7"},
				"down": {"uv": [0, 0, 3, 14], "texture": "#7"}
			}
		},
		{
			"name": "Cube",
			"from": [13.2, 9, 2.7],
			"to": [13.7, 11.8, 4.8],
			"faces": {
				"north": {"uv": [0, 0, 3, 1], "texture": "#7"},
				"east": {"uv": [1, 1, 15, 15], "texture": "#7"},
				"south": {"uv": [0, 0, 16, 16], "texture": "#7"},
				"west": {"uv": [1, 1, 15, 15], "texture": "#7"},
				"up": {"uv": [0, 0, 3, 14], "texture": "#7"},
				"down": {"uv": [0, 0, 3, 14], "texture": "#7"}
			}
		},
		{
			"name": "Cube",
			"from": [13.2, 11.6, 3.8],
			"to": [13.7, 13.6, 4.8],
			"faces": {
				"north": {"uv": [0, 0, 0.5, 3], "texture": "#7"},
				"east": {"uv": [1, 1, 7, 15], "texture": "#7"},
				"south": {"uv": [0, 0, 16, 16], "texture": "#7"},
				"west": {"uv": [0, 0, 7, 15], "texture": "#7"},
				"up": {"uv": [0, 0, 3, 14], "texture": "#7"},
				"down": {"uv": [0, 0, 3, 14], "texture": "#7"}
			}
		},
		{
			"name": "Cube",
			"from": [13.2, 9, 4.7],
			"to": [13.7, 9.6, 14.5],
			"faces": {
				"north": {"uv": [0, 0, 3, 1], "texture": "#7"},
				"east": {"uv": [1, 1, 15, 15], "texture": "#7"},
				"south": {"uv": [0, 0, 16, 16], "texture": "#7"},
				"west": {"uv": [1, 1, 15, 15], "texture": "#7"},
				"up": {"uv": [0, 0, 3, 14], "texture": "#7"},
				"down": {"uv": [0, 0, 3, 14], "texture": "#7"}
			}
		},
		{
			"name": "Cube",
			"from": [8, 7, 2.2],
			"to": [13, 14, 2.7],
			"rotation": {"angle": 22.5, "axis": "x", "origin": [8, 10, 2]},
			"faces": {
				"north": {"uv": [1, 1, 15, 15], "texture": "#7"},
				"east": {"uv": [0, 0, 14, 1], "texture": "#7"},
				"south": {"uv": [0, 0, 16, 16], "texture": "#7"},
				"west": {"uv": [0, 0, 14, 1], "texture": "#7"},
				"up": {"uv": [0, 0, 3, 14], "texture": "#7"},
				"down": {"uv": [0, 0, 3, 14], "texture": "#7"}
			}
		},
		{
			"name": "Cube",
			"from": [2.2, 9, 2.7],
			"to": [2.7, 11.8, 4.8],
			"faces": {
				"north": {"uv": [0, 0, 3, 1], "texture": "#7"},
				"east": {"uv": [1, 1, 15, 15], "texture": "#7"},
				"south": {"uv": [0, 0, 16, 16], "texture": "#7"},
				"west": {"uv": [1, 1, 15, 15], "texture": "#7"},
				"up": {"uv": [0, 0, 3, 14], "texture": "#7"},
				"down": {"uv": [0, 0, 3, 14], "texture": "#7"}
			}
		},
		{
			"name": "Cube",
			"from": [2.2, 11.6, 3.8],
			"to": [2.7, 13.6, 4.8],
			"faces": {
				"north": {"uv": [0, 0, 0.5, 3], "texture": "#7"},
				"east": {"uv": [1, 1, 7, 15], "texture": "#7"},
				"south": {"uv": [0, 0, 16, 16], "texture": "#7"},
				"west": {"uv": [0, 0, 7, 15], "texture": "#7"},
				"up": {"uv": [0, 0, 3, 14], "texture": "#7"},
				"down": {"uv": [0, 0, 3, 14], "texture": "#7"}
			}
		},
		{
			"name": "Cube",
			"from": [2.2, 9, 4.7],
			"to": [2.7, 9.6, 14.5],
			"faces": {
				"north": {"uv": [0, 0, 3, 1], "texture": "#7"},
				"east": {"uv": [1, 1, 15, 15], "texture": "#7"},
				"south": {"uv": [0, 0, 16, 16], "texture": "#7"},
				"west": {"uv": [1, 1, 15, 15], "texture": "#7"},
				"up": {"uv": [0, 0, 3, 14], "texture": "#7"},
				"down": {"uv": [0, 0, 3, 14], "texture": "#7"}
			}
		},
		{
			"name": "Cube",
			"from": [1.5, 1, 22.5],
			"to": [14.5, 3, 23.5],
			"faces": {
				"north": {"uv": [0, 0, 16, 16], "texture": "#2"},
				"east": {"uv": [0, 0, 3, 16], "texture": "#2"},
				"south": {"uv": [0, 0, 16, 16], "texture": "#2"},
				"west": {"uv": [3, 0, 0, 16], "texture": "#2"},
				"up": {"uv": [0, 0, 3, 14], "texture": "#2"},
				"down": {"uv": [0, 0, 3, 14], "texture": "#2"}
			}
		},
		{
			"name": "Cube",
			"from": [6, 3.5, 22.2],
			"to": [10, 5.5, 23.2],
			"faces": {
				"north": {"uv": [0, 0, 16, 16], "texture": "#4"},
				"east": {"uv": [0, 0, 14, 1], "texture": "#4"},
				"south": {"uv": [0, 0, 16, 16], "texture": "#4"},
				"west": {"uv": [0, 0, 14, 1], "texture": "#4"},
				"up": {"uv": [0, 0, 3, 14], "texture": "#4"},
				"down": {"uv": [0, 0, 3, 14], "texture": "#4"}
			}
		},
		{
			"name": "Cube",
			"from": [0.5, 9, 2],
			"to": [2, 10.5, 3],
			"faces": {
				"north": {"uv": [0, 0, 3, 1], "texture": "#0"},
				"east": {"uv": [0, 0, 14, 1], "texture": "#0"},
				"south": {"uv": [0, 0, 16, 16], "texture": "#0"},
				"west": {"uv": [0, 0, 14, 1], "texture": "#0"},
				"up": {"uv": [0, 0, 3, 14], "texture": "#0"},
				"down": {"uv": [0, 0, 3, 14], "texture": "#0"}
			}
		},
		{
			"name": "Cube",
			"from": [14, 9, 2],
			"to": [15.5, 10.5, 3],
			"faces": {
				"north": {"uv": [0, 0, 3, 1], "texture": "#0"},
				"east": {"uv": [0, 0, 14, 1], "texture": "#0"},
				"south": {"uv": [0, 0, 16, 16], "texture": "#0"},
				"west": {"uv": [0, 0, 14, 1], "texture": "#0"},
				"up": {"uv": [0, 0, 3, 14], "texture": "#0"},
				"down": {"uv": [0, 0, 3, 14], "texture": "#0"}
			}
		},
		{
			"name": "Cube",
			"from": [0.5, 9, 3],
			"to": [2, 10.5, 3.1],
			"faces": {
				"north": {"uv": [0, 0, 3, 1], "texture": "#4"},
				"east": {"uv": [0, 0, 14, 1], "texture": "#4"},
				"south": {"uv": [0, 0, 16, 16], "texture": "#4"},
				"west": {"uv": [0, 0, 14, 1], "texture": "#4"},
				"up": {"uv": [0, 0, 3, 14], "texture": "#4"},
				"down": {"uv": [0, 0, 3, 14], "texture": "#4"}
			}
		},
		{
			"name": "Cube",
			"from": [14, 9, 3],
			"to": [15.5, 10.5, 3.1],
			"faces": {
				"north": {"uv": [0, 0, 3, 1], "texture": "#4"},
				"east": {"uv": [0, 0, 14, 1], "texture": "#4"},
				"south": {"uv": [0, 0, 16, 16], "texture": "#4"},
				"west": {"uv": [0, 0, 14, 1], "texture": "#4"},
				"up": {"uv": [0, 0, 3, 14], "texture": "#4"},
				"down": {"uv": [0, 0, 3, 14], "texture": "#4"}
			}
		}
	],
	"display": {
		"thirdperson_righthand": {
			"rotation": [75, 0, 0],
			"translation": [0, -1.25, -1],
			"scale": [0.4, 0.4, 0.4]
		},
		"thirdperson_lefthand": {
			"rotation": [75, 0, 0],
			"translation": [0, -1.25, -1],
			"scale": [0.4, 0.4, 0.4]
		},
		"firstperson_righthand": {
			"rotation": [0, 55, 11],
			"translation": [0, 3, 0],
			"scale": [0.4, 0.4, 0.4]
		},
		"firstperson_lefthand": {
			"rotation": [0, 55, 11],
			"translation": [0, 3, 0],
			"scale": [0.4, 0.4, 0.4]
		},
		"ground": {
			"rotation": [0, 90, 0],
			"translation": [0, 3.5, 0],
			"scale": [0.5, 0.5, 0.5]
		},
		"gui": {
			"rotation": [18, 150, 0],
			"scale": [0.6, 0.6, 0.6]
		},
		"head": {
			"translation": [0, -26, 0],
			"scale": [5, 5, 5]
		},
		"fixed": {
			"rotation": [0, 90, 0],
			"translation": [0, 0, -3.5],
			"scale": [0.6, 0.6, 0.6]
		}
	}
}