{
	"credit": "Made with Blockbench",
	"textures": {
		"0": "block/quartz_block_bottom",
		"1": "block/gray_wool",
		"2": "block/polished_andesite",
		"3": "block/yellow_terracotta",
		"4": "block/iron_block",
		"5": "block/pink_terracotta",
		"6": "block/cyan_terracotta",
		"7": "block/glass"
	},
	"elements": [
		{
			"name": "Cube",
			"from": [12, 1, -6],
			"to": [14, 5, -4],
			"faces": {
				"north": {"uv": [0, 0, 3, 1], "texture": "#0"},
				"east": {"uv": [0, 0, 3, 1], "texture": "#0"},
				"south": {"uv": [0, 0, 3, 1], "texture": "#0"},
				"west": {"uv": [0, 0, 3, 1], "texture": "#0"},
				"up": {"uv": [0, 0, 3, 3], "texture": "#0"},
				"down": {"uv": [0, 0, 3, 3], "texture": "#0"}
			}
		},
		{
			"name": "Cube",
			"from": [13, 1, 2],
			"to": [14, 9, 15],
			"faces": {
				"north": {"uv": [0, 0, 3, 1], "texture": "#0"},
				"east": {"uv": [0, 0, 14, 1], "texture": "#0"},
				"south": {"uv": [0, 0, 3, 1], "texture": "#0"},
				"west": {"uv": [0, 0, 14, 1], "texture": "#0"},
				"up": {"uv": [0, 0, 3, 14], "texture": "#0"},
				"down": {"uv": [0, 0, 3, 14], "texture": "#0"}
			}
		},
		{
			"name": "Cube",
			"from": [2, 7, 2],
			"to": [3, 16.5, 3],
			"rotation": {"angle": 22.5, "axis": "x", "origin": [8, 10, 2]},
			"faces": {
				"north": {"uv": [0, 0, 3, 1], "texture": "#0"},
				"east": {"uv": [0, 0, 14, 1], "texture": "#0"},
				"south": {"uv": [0, 0, 3, 1], "texture": "#0"},
				"west": {"uv": [0, 0, 14, 1], "texture": "#0"},
				"up": {"uv": [0, 0, 3, 14], "texture": "#0"},
				"down": {"uv": [0, 0, 3, 14], "texture": "#0"}
			}
		},
		{
			"name": "Cube",
			"from": [12, 1, 21],
			"to": [14, 5, 23],
			"faces": {
				"north": {"uv": [0, 0, 3, 1], "texture": "#0"},
				"east": {"uv": [0, 0, 3, 1], "texture": "#0"},
				"south": {"uv": [0, 0, 3, 1], "texture": "#0"},
				"west": {"uv": [0, 0, 3, 1], "texture": "#0"},
				"up": {"uv": [0, 0, 3, 3], "texture": "#0"},
				"down": {"uv": [0, 0, 3, 3], "texture": "#0"}
			}
		},
		{
			"name": "Cube",
			"from": [2, 1, 21],
			"to": [4, 5, 23],
			"faces": {
				"north": {"uv": [0, 0, 3, 1], "texture": "#0"},
				"east": {"uv": [0, 0, 3, 1], "texture": "#0"},
				"south": {"uv": [0, 0, 3, 1], "texture": "#0"},
				"west": {"uv": [0, 0, 3, 1], "texture": "#0"},
				"up": {"uv": [0, 0, 3, 3], "texture": "#0"},
				"down": {"uv": [0, 0, 3, 3], "texture": "#0"}
			}
		},
		{
			"name": "Cube",
			"from": [2, 1, -6],
			"to": [4, 5, -4],
			"faces": {
				"north": {"uv": [0, 0, 3, 1], "texture": "#0"},
				"east": {"uv": [0, 0, 3, 1], "texture": "#0"},
				"south": {"uv": [0, 0, 3, 1], "texture": "#0"},
				"west": {"uv": [0, 0, 3, 1], "texture": "#0"},
				"up": {"uv": [0, 0, 3, 3], "texture": "#0"},
				"down": {"uv": [0, 0, 3, 3], "texture": "#0"}
			}
		},
		{
			"name": "Cube",
			"from": [12, 1, 2],
			"to": [13, 2, 15],
			"faces": {
				"north": {"uv": [0, 0, 3, 1], "texture": "#0"},
				"east": {"uv": [0, 0, 14, 1], "texture": "#0"},
				"south": {"uv": [0, 0, 3, 1], "texture": "#0"},
				"west": {"uv": [0, 0, 14, 1], "texture": "#0"},
				"up": {"uv": [0, 0, 3, 14], "texture": "#0"},
				"down": {"uv": [0, 0, 3, 14], "texture": "#0"}
			}
		},
		{
			"name": "Cube",
			"from": [2, 15, 4.5],
			"to": [14, 16, 19.5],
			"faces": {
				"north": {"uv": [0, 0, 3, 1], "texture": "#0"},
				"east": {"uv": [0, 0, 14, 1], "texture": "#0"},
				"south": {"uv": [0, 0, 3, 1], "texture": "#0"},
				"west": {"uv": [0, 0, 14, 1], "texture": "#0"},
				"up": {"uv": [0, 0, 3, 14], "texture": "#0"},
				"down": {"uv": [0, 0, 3, 14], "texture": "#0"}
			}
		},
		{
			"name": "Cube",
			"from": [2, 5, -6],
			"to": [4, 9, 2],
			"faces": {
				"north": {"uv": [0, 0, 3, 1], "texture": "#0"},
				"east": {"uv": [0, 0, 14, 1], "texture": "#0"},
				"south": {"uv": [0, 0, 3, 1], "texture": "#0"},
				"west": {"uv": [0, 0, 14, 1], "texture": "#0"},
				"up": {"uv": [0, 0, 3, 14], "texture": "#0"},
				"down": {"uv": [0, 0, 3, 14], "texture": "#0"}
			}
		},
		{
			"name": "Cube",
			"from": [4, 2, 15],
			"to": [12, 9, 23],
			"faces": {
				"north": {"uv": [0, 0, 3, 1], "texture": "#0"},
				"east": {"uv": [0, 0, 14, 1], "texture": "#0"},
				"south": {"uv": [0, 0, 3, 1], "texture": "#0"},
				"west": {"uv": [0, 0, 14, 1], "texture": "#0"},
				"up": {"uv": [0, 0, 3, 14], "texture": "#0"},
				"down": {"uv": [0, 0, 3, 14], "texture": "#0"}
			}
		},
		{
			"name": "Cube",
			"from": [2, 5, 15],
			"to": [4, 9, 23],
			"faces": {
				"north": {"uv": [0, 0, 3, 1], "texture": "#0"},
				"east": {"uv": [0, 0, 14, 1], "texture": "#0"},
				"south": {"uv": [0, 0, 3, 1], "texture": "#0"},
				"west": {"uv": [0, 0, 14, 1], "texture": "#0"},
				"up": {"uv": [0, 0, 3, 14], "texture": "#0"},
				"down": {"uv": [0, 0, 3, 14], "texture": "#0"}
			}
		},
		{
			"name": "Cube",
			"from": [3, 1, 2],
			"to": [4, 2, 15],
			"faces": {
				"north": {"uv": [0, 0, 3, 1], "texture": "#0"},
				"east": {"uv": [0, 0, 14, 1], "texture": "#0"},
				"south": {"uv": [0, 0, 3, 1], "texture": "#0"},
				"west": {"uv": [0, 0, 14, 1], "texture": "#0"},
				"up": {"uv": [0, 0, 3, 14], "texture": "#0"},
				"down": {"uv": [0, 0, 3, 14], "texture": "#0"}
			}
		},
		{
			"name": "Cube",
			"from": [2, 1, 2],
			"to": [3, 9, 15],
			"faces": {
				"north": {"uv": [0, 0, 3, 1], "texture": "#0"},
				"east": {"uv": [0, 0, 14, 1], "texture": "#0"},
				"south": {"uv": [0, 0, 3, 1], "texture": "#0"},
				"west": {"uv": [0, 0, 14, 1], "texture": "#0"},
				"up": {"uv": [0, 0, 3, 14], "texture": "#0"},
				"down": {"uv": [0, 0, 3, 14], "texture": "#0"}
			}
		},
		{
			"name": "Cube",
			"from": [12, 5, -6],
			"to": [14, 9, 2],
			"faces": {
				"north": {"uv": [0, 0, 3, 1], "texture": "#0"},
				"east": {"uv": [0, 0, 14, 1], "texture": "#0"},
				"south": {"uv": [0, 0, 3, 1], "texture": "#0"},
				"west": {"uv": [0, 0, 14, 1], "texture": "#0"},
				"up": {"uv": [0, 0, 3, 14], "texture": "#0"},
				"down": {"uv": [0, 0, 3, 14], "texture": "#0"}
			}
		},
		{
			"name": "Cube",
			"from": [12, 5, 15],
			"to": [14, 9, 23],
			"faces": {
				"north": {"uv": [0, 0, 3, 1], "texture": "#0"},
				"east": {"uv": [0, 0, 14, 1], "texture": "#0"},
				"south": {"uv": [0, 0, 3, 1], "texture": "#0"},
				"west": {"uv": [0, 0, 14, 1], "texture": "#0"},
				"up": {"uv": [0, 0, 3, 14], "texture": "#0"},
				"down": {"uv": [0, 0, 3, 14], "texture": "#0"}
			}
		},
		{
			"name": "Cube",
			"from": [3, 2, 13],
			"to": [13, 8, 15],
			"faces": {
				"north": {"uv": [0, 0, 3, 1], "texture": "#0"},
				"east": {"uv": [0, 0, 14, 1], "texture": "#0"},
				"south": {"uv": [0, 0, 3, 1], "texture": "#0"},
				"west": {"uv": [0, 0, 14, 1], "texture": "#0"},
				"up": {"uv": [0, 0, 3, 14], "texture": "#0"},
				"down": {"uv": [0, 0, 3, 14], "texture": "#0"}
			}
		},
		{
			"name": "Cube",
			"from": [4, 2, -6],
			"to": [12, 10, 2],
			"faces": {
				"north": {"uv": [0, 0, 3, 1], "texture": "#0"},
				"east": {"uv": [0, 0, 14, 1], "texture": "#0"},
				"south": {"uv": [0, 0, 3, 1], "texture": "#0"},
				"west": {"uv": [0, 0, 14, 1], "texture": "#0"},
				"up": {"uv": [0, 0, 3, 14], "texture": "#0"},
				"down": {"uv": [0, 0, 3, 14], "texture": "#0"}
			}
		},
		{
			"name": "Cube",
			"from": [3, 2, 2],
			"to": [13, 8, 3],
			"faces": {
				"north": {"uv": [0, 0, 3, 1], "texture": "#0"},
				"east": {"uv": [0, 0, 14, 1], "texture": "#0"},
				"south": {"uv": [0, 0, 3, 1], "texture": "#0"},
				"west": {"uv": [0, 0, 14, 1], "texture": "#0"},
				"up": {"uv": [0, 0, 3, 14], "texture": "#0"},
				"down": {"uv": [0, 0, 3, 14], "texture": "#0"}
			}
		},
		{
			"name": "Cube",
			"from": [13, 7, 2],
			"to": [14, 16.5, 3],
			"rotation": {"angle": 22.5, "axis": "x", "origin": [8, 10, 2]},
			"faces": {
				"north": {"uv": [0, 0, 3, 1], "texture": "#0"},
				"east": {"uv": [0, 0, 14, 1], "texture": "#0"},
				"south": {"uv": [0, 0, 3, 1], "texture": "#0"},
				"west": {"uv": [0, 0, 14, 1], "texture": "#0"},
				"up": {"uv": [0, 0, 3, 14], "texture": "#0"},
				"down": {"uv": [0, 0, 3, 14], "texture": "#0"}
			}
		},
		{
			"name": "Cube",
			"from": [13, 8, 21],
			"to": [14, 16.5, 22],
			"rotation": {"angle": -22.5, "axis": "x", "origin": [8, 10, 22]},
			"faces": {
				"north": {"uv": [0, 0, 3, 1], "texture": "#0"},
				"east": {"uv": [0, 0, 14, 1], "texture": "#0"},
				"south": {"uv": [0, 0, 3, 1], "texture": "#0"},
				"west": {"uv": [0, 0, 14, 1], "texture": "#0"},
				"up": {"uv": [0, 0, 3, 14], "texture": "#0"},
				"down": {"uv": [0, 0, 3, 14], "texture": "#0"}
			}
		},
		{
			"name": "Cube",
			"from": [5.5, 2, 5],
			"to": [10.5, 3, 11],
			"faces": {
				"north": {"uv": [0, 0, 16, 1], "texture": "#1"},
				"east": {"uv": [0, 0, 14, 1], "texture": "#1"},
				"south": {"uv": [0, 0, 3, 1], "texture": "#1"},
				"west": {"uv": [0, 0, 14, 1], "texture": "#1"},
				"up": {"uv": [0, 0, 16, 16], "texture": "#1"},
				"down": {"uv": [0, 0, 3, 14], "texture": "#1"}
			}
		},
		{
			"name": "Cube",
			"from": [4, 1, -6],
			"to": [12, 2, 8],
			"faces": {
				"north": {"uv": [0, 0, 3, 1], "texture": "#0"},
				"east": {"uv": [0, 0, 14, 1], "texture": "#0"},
				"south": {"uv": [0, 0, 3, 1], "texture": "#0"},
				"west": {"uv": [0, 0, 14, 1], "texture": "#0"},
				"up": {"uv": [0, 0, 3, 14], "texture": "#0"},
				"down": {"uv": [0, 0, 3, 14], "texture": "#0"}
			}
		},
		{
			"name": "Cube",
			"from": [13.5, 2, 3],
			"to": [14.5, 9, 13],
			"faces": {
				"north": {"uv": [0, 0, 3, 1], "texture": "#0"},
				"east": {"uv": [0, 0, 14, 1], "texture": "#0"},
				"south": {"uv": [0, 0, 3, 1], "texture": "#0"},
				"west": {"uv": [0, 0, 14, 1], "texture": "#0"},
				"up": {"uv": [0, 0, 3, 14], "texture": "#0"},
				"down": {"uv": [0, 0, 3, 14], "texture": "#0"}
			}
		},
		{
			"name": "Cube",
			"from": [5.5, 3, -6.5],
			"to": [10.5, 8, -5.5],
			"faces": {
				"north": {"uv": [0, 0, 16, 16], "texture": "#2"},
				"east": {"uv": [0, 0, 14, 1], "texture": "#2"},
				"south": {"uv": [0, 0, 3, 1], "texture": "#2"},
				"west": {"uv": [0, 0, 14, 1], "texture": "#2"},
				"up": {"uv": [0, 0, 3, 14], "texture": "#2"},
				"down": {"uv": [0, 0, 3, 14], "texture": "#2"}
			}
		},
		{
			"name": "Cube",
			"from": [11.5, 6, -6.5],
			"to": [13.5, 8, -5.5],
			"faces": {
				"north": {"uv": [0, 0, 16, 16], "texture": "#3"},
				"east": {"uv": [0, 0, 14, 1], "texture": "#3"},
				"south": {"uv": [0, 0, 3, 1], "texture": "#3"},
				"west": {"uv": [0, 0, 14, 1], "texture": "#3"},
				"up": {"uv": [0, 0, 3, 14], "texture": "#3"},
				"down": {"uv": [0, 0, 3, 14], "texture": "#3"}
			}
		},
		{
			"name": "Cube",
			"from": [6, 2.5, -6.6],
			"to": [10, 4.5, -5.6],
			"faces": {
				"north": {"uv": [0, 0, 16, 16], "texture": "#4"},
				"east": {"uv": [0, 0, 14, 1], "texture": "#4"},
				"south": {"uv": [0, 0, 3, 1], "texture": "#4"},
				"west": {"uv": [0, 0, 14, 1], "texture": "#4"},
				"up": {"uv": [0, 0, 3, 14], "texture": "#4"},
				"down": {"uv": [0, 0, 3, 14], "texture": "#4"}
			}
		},
		{
			"name": "Cube",
			"from": [2.5, 6, -6.5],
			"to": [4.5, 8, -5.5],
			"faces": {
				"north": {"uv": [0, 0, 3, 1], "texture": "#3"},
				"east": {"uv": [0, 0, 14, 1], "texture": "#3"},
				"south": {"uv": [0, 0, 3, 1], "texture": "#3"},
				"west": {"uv": [0, 0, 14, 1], "texture": "#3"},
				"up": {"uv": [0, 0, 3, 14], "texture": "#3"},
				"down": {"uv": [0, 0, 3, 14], "texture": "#3"}
			}
		},
		{
			"name": "Cube",
			"from": [2.5, 6, 22.5],
			"to": [4.5, 8, 23.5],
			"faces": {
				"north": {"uv": [0, 0, 3, 1], "texture": "#5"},
				"east": {"uv": [0, 0, 14, 1], "texture": "#5"},
				"south": {"uv": [0, 0, 3, 1], "texture": "#5"},
				"west": {"uv": [0, 0, 14, 1], "texture": "#5"},
				"up": {"uv": [0, 0, 3, 14], "texture": "#5"},
				"down": {"uv": [0, 0, 3, 14], "texture": "#5"}
			}
		},
		{
			"name": "Cube",
			"from": [11.5, 6, 22.5],
			"to": [13.5, 8, 23.5],
			"faces": {
				"north": {"uv": [0, 0, 3, 1], "texture": "#5"},
				"east": {"uv": [0, 0, 14, 1], "texture": "#5"},
				"south": {"uv": [0, 0, 3, 1], "texture": "#5"},
				"west": {"uv": [0, 0, 14, 1], "texture": "#5"},
				"up": {"uv": [0, 0, 3, 14], "texture": "#5"},
				"down": {"uv": [0, 0, 3, 14], "texture": "#5"}
			}
		},
		{
			"name": "Cube",
			"from": [1.5, 1, -6.5],
			"to": [14.5, 3, -5.5],
			"faces": {
				"north": {"uv": [0, 0, 16, 16], "texture": "#2"},
				"east": {"uv": [0, 0, 3, 16], "texture": "#2"},
				"south": {"uv": [0, 0, 3, 1], "texture": "#2"},
				"west": {"uv": [3, 0, 0, 16], "texture": "#2"},
				"up": {"uv": [0, 0, 3, 14], "texture": "#2"},
				"down": {"uv": [0, 0, 3, 14], "texture": "#2"}
			}
		},
		{
			"name": "Cube",
			"from": [1.5, 2, 3],
			"to": [2.5, 9, 13],
			"faces": {
				"north": {"uv": [0, 0, 3, 1], "texture": "#0"},
				"east": {"uv": [0, 0, 14, 1], "texture": "#0"},
				"south": {"uv": [0, 0, 3, 1], "texture": "#0"},
				"west": {"uv": [0, 0, 14, 1], "texture": "#0"},
				"up": {"uv": [0, 0, 3, 14], "texture": "#0"},
				"down": {"uv": [0, 0, 3, 14], "texture": "#0"}
			}
		},
		{
			"name": "Cube",
			"from": [1, 7, 10],
			"to": [1.5, 7.5, 12],
			"faces": {
				"north": {"uv": [0, 0, 3, 1], "texture": "#6"},
				"east": {"uv": [0, 0, 14, 1], "texture": "#6"},
				"south": {"uv": [0, 0, 3, 1], "texture": "#6"},
				"west": {"uv": [0, 0, 14, 1], "texture": "#6"},
				"up": {"uv": [0, 0, 3, 14], "texture": "#6"},
				"down": {"uv": [0, 0, 3, 14], "texture": "#6"}
			}
		},
		{
			"name": "Cube",
			"from": [14.5, 7, 10],
			"to": [15, 7.5, 12],
			"faces": {
				"north": {"uv": [0, 0, 3, 1], "texture": "#6"},
				"east": {"uv": [0, 0, 14, 1], "texture": "#6"},
				"south": {"uv": [0, 0, 3, 1], "texture": "#6"},
				"west": {"uv": [0, 0, 14, 1], "texture": "#6"},
				"up": {"uv": [0, 0, 3, 14], "texture": "#6"},
				"down": {"uv": [0, 0, 3, 14], "texture": "#6"}
			}
		},
		{
			"name": "Cube",
			"from": [4, 1, 8],
			"to": [12, 2, 23],
			"faces": {
				"north": {"uv": [0, 0, 3, 1], "texture": "#0"},
				"east": {"uv": [0, 0, 14, 1], "texture": "#0"},
				"south": {"uv": [0, 0, 3, 1], "texture": "#0"},
				"west": {"uv": [0, 0, 14, 1], "texture": "#0"},
				"up": {"uv": [0, 0, 3, 14], "texture": "#0"},
				"down": {"uv": [0, 0, 3, 14], "texture": "#0"}
			}
		},
		{
			"name": "Cube",
			"from": [5.5, 4, 11.5],
			"to": [10.5, 12, 12.5],
			"rotation": {"angle": 22.5, "axis": "x", "origin": [8, 8, 8]},
			"faces": {
				"north": {"uv": [0, 0, 16, 16], "texture": "#1"},
				"east": {"uv": [0, 0, 14, 1], "texture": "#1"},
				"south": {"uv": [0, 0, 3, 1], "texture": "#1"},
				"west": {"uv": [0, 0, 14, 1], "texture": "#1"},
				"up": {"uv": [0, 0, 3, 14], "texture": "#1"},
				"down": {"uv": [0, 0, 3, 14], "texture": "#1"}
			}
		},
		{
			"name": "Cube",
			"from": [11, 2, 5],
			"to": [12.5, 3, 9],
			"faces": {
				"north": {"uv": [0, 0, 3, 1], "texture": "#6"},
				"east": {"uv": [0, 0, 14, 1], "texture": "#6"},
				"south": {"uv": [0, 0, 3, 1], "texture": "#6"},
				"west": {"uv": [0, 0, 14, 1], "texture": "#6"},
				"up": {"uv": [0, 0, 3, 14], "texture": "#6"},
				"down": {"uv": [0, 0, 3, 14], "texture": "#6"}
			}
		},
		{
			"name": "Cube",
			"from": [11.5, 3.5, 5],
			"to": [12, 5.5, 5.5],
			"rotation": {"angle": -22.5, "axis": "x", "origin": [8, 8, 8]},
			"faces": {
				"north": {"uv": [0, 0, 3, 1], "texture": "#2"},
				"east": {"uv": [0, 0, 14, 1], "texture": "#2"},
				"south": {"uv": [0, 0, 3, 1], "texture": "#2"},
				"west": {"uv": [0, 0, 14, 1], "texture": "#2"},
				"up": {"uv": [0, 0, 3, 14], "texture": "#2"},
				"down": {"uv": [0, 0, 3, 14], "texture": "#2"}
			}
		},
		{
			"name": "Cube",
			"from": [6, 6, 3.5],
			"to": [10, 6.5, 4],
			"faces": {
				"north": {"uv": [0, 0, 3, 1], "texture": "#6"},
				"east": {"uv": [0, 0, 14, 1], "texture": "#6"},
				"south": {"uv": [0, 0, 3, 1], "texture": "#6"},
				"west": {"uv": [0, 0, 14, 1], "texture": "#6"},
				"up": {"uv": [0, 0, 3, 14], "texture": "#6"},
				"down": {"uv": [0, 0, 3, 14], "texture": "#6"}
			}
		},
		{
			"name": "Cube",
			"from": [6, 9, 3.5],
			"to": [10, 9.5, 4],
			"faces": {
				"north": {"uv": [0, 0, 3, 1], "texture": "#6"},
				"east": {"uv": [0, 0, 14, 1], "texture": "#6"},
				"south": {"uv": [0, 0, 3, 1], "texture": "#6"},
				"west": {"uv": [0, 0, 14, 1], "texture": "#6"},
				"up": {"uv": [0, 0, 3, 14], "texture": "#6"},
				"down": {"uv": [0, 0, 3, 14], "texture": "#6"}
			}
		},
		{
			"name": "Cube",
			"from": [6, 6, 3.5],
			"to": [6.5, 9, 4],
			"faces": {
				"north": {"uv": [0, 0, 3, 1], "texture": "#6"},
				"east": {"uv": [0, 0, 14, 1], "texture": "#6"},
				"south": {"uv": [0, 0, 3, 1], "texture": "#6"},
				"west": {"uv": [0, 0, 14, 1], "texture": "#6"},
				"up": {"uv": [0, 0, 3, 14], "texture": "#6"},
				"down": {"uv": [0, 0, 3, 14], "texture": "#6"}
			}
		},
		{
			"name": "Cube",
			"from": [9.5, 6, 3.5],
			"to": [10, 9, 4],
			"faces": {
				"north": {"uv": [0, 0, 3, 1], "texture": "#6"},
				"east": {"uv": [0, 0, 14, 1], "texture": "#6"},
				"south": {"uv": [0, 0, 3, 1], "texture": "#6"},
				"west": {"uv": [0, 0, 14, 1], "texture": "#6"},
				"up": {"uv": [0, 0, 3, 14], "texture": "#6"},
				"down": {"uv": [0, 0, 3, 14], "texture": "#6"}
			}
		},
		{
			"name": "Cube",
			"from": [6, 7.5, 3.5],
			"to": [10, 8, 4],
			"faces": {
				"north": {"uv": [0, 0, 3, 1], "texture": "#6"},
				"east": {"uv": [0, 0, 14, 1], "texture": "#6"},
				"south": {"uv": [0, 0, 3, 1], "texture": "#6"},
				"west": {"uv": [0, 0, 14, 1], "texture": "#6"},
				"up": {"uv": [0, 0, 3, 14], "texture": "#6"},
				"down": {"uv": [0, 0, 3, 14], "texture": "#6"}
			}
		},
		{
			"name": "Cube",
			"from": [7.75, 6, 3.5],
			"to": [8.25, 8, 4],
			"faces": {
				"north": {"uv": [0, 0, 3, 1], "texture": "#6"},
				"east": {"uv": [0, 0, 14, 1], "texture": "#6"},
				"south": {"uv": [0, 0, 3, 1], "texture": "#6"},
				"west": {"uv": [0, 0, 14, 1], "texture": "#6"},
				"up": {"uv": [0, 0, 3, 14], "texture": "#6"},
				"down": {"uv": [0, 0, 3, 14], "texture": "#6"}
			}
		},
		{
			"name": "Cube",
			"from": [7.75, 7.5, 3],
			"to": [8.25, 8, 3.5],
			"faces": {
				"north": {"uv": [0, 0, 3, 1], "texture": "#6"},
				"east": {"uv": [0, 0, 14, 1], "texture": "#6"},
				"south": {"uv": [0, 0, 3, 1], "texture": "#6"},
				"west": {"uv": [0, 0, 14, 1], "texture": "#6"},
				"up": {"uv": [0, 0, 3, 14], "texture": "#6"},
				"down": {"uv": [0, 0, 3, 14], "texture": "#6"}
			}
		},
		{
			"name": "Cube",
			"from": [3, 7, 2.2],
			"to": [8, 16, 2.7],
			"rotation": {"angle": 22.5, "axis": "x", "origin": [8, 10, 2]},
			"faces": {
				"north": {"uv": [1, 1, 15, 15], "texture": "#7"},
				"east": {"uv": [0, 0, 14, 1], "texture": "#7"},
				"south": {"uv": [1, 1, 15, 15], "texture": "#7"},
				"west": {"uv": [0, 0, 14, 1], "texture": "#7"},
				"up": {"uv": [0, 0, 3, 14], "texture": "#7"},
				"down": {"uv": [0, 0, 3, 14], "texture": "#7"}
			}
		},
		{
			"name": "Cube",
			"from": [13.2, 9, 2.7],
			"to": [13.7, 11.8, 4.8],
			"faces": {
				"north": {"uv": [0, 0, 3, 1], "texture": "#7"},
				"east": {"uv": [1, 1, 15, 15], "texture": "#7"},
				"south": {"uv": [1, 5, 4, 6], "texture": "#7"},
				"west": {"uv": [1, 1, 15, 15], "texture": "#7"},
				"up": {"uv": [0, 0, 3, 14], "texture": "#7"},
				"down": {"uv": [0, 0, 3, 14], "texture": "#7"}
			}
		},
		{
			"name": "Cube",
			"from": [13.2, 11.6, 3.8],
			"to": [13.7, 14.6, 4.8],
			"faces": {
				"north": {"uv": [0, 0, 0.5, 3], "texture": "#7"},
				"east": {"uv": [1, 1, 7, 15], "texture": "#7"},
				"south": {"uv": [0, 0, 3, 1], "texture": "#7"},
				"west": {"uv": [0, 0, 7, 15], "texture": "#7"},
				"up": {"uv": [0, 0, 3, 14], "texture": "#7"},
				"down": {"uv": [0, 0, 3, 14], "texture": "#7"}
			}
		},
		{
			"name": "Cube",
			"from": [13.2, 9, 4.7],
			"to": [13.7, 15.6, 11.5],
			"faces": {
				"north": {"uv": [0, 0, 3, 1], "texture": "#7"},
				"east": {"uv": [1, 1, 15, 15], "texture": "#7"},
				"south": {"uv": [0, 0, 3, 1], "texture": "#7"},
				"west": {"uv": [1, 1, 15, 15], "texture": "#7"},
				"up": {"uv": [0, 0, 3, 14], "texture": "#7"},
				"down": {"uv": [0, 0, 3, 14], "texture": "#7"}
			}
		},
		{
			"name": "Cube",
			"from": [8, 7, 2.2],
			"to": [13, 16, 2.7],
			"rotation": {"angle": 22.5, "axis": "x", "origin": [8, 10, 2]},
			"faces": {
				"north": {"uv": [1, 1, 15, 15], "texture": "#7"},
				"east": {"uv": [0, 0, 14, 1], "texture": "#7"},
				"south": {"uv": [1, 1, 15, 15], "texture": "#7"},
				"west": {"uv": [0, 0, 14, 1], "texture": "#7"},
				"up": {"uv": [0, 0, 3, 14], "texture": "#7"},
				"down": {"uv": [0, 0, 3, 14], "texture": "#7"}
			}
		},
		{
			"name": "Cube",
			"from": [13.2, 9, 12.5],
			"to": [13.7, 15.6, 19.25],
			"faces": {
				"north": {"uv": [0, 0, 3, 1], "texture": "#7"},
				"east": {"uv": [1, 1, 15, 15], "texture": "#7"},
				"south": {"uv": [0, 0, 3, 1], "texture": "#7"},
				"west": {"uv": [1, 1, 15, 15], "texture": "#7"},
				"up": {"uv": [0, 0, 3, 14], "texture": "#7"},
				"down": {"uv": [0, 0, 3, 14], "texture": "#7"}
			}
		},
		{
			"name": "Cube",
			"from": [2, 8, 21],
			"to": [3, 16.5, 22],
			"rotation": {"angle": -22.5, "axis": "x", "origin": [8, 10, 22]},
			"faces": {
				"north": {"uv": [0, 0, 3, 1], "texture": "#0"},
				"east": {"uv": [0, 0, 14, 1], "texture": "#0"},
				"south": {"uv": [0, 0, 3, 1], "texture": "#0"},
				"west": {"uv": [0, 0, 14, 1], "texture": "#0"},
				"up": {"uv": [0, 0, 3, 14], "texture": "#0"},
				"down": {"uv": [0, 0, 3, 14], "texture": "#0"}
			}
		},
		{
			"name": "Cube",
			"from": [2.2, 9, 2.7],
			"to": [2.7, 11.8, 4.8],
			"faces": {
				"north": {"uv": [0, 0, 3, 1], "texture": "#7"},
				"east": {"uv": [1, 1, 15, 15], "texture": "#7"},
				"south": {"uv": [1, 5, 4, 6], "texture": "#7"},
				"west": {"uv": [1, 1, 15, 15], "texture": "#7"},
				"up": {"uv": [0, 0, 3, 14], "texture": "#7"},
				"down": {"uv": [0, 0, 3, 14], "texture": "#7"}
			}
		},
		{
			"name": "Cube",
			"from": [2.2, 11.6, 3.8],
			"to": [2.7, 14.6, 4.8],
			"faces": {
				"north": {"uv": [0, 0, 0.5, 3], "texture": "#7"},
				"east": {"uv": [1, 1, 7, 15], "texture": "#7"},
				"south": {"uv": [0, 0, 3, 1], "texture": "#7"},
				"west": {"uv": [0, 0, 7, 15], "texture": "#7"},
				"up": {"uv": [0, 0, 3, 14], "texture": "#7"},
				"down": {"uv": [0, 0, 3, 14], "texture": "#7"}
			}
		},
		{
			"name": "Cube",
			"from": [2.2, 9, 4.7],
			"to": [2.7, 15.6, 11.5],
			"faces": {
				"north": {"uv": [0, 0, 3, 1], "texture": "#7"},
				"east": {"uv": [1, 1, 15, 15], "texture": "#7"},
				"south": {"uv": [0, 0, 3, 1], "texture": "#7"},
				"west": {"uv": [1, 1, 15, 15], "texture": "#7"},
				"up": {"uv": [0, 0, 3, 14], "texture": "#7"},
				"down": {"uv": [0, 0, 3, 14], "texture": "#7"}
			}
		},
		{
			"name": "Cube",
			"from": [2.2, 9, 12.5],
			"to": [2.7, 15.6, 19.25],
			"faces": {
				"north": {"uv": [0, 0, 3, 1], "texture": "#7"},
				"east": {"uv": [1, 1, 15, 15], "texture": "#7"},
				"south": {"uv": [0, 0, 3, 1], "texture": "#7"},
				"west": {"uv": [1, 1, 15, 15], "texture": "#7"},
				"up": {"uv": [0, 0, 3, 14], "texture": "#7"},
				"down": {"uv": [0, 0, 3, 14], "texture": "#7"}
			}
		},
		{
			"name": "Cube",
			"from": [13.2, 9, 19.2],
			"to": [13.7, 11.8, 21.3],
			"faces": {
				"north": {"uv": [0, 0, 3, 1], "texture": "#7"},
				"east": {"uv": [1, 1, 15, 15], "texture": "#7"},
				"south": {"uv": [1, 5, 4, 6], "texture": "#7"},
				"west": {"uv": [1, 1, 15, 15], "texture": "#7"},
				"up": {"uv": [0, 0, 3, 14], "texture": "#7"},
				"down": {"uv": [0, 0, 3, 14], "texture": "#7"}
			}
		},
		{
			"name": "Cube",
			"from": [2.2, 9, 19.2],
			"to": [2.7, 11.8, 21.3],
			"faces": {
				"north": {"uv": [0, 0, 3, 1], "texture": "#7"},
				"east": {"uv": [1, 1, 15, 15], "texture": "#7"},
				"south": {"uv": [1, 5, 4, 6], "texture": "#7"},
				"west": {"uv": [1, 1, 15, 15], "texture": "#7"},
				"up": {"uv": [0, 0, 3, 14], "texture": "#7"},
				"down": {"uv": [0, 0, 3, 14], "texture": "#7"}
			}
		},
		{
			"name": "Cube",
			"from": [13.2, 11.6, 19.2],
			"to": [13.7, 14.6, 20.2],
			"faces": {
				"north": {"uv": [0, 0, 0.5, 3], "texture": "#7"},
				"east": {"uv": [1, 1, 7, 15], "texture": "#7"},
				"south": {"uv": [0, 0, 3, 1], "texture": "#7"},
				"west": {"uv": [0, 0, 7, 15], "texture": "#7"},
				"up": {"uv": [0, 0, 3, 14], "texture": "#7"},
				"down": {"uv": [0, 0, 3, 14], "texture": "#7"}
			}
		},
		{
			"name": "Cube",
			"from": [2.2, 11.6, 19.2],
			"to": [2.7, 14.6, 20.2],
			"faces": {
				"north": {"uv": [0, 0, 0.5, 3], "texture": "#7"},
				"east": {"uv": [1, 1, 7, 15], "texture": "#7"},
				"south": {"uv": [0, 0, 3, 1], "texture": "#7"},
				"west": {"uv": [0, 0, 7, 15], "texture": "#7"},
				"up": {"uv": [0, 0, 3, 14], "texture": "#7"},
				"down": {"uv": [0, 0, 3, 14], "texture": "#7"}
			}
		},
		{
			"name": "Cube",
			"from": [8, 7, 21.2],
			"to": [13, 16, 21.7],
			"rotation": {"angle": -22.5, "axis": "x", "origin": [8, 10, 22]},
			"faces": {
				"north": {"uv": [1, 1, 15, 15], "texture": "#7"},
				"east": {"uv": [0, 0, 14, 1], "texture": "#7"},
				"south": {"uv": [1, 1, 15, 15], "texture": "#7"},
				"west": {"uv": [0, 0, 14, 1], "texture": "#7"},
				"up": {"uv": [0, 0, 3, 14], "texture": "#7"},
				"down": {"uv": [0, 0, 3, 14], "texture": "#7"}
			}
		},
		{
			"name": "Cube",
			"from": [3, 7, 21.2],
			"to": [8, 16, 21.7],
			"rotation": {"angle": -22.5, "axis": "x", "origin": [8, 10, 22]},
			"faces": {
				"north": {"uv": [1, 1, 15, 15], "texture": "#7"},
				"east": {"uv": [0, 0, 14, 1], "texture": "#7"},
				"south": {"uv": [1, 1, 15, 15], "texture": "#7"},
				"west": {"uv": [0, 0, 14, 1], "texture": "#7"},
				"up": {"uv": [0, 0, 3, 14], "texture": "#7"},
				"down": {"uv": [0, 0, 3, 14], "texture": "#7"}
			}
		},
		{
			"name": "Cube",
			"from": [1.5, 1, 22.5],
			"to": [14.5, 3, 23.5],
			"faces": {
				"north": {"uv": [0, 0, 16, 16], "texture": "#2"},
				"east": {"uv": [0, 0, 3, 16], "texture": "#2"},
				"south": {"uv": [0, 0, 16, 16], "texture": "#2"},
				"west": {"uv": [3, 0, 0, 16], "texture": "#2"},
				"up": {"uv": [0, 0, 3, 14], "texture": "#2"},
				"down": {"uv": [0, 0, 3, 14], "texture": "#2"}
			}
		},
		{
			"name": "Cube",
			"from": [6, 3.5, 22.2],
			"to": [10, 5.5, 23.2],
			"faces": {
				"north": {"uv": [0, 0, 16, 16], "texture": "#4"},
				"east": {"uv": [0, 0, 14, 1], "texture": "#4"},
				"south": {"uv": [0, 16, 16, 0], "texture": "#4"},
				"west": {"uv": [0, 0, 14, 1], "texture": "#4"},
				"up": {"uv": [0, 0, 3, 14], "texture": "#4"},
				"down": {"uv": [0, 0, 3, 14], "texture": "#4"}
			}
		},
		{
			"name": "Cube",
			"from": [0.5, 8.5, 1],
			"to": [2, 10, 2],
			"faces": {
				"north": {"uv": [0, 0, 3, 1], "texture": "#0"},
				"east": {"uv": [0, 0, 14, 1], "texture": "#0"},
				"south": {"uv": [0, 0, 3, 1], "texture": "#0"},
				"west": {"uv": [0, 0, 14, 1], "texture": "#0"},
				"up": {"uv": [0, 0, 3, 14], "texture": "#0"},
				"down": {"uv": [0, 0, 3, 14], "texture": "#0"}
			}
		},
		{
			"name": "Cube",
			"from": [14, 8.5, 1],
			"to": [15.5, 10, 2],
			"faces": {
				"north": {"uv": [0, 0, 3, 1], "texture": "#0"},
				"east": {"uv": [0, 0, 14, 1], "texture": "#0"},
				"south": {"uv": [0, 0, 3, 1], "texture": "#0"},
				"west": {"uv": [0, 0, 14, 1], "texture": "#0"},
				"up": {"uv": [0, 0, 3, 14], "texture": "#0"},
				"down": {"uv": [0, 0, 3, 14], "texture": "#0"}
			}
		},
		{
			"name": "Cube",
			"from": [0.5, 8.5, 2],
			"to": [2, 10, 2.1],
			"faces": {
				"north": {"uv": [0, 0, 3, 1], "texture": "#4"},
				"east": {"uv": [0, 0, 14, 1], "texture": "#4"},
				"south": {"uv": [0, 0, 3, 1], "texture": "#4"},
				"west": {"uv": [0, 0, 14, 1], "texture": "#4"},
				"up": {"uv": [0, 0, 3, 14], "texture": "#4"},
				"down": {"uv": [0, 0, 3, 14], "texture": "#4"}
			}
		},
		{
			"name": "Cube",
			"from": [14, 8.5, 2],
			"to": [15.5, 10, 2.1],
			"faces": {
				"north": {"uv": [0, 0, 3, 1], "texture": "#4"},
				"east": {"uv": [0, 0, 14, 1], "texture": "#4"},
				"south": {"uv": [0, 0, 3, 1], "texture": "#4"},
				"west": {"uv": [0, 0, 14, 1], "texture": "#4"},
				"up": {"uv": [0, 0, 3, 14], "texture": "#4"},
				"down": {"uv": [0, 0, 3, 14], "texture": "#4"}
			}
		},
		{
			"name": "Cube",
			"from": [2, 7, 11.5],
			"to": [3, 15, 12.5],
			"faces": {
				"north": {"uv": [0, 0, 3, 1], "texture": "#0"},
				"east": {"uv": [0, 0, 14, 1], "texture": "#0"},
				"south": {"uv": [0, 0, 3, 1], "texture": "#0"},
				"west": {"uv": [0, 0, 14, 1], "texture": "#0"},
				"up": {"uv": [0, 0, 3, 14], "texture": "#0"},
				"down": {"uv": [0, 0, 3, 14], "texture": "#0"}
			}
		},
		{
			"name": "Cube",
			"from": [13, 7, 11.5],
			"to": [14, 15, 12.5],
			"faces": {
				"north": {"uv": [0, 0, 3, 1], "texture": "#0"},
				"east": {"uv": [0, 0, 14, 1], "texture": "#0"},
				"south": {"uv": [0, 0, 3, 1], "texture": "#0"},
				"west": {"uv": [0, 0, 14, 1], "texture": "#0"},
				"up": {"uv": [0, 0, 3, 14], "texture": "#0"},
				"down": {"uv": [0, 0, 3, 14], "texture": "#0"}
			}
		},
		{
			"name": "Cube",
			"from": [2.1, 9.28436, 2.92409],
			"to": [2.3, 15.88436, 3.12409],
			"rotation": {"angle": 22.5, "axis": "x", "origin": [8, 10, 2]},
			"faces": {
				"north": {"uv": [0, 0, 3, 1], "texture": "#6"},
				"east": {"uv": [0, 0, 14, 1], "texture": "#6"},
				"south": {"uv": [0, 0, 16, 16], "texture": "#6"},
				"west": {"uv": [0, 0, 14, 1], "texture": "#6"},
				"up": {"uv": [0, 0, 3, 14], "texture": "#6"},
				"down": {"uv": [0, 0, 3, 14], "texture": "#6"}
			}
		},
		{
			"name": "Cube",
			"from": [13.7, 9.28436, 2.92409],
			"to": [13.9, 15.88436, 3.12409],
			"rotation": {"angle": 22.5, "axis": "x", "origin": [8, 10, 2]},
			"faces": {
				"north": {"uv": [0, 0, 3, 1], "texture": "#6"},
				"east": {"uv": [0, 0, 14, 1], "texture": "#6"},
				"south": {"uv": [0, 0, 16, 16], "texture": "#6"},
				"west": {"uv": [0, 0, 14, 1], "texture": "#6"},
				"up": {"uv": [0, 0, 3, 14], "texture": "#6"},
				"down": {"uv": [0, 0, 3, 14], "texture": "#6"}
			}
		},
		{
			"name": "Cube",
			"from": [2.1, 14.7877, 5.13267],
			"to": [2.3, 14.9877, 18.73267],
			"rotation": {"angle": 0, "axis": "x", "origin": [8, 10, 2]},
			"faces": {
				"north": {"uv": [0, 0, 3, 14], "rotation": 180, "texture": "#6"},
				"east": {"uv": [0, 0, 14, 1], "rotation": 270, "texture": "#6"},
				"south": {"uv": [0, 0, 3, 14], "texture": "#6"},
				"west": {"uv": [0, 0, 14, 1], "rotation": 90, "texture": "#6"},
				"up": {"uv": [0, 0, 3, 1], "rotation": 180, "texture": "#6"},
				"down": {"uv": [0, 0, 16, 16], "texture": "#6"}
			}
		},
		{
			"name": "Cube",
			"from": [13.7, 14.7877, 5.13267],
			"to": [13.9, 14.9877, 18.73267],
			"rotation": {"angle": 0, "axis": "x", "origin": [8, 10, 2]},
			"faces": {
				"north": {"uv": [0, 0, 3, 14], "rotation": 180, "texture": "#6"},
				"east": {"uv": [0, 0, 14, 1], "rotation": 270, "texture": "#6"},
				"south": {"uv": [0, 0, 3, 14], "texture": "#6"},
				"west": {"uv": [0, 0, 14, 1], "rotation": 90, "texture": "#6"},
				"up": {"uv": [0, 0, 3, 1], "rotation": 180, "texture": "#6"},
				"down": {"uv": [0, 0, 16, 16], "texture": "#6"}
			}
		},
		{
			"name": "Cube",
			"from": [2.7, 8.6877, 1.63267],
			"to": [13.9, 9.0877, 1.93267],
			"rotation": {"angle": 0, "axis": "x", "origin": [8, 10, 2]},
			"faces": {
				"north": {"uv": [0, 0, 3, 14], "rotation": 180, "texture": "#6"},
				"east": {"uv": [0, 0, 14, 1], "rotation": 270, "texture": "#6"},
				"south": {"uv": [0, 0, 3, 14], "texture": "#6"},
				"west": {"uv": [0, 0, 14, 1], "rotation": 90, "texture": "#6"},
				"up": {"uv": [0, 0, 3, 1], "rotation": 180, "texture": "#6"},
				"down": {"uv": [0, 0, 16, 16], "texture": "#6"}
			}
		},
		{
			"name": "Cube",
			"from": [2.7, 8.6877, 21.63267],
			"to": [13.9, 9.0877, 21.93267],
			"rotation": {"angle": 0, "axis": "x", "origin": [8, 10, 2]},
			"faces": {
				"north": {"uv": [0, 0, 3, 14], "rotation": 180, "texture": "#6"},
				"east": {"uv": [0, 0, 14, 1], "rotation": 270, "texture": "#6"},
				"south": {"uv": [0, 0, 3, 14], "texture": "#6"},
				"west": {"uv": [0, 0, 14, 1], "rotation": 90, "texture": "#6"},
				"up": {"uv": [0, 0, 3, 1], "rotation": 180, "texture": "#6"},
				"down": {"uv": [0, 0, 16, 16], "texture": "#6"}
			}
		},
		{
			"name": "Cube",
			"from": [3, 14.9877, 4.13267],
			"to": [13, 15.1877, 4.43267],
			"rotation": {"angle": 0, "axis": "x", "origin": [8, 10, 2]},
			"faces": {
				"north": {"uv": [0, 0, 3, 14], "rotation": 180, "texture": "#6"},
				"east": {"uv": [0, 0, 14, 1], "rotation": 270, "texture": "#6"},
				"south": {"uv": [0, 0, 3, 14], "texture": "#6"},
				"west": {"uv": [0, 0, 14, 1], "rotation": 90, "texture": "#6"},
				"up": {"uv": [0, 0, 3, 1], "rotation": 180, "texture": "#6"},
				"down": {"uv": [0, 0, 16, 16], "texture": "#6"}
			}
		},
		{
			"name": "Cube",
			"from": [2.7, 14.7877, 19.33267],
			"to": [13.9, 15.1877, 19.63267],
			"rotation": {"angle": 0, "axis": "x", "origin": [8, 10, 2]},
			"faces": {
				"north": {"uv": [0, 0, 3, 14], "rotation": 180, "texture": "#6"},
				"east": {"uv": [0, 0, 14, 1], "rotation": 270, "texture": "#6"},
				"south": {"uv": [0, 0, 3, 14], "texture": "#6"},
				"west": {"uv": [0, 0, 14, 1], "rotation": 90, "texture": "#6"},
				"up": {"uv": [0, 0, 3, 1], "rotation": 180, "texture": "#6"},
				"down": {"uv": [0, 0, 16, 16], "texture": "#6"}
			}
		},
		{
			"name": "Cube",
			"from": [2.1, 8.7877, 2.73267],
			"to": [2.3, 9.1877, 21.43267],
			"rotation": {"angle": 0, "axis": "x", "origin": [8, 10, 2]},
			"faces": {
				"north": {"uv": [0, 0, 3, 14], "rotation": 180, "texture": "#6"},
				"east": {"uv": [0, 0, 14, 1], "rotation": 270, "texture": "#6"},
				"south": {"uv": [0, 0, 3, 14], "texture": "#6"},
				"west": {"uv": [0, 0, 14, 1], "rotation": 90, "texture": "#6"},
				"up": {"uv": [0, 0, 3, 1], "rotation": 180, "texture": "#6"},
				"down": {"uv": [0, 0, 16, 16], "texture": "#6"}
			}
		},
		{
			"name": "Cube",
			"from": [13.7, 8.7877, 2.73267],
			"to": [13.9, 9.1877, 21.43267],
			"rotation": {"angle": 0, "axis": "x", "origin": [8, 10, 2]},
			"faces": {
				"north": {"uv": [0, 0, 3, 14], "rotation": 180, "texture": "#6"},
				"east": {"uv": [0, 0, 14, 1], "rotation": 270, "texture": "#6"},
				"south": {"uv": [0, 0, 3, 14], "texture": "#6"},
				"west": {"uv": [0, 0, 14, 1], "rotation": 90, "texture": "#6"},
				"up": {"uv": [0, 0, 3, 1], "rotation": 180, "texture": "#6"},
				"down": {"uv": [0, 0, 16, 16], "texture": "#6"}
			}
		},
		{
			"name": "Cube",
			"from": [2.1, 8.7877, 11.33267],
			"to": [2.3, 14.7877, 11.53267],
			"rotation": {"angle": 0, "axis": "x", "origin": [8, 10, 2]},
			"faces": {
				"north": {"uv": [0, 0, 3, 14], "rotation": 180, "texture": "#6"},
				"east": {"uv": [0, 0, 14, 1], "rotation": 270, "texture": "#6"},
				"south": {"uv": [0, 0, 3, 14], "texture": "#6"},
				"west": {"uv": [0, 0, 14, 1], "rotation": 90, "texture": "#6"},
				"up": {"uv": [0, 0, 3, 1], "rotation": 180, "texture": "#6"},
				"down": {"uv": [0, 0, 16, 16], "texture": "#6"}
			}
		},
		{
			"name": "Cube",
			"from": [13.7, 8.7877, 11.33267],
			"to": [13.9, 14.7877, 11.53267],
			"rotation": {"angle": 0, "axis": "x", "origin": [8, 10, 2]},
			"faces": {
				"north": {"uv": [0, 0, 3, 14], "rotation": 180, "texture": "#6"},
				"east": {"uv": [0, 0, 14, 1], "rotation": 270, "texture": "#6"},
				"south": {"uv": [0, 0, 3, 14], "texture": "#6"},
				"west": {"uv": [0, 0, 14, 1], "rotation": 90, "texture": "#6"},
				"up": {"uv": [0, 0, 3, 1], "rotation": 180, "texture": "#6"},
				"down": {"uv": [0, 0, 16, 16], "texture": "#6"}
			}
		},
		{
			"name": "Cube",
			"from": [2.1, 8.7877, 12.43267],
			"to": [2.3, 14.7877, 12.63267],
			"rotation": {"angle": 0, "axis": "x", "origin": [8, 10, 2]},
			"faces": {
				"north": {"uv": [0, 0, 3, 14], "rotation": 180, "texture": "#6"},
				"east": {"uv": [0, 0, 14, 1], "rotation": 270, "texture": "#6"},
				"south": {"uv": [0, 0, 3, 14], "texture": "#6"},
				"west": {"uv": [0, 0, 14, 1], "rotation": 90, "texture": "#6"},
				"up": {"uv": [0, 0, 3, 1], "rotation": 180, "texture": "#6"},
				"down": {"uv": [0, 0, 16, 16], "texture": "#6"}
			}
		},
		{
			"name": "Cube",
			"from": [13.7, 8.7877, 12.43267],
			"to": [13.9, 14.7877, 12.63267],
			"rotation": {"angle": 0, "axis": "x", "origin": [8, 10, 2]},
			"faces": {
				"north": {"uv": [0, 0, 3, 14], "rotation": 180, "texture": "#6"},
				"east": {"uv": [0, 0, 14, 1], "rotation": 270, "texture": "#6"},
				"south": {"uv": [0, 0, 3, 14], "texture": "#6"},
				"west": {"uv": [0, 0, 14, 1], "rotation": 90, "texture": "#6"},
				"up": {"uv": [0, 0, 3, 1], "rotation": 180, "texture": "#6"},
				"down": {"uv": [0, 0, 16, 16], "texture": "#6"}
			}
		},
		{
			"name": "Cube",
			"from": [2.1, 1.58042, 19.24777],
			"to": [2.3, 8.18042, 19.44777],
			"rotation": {"angle": -22.5, "axis": "x", "origin": [8, 10, 2]},
			"faces": {
				"north": {"uv": [0, 0, 3, 1], "texture": "#6"},
				"east": {"uv": [0, 0, 14, 1], "texture": "#6"},
				"south": {"uv": [0, 0, 16, 16], "texture": "#6"},
				"west": {"uv": [0, 0, 14, 1], "texture": "#6"},
				"up": {"uv": [0, 0, 3, 14], "texture": "#6"},
				"down": {"uv": [0, 0, 3, 14], "texture": "#6"}
			}
		},
		{
			"name": "Cube",
			"from": [13.7, 1.58042, 19.24777],
			"to": [13.9, 8.18042, 19.44777],
			"rotation": {"angle": -22.5, "axis": "x", "origin": [8, 10, 2]},
			"faces": {
				"north": {"uv": [0, 0, 3, 1], "texture": "#6"},
				"east": {"uv": [0, 0, 14, 1], "texture": "#6"},
				"south": {"uv": [0, 0, 16, 16], "texture": "#6"},
				"west": {"uv": [0, 0, 14, 1], "texture": "#6"},
				"up": {"uv": [0, 0, 3, 14], "texture": "#6"},
				"down": {"uv": [0, 0, 3, 14], "texture": "#6"}
			}
		}
	],
	"display": {
		"thirdperson_righthand": {
			"rotation": [75, 0, 0],
			"translation": [0, -1.25, -1],
			"scale": [0.4, 0.4, 0.4]
		},
		"thirdperson_lefthand": {
			"rotation": [75, 0, 0],
			"translation": [0, -1.25, -1],
			"scale": [0.4, 0.4, 0.4]
		},
		"firstperson_righthand": {
			"rotation": [0, 55, 11],
			"translation": [0, 3, 0],
			"scale": [0.4, 0.4, 0.4]
		},
		"firstperson_lefthand": {
			"rotation": [0, 55, 11],
			"translation": [0, 3, 0],
			"scale": [0.4, 0.4, 0.4]
		},
		"ground": {
			"rotation": [0, 90, 0],
			"translation": [0, 3.5, 0],
			"scale": [0.5, 0.5, 0.5]
		},
		"gui": {
			"rotation": [18, 150, 0],
			"scale": [0.6, 0.6, 0.6]
		},
		"head": {
			"translation": [0, -26, 0],
			"scale": [5, 5, 5]
		},
		"fixed": {
			"rotation": [0, 90, 0],
			"translation": [0, 0, -3.5],
			"scale": [0.6, 0.6, 0.6]
		}
	},
	"groups": [0, 1, 2, 3, 4, 5, 6, 7, 8, 9, 10, 11, 12, 13, 14, 15, 16, 17, 18, 19, 20, 21, 22, 23, 24, 25, 26, 27, 28, 29, 30, 31, 32, 33, 34, 35, 36, 37, 38, 39, 40, 41, 42, 43, 44, 45, 46, 47, 48, 49, 50, 51, 52, 53, 54, 55, 56, 57, 58, 59, 60, 61, 62, 63, 64, 65, 66, 67, 68,
		{
			"name": "sedanwhite",
			"origin": [8, 8, 8],
			"children": [69, 70, 71, 72, 73, 74, 75, 76, 77, 78, 79, 80, 81, 82, 83, 84]
		}
	]
}