{
	"credit": "Made with Blockbench",
	"parent": "minecraft:item/truckwhite",
	"textures": {
		"0": "block/light_blue_concrete",
		"1": "block/gray_wool",
		"2": "block/polished_andesite",
		"3": "block/yellow_terracotta",
		"4": "block/iron_block",
		"5": "block/pink_terracotta",
		"6": "block/cyan_terracotta",
		"7": "block/glass"
	},
	"display": {
		"thirdperson_righthand": {
			"rotation": [75, 0, 0],
			"translation": [0, -1.25, -1],
			"scale": [0.4, 0.4, 0.4]
		},
		"thirdperson_lefthand": {
			"rotation": [75, 0, 0],
			"translation": [0, -1.25, -1],
			"scale": [0.4, 0.4, 0.4]
		},
		"firstperson_righthand": {
			"rotation": [0, 55, 11],
			"translation": [0, 3, 0],
			"scale": [0.4, 0.4, 0.4]
		},
		"firstperson_lefthand": {
			"rotation": [0, 55, 11],
			"translation": [0, 3, 0],
			"scale": [0.4, 0.4, 0.4]
		},
		"ground": {
			"rotation": [0, 90, 0],
			"translation": [0, 3.5, 0],
			"scale": [0.5, 0.5, 0.5]
		},
		"gui": {
			"rotation": [18, 150, 0],
			"scale": [0.6, 0.6, 0.6]
		},
		"head": {
			"translation": [0, -26, 0],
			"scale": [5, 5, 5]
		},
		"fixed": {
			"rotation": [0, 90, 0],
			"translation": [0, 0, -3.5],
			"scale": [0.6, 0.6, 0.6]
		}
	}
}