{
	"credit": "Made with Blockbench",
	"textures": {
		"0": "custom/anim1",
		"1": "custom/anim2",
		"2": "custom/anim3",
		"3": "custom/anim4"
	},
	"elements": [
		{
			"name": "tire1",
			"from": [12.5, -0.1, -3.1],
			"to": [14, 4.1, 1.1],
			"faces": {
				"north": {"uv": [0, 0, 8, 2], "texture": "#0"},
				"east": {"uv": [0, 0, 8, 2], "texture": "#0"},
				"south": {"uv": [0, 0, 8, 2], "texture": "#0"},
				"west": {"uv": [0, 0, 8, 2], "texture": "#0"},
				"up": {"uv": [0, 0, 8, 2], "texture": "#0"},
				"down": {"uv": [0, 0, 8, 2], "texture": "#0"}
			}
		},
		{
			"name": "tire1",
			"from": [12.5, -0.1, 15.9],
			"to": [14, 4.1, 20.1],
			"faces": {
				"north": {"uv": [0, 0, 8, 2], "texture": "#0"},
				"east": {"uv": [0, 0, 8, 2], "texture": "#0"},
				"south": {"uv": [0, 0, 8, 2], "texture": "#0"},
				"west": {"uv": [0, 0, 8, 2], "texture": "#0"},
				"up": {"uv": [0, 0, 8, 2], "texture": "#0"},
				"down": {"uv": [0, 0, 8, 2], "texture": "#0"}
			}
		},
		{
			"name": "tire1",
			"from": [2, -0.1, 15.9],
			"to": [3.5, 4.1, 20.1],
			"faces": {
				"north": {"uv": [0, 0, 8, 2], "texture": "#0"},
				"east": {"uv": [0, 0, 8, 2], "texture": "#0"},
				"south": {"uv": [0, 0, 8, 2], "texture": "#0"},
				"west": {"uv": [0, 0, 8, 2], "texture": "#0"},
				"up": {"uv": [0, 0, 8, 2], "texture": "#0"},
				"down": {"uv": [0, 0, 8, 2], "texture": "#0"}
			}
		},
		{
			"name": "tire1",
			"from": [2, -0.1, -3.1],
			"to": [3.5, 4.1, 1.1],
			"faces": {
				"north": {"uv": [0, 0, 8, 2], "texture": "#0"},
				"east": {"uv": [0, 0, 8, 2], "texture": "#0"},
				"south": {"uv": [0, 0, 8, 2], "texture": "#0"},
				"west": {"uv": [0, 0, 8, 2], "texture": "#0"},
				"up": {"uv": [0, 0, 8, 2], "texture": "#0"},
				"down": {"uv": [0, 0, 8, 2], "texture": "#0"}
			}
		},
		{
			"name": "wheel1",
			"from": [1.8, 0.7, 16.7],
			"to": [3.3, 3.3, 19.3],
			"faces": {
				"north": {"uv": [8, 0, 9, 2], "texture": "#0"},
				"east": {"uv": [8, 0, 16, 2], "texture": "#0"},
				"south": {"uv": [8, 0, 9, 2], "texture": "#0"},
				"west": {"uv": [8, 0, 16, 2], "texture": "#0"},
				"up": {"uv": [8, 0, 9, 2], "texture": "#0"},
				"down": {"uv": [8, 0, 9, 2], "texture": "#0"}
			}
		},
		{
			"name": "wheel1",
			"from": [12.8, 0.7, 16.7],
			"to": [14.3, 3.3, 19.3],
			"faces": {
				"north": {"uv": [8, 0, 9, 2], "texture": "#0"},
				"east": {"uv": [8, 0, 16, 2], "texture": "#0"},
				"south": {"uv": [8, 0, 9, 2], "texture": "#0"},
				"west": {"uv": [8, 0, 16, 2], "texture": "#0"},
				"up": {"uv": [8, 0, 9, 2], "texture": "#0"},
				"down": {"uv": [8, 0, 9, 2], "texture": "#0"}
			}
		},
		{
			"name": "wheel1",
			"from": [12.8, 0.7, -2.3],
			"to": [14.3, 3.3, 0.3],
			"faces": {
				"north": {"uv": [8, 0, 9, 2], "texture": "#0"},
				"east": {"uv": [8, 0, 16, 2], "texture": "#0"},
				"south": {"uv": [8, 0, 9, 2], "texture": "#0"},
				"west": {"uv": [8, 0, 16, 2], "texture": "#0"},
				"up": {"uv": [8, 0, 9, 2], "texture": "#0"},
				"down": {"uv": [8, 0, 9, 2], "texture": "#0"}
			}
		},
		{
			"name": "wheel1",
			"from": [1.8, 0.7, -2.3],
			"to": [3.3, 3.3, 0.3],
			"faces": {
				"north": {"uv": [8, 0, 9, 2], "texture": "#0"},
				"east": {"uv": [8, 0, 16, 2], "texture": "#0"},
				"south": {"uv": [8, 0, 9, 2], "texture": "#0"},
				"west": {"uv": [8, 0, 16, 2], "texture": "#0"},
				"up": {"uv": [8, 0, 9, 2], "texture": "#0"},
				"down": {"uv": [8, 0, 9, 2], "texture": "#0"}
			}
		},
		{
			"name": "axle1",
			"from": [3.4, 1.7, -1.3],
			"to": [12.6, 2.3, -0.7],
			"faces": {
				"north": {"uv": [0, 2, 8, 4], "texture": "#0"},
				"east": {"uv": [0, 2, 8, 4], "texture": "#0"},
				"south": {"uv": [0, 2, 8, 4], "texture": "#0"},
				"west": {"uv": [0, 2, 8, 4], "texture": "#0"},
				"up": {"uv": [0, 2, 8, 4], "texture": "#0"},
				"down": {"uv": [0, 2, 8, 4], "texture": "#0"}
			}
		},
		{
			"name": "axle1",
			"from": [3.4, 1.7, 17.7],
			"to": [12.6, 2.3, 18.3],
			"faces": {
				"north": {"uv": [0, 2, 8, 4], "texture": "#0"},
				"east": {"uv": [0, 2, 8, 4], "texture": "#0"},
				"south": {"uv": [0, 2, 8, 4], "texture": "#0"},
				"west": {"uv": [0, 2, 8, 4], "texture": "#0"},
				"up": {"uv": [0, 2, 8, 4], "texture": "#0"},
				"down": {"uv": [0, 2, 8, 4], "texture": "#0"}
			}
		},
		{
			"name": "tire2",
			"from": [12.5, -0.48268, 15.82388],
			"to": [14, 3.71732, 20.02388],
			"rotation": {"angle": -22.5, "axis": "x", "origin": [8, 2, 17]},
			"faces": {
				"north": {"uv": [0, 4, 8, 6], "texture": "#1"},
				"east": {"uv": [0, 4, 8, 6], "texture": "#1"},
				"south": {"uv": [0, 4, 8, 6], "texture": "#1"},
				"west": {"uv": [0, 4, 8, 6], "texture": "#1"},
				"up": {"uv": [0, 4, 8, 6], "texture": "#1"},
				"down": {"uv": [0, 4, 8, 6], "texture": "#1"}
			}
		},
		{
			"name": "tire2",
			"from": [12.5, -0.1, -3.1],
			"to": [14, 4.1, 1.1],
			"rotation": {"angle": -22.5, "axis": "x", "origin": [8, 2, -1]},
			"faces": {
				"north": {"uv": [0, 4, 8, 6], "texture": "#1"},
				"east": {"uv": [0, 4, 8, 6], "texture": "#1"},
				"south": {"uv": [0, 4, 8, 6], "texture": "#1"},
				"west": {"uv": [0, 4, 8, 6], "texture": "#1"},
				"up": {"uv": [0, 4, 8, 6], "texture": "#1"},
				"down": {"uv": [0, 4, 8, 6], "texture": "#1"}
			}
		},
		{
			"name": "tire2",
			"from": [2, -0.1, -3.1],
			"to": [3.5, 4.1, 1.1],
			"rotation": {"angle": -22.5, "axis": "x", "origin": [8, 2, -1]},
			"faces": {
				"north": {"uv": [0, 4, 8, 6], "texture": "#1"},
				"east": {"uv": [0, 4, 8, 6], "texture": "#1"},
				"south": {"uv": [0, 4, 8, 6], "texture": "#1"},
				"west": {"uv": [0, 4, 8, 6], "texture": "#1"},
				"up": {"uv": [0, 4, 8, 6], "texture": "#1"},
				"down": {"uv": [0, 4, 8, 6], "texture": "#1"}
			}
		},
		{
			"name": "tire2",
			"from": [2, -0.48268, 15.82388],
			"to": [3.5, 3.71732, 20.02388],
			"rotation": {"angle": -22.5, "axis": "x", "origin": [8, 2, 17]},
			"faces": {
				"north": {"uv": [0, 4, 8, 6], "texture": "#1"},
				"east": {"uv": [0, 4, 8, 6], "texture": "#1"},
				"south": {"uv": [0, 4, 8, 6], "texture": "#1"},
				"west": {"uv": [0, 4, 8, 6], "texture": "#1"},
				"up": {"uv": [0, 4, 8, 6], "texture": "#1"},
				"down": {"uv": [0, 4, 8, 6], "texture": "#1"}
			}
		},
		{
			"name": "wheel2",
			"from": [1.8, 0.31732, 16.62388],
			"to": [3.3, 2.91732, 19.22388],
			"rotation": {"angle": -22.5, "axis": "x", "origin": [8, 2, 17]},
			"faces": {
				"north": {"uv": [8, 4, 9, 6], "texture": "#1"},
				"east": {"uv": [8, 4, 16, 6], "texture": "#1"},
				"south": {"uv": [8, 4, 9, 6], "texture": "#1"},
				"west": {"uv": [8, 4, 16, 6], "texture": "#1"},
				"up": {"uv": [8, 4, 9, 6], "texture": "#1"},
				"down": {"uv": [8, 4, 9, 6], "texture": "#1"}
			}
		},
		{
			"name": "wheel2",
			"from": [12.8, 0.31732, 16.62388],
			"to": [14.3, 2.91732, 19.22388],
			"rotation": {"angle": -22.5, "axis": "x", "origin": [8, 2, 17]},
			"faces": {
				"north": {"uv": [8, 4, 9, 6], "texture": "#1"},
				"east": {"uv": [8, 4, 16, 6], "texture": "#1"},
				"south": {"uv": [8, 4, 9, 6], "texture": "#1"},
				"west": {"uv": [8, 4, 16, 6], "texture": "#1"},
				"up": {"uv": [8, 4, 9, 6], "texture": "#1"},
				"down": {"uv": [8, 4, 9, 6], "texture": "#1"}
			}
		},
		{
			"name": "wheel2",
			"from": [12.8, 0.7, -2.3],
			"to": [14.3, 3.3, 0.3],
			"rotation": {"angle": -22.5, "axis": "x", "origin": [8, 2, -1]},
			"faces": {
				"north": {"uv": [8, 4, 9, 6], "texture": "#1"},
				"east": {"uv": [8, 4, 16, 6], "texture": "#1"},
				"south": {"uv": [8, 4, 9, 6], "texture": "#1"},
				"west": {"uv": [8, 4, 16, 6], "texture": "#1"},
				"up": {"uv": [8, 4, 9, 6], "texture": "#1"},
				"down": {"uv": [8, 4, 9, 6], "texture": "#1"}
			}
		},
		{
			"name": "wheel2",
			"from": [1.8, 0.7, -2.3],
			"to": [3.3, 3.3, 0.3],
			"rotation": {"angle": -22.5, "axis": "x", "origin": [8, 2, -1]},
			"faces": {
				"north": {"uv": [8, 4, 9, 6], "texture": "#1"},
				"east": {"uv": [8, 4, 16, 6], "texture": "#1"},
				"south": {"uv": [8, 4, 9, 6], "texture": "#1"},
				"west": {"uv": [8, 4, 16, 6], "texture": "#1"},
				"up": {"uv": [8, 4, 9, 6], "texture": "#1"},
				"down": {"uv": [8, 4, 9, 6], "texture": "#1"}
			}
		},
		{
			"name": "axle2",
			"from": [3.4, 1.7, -1.3],
			"to": [12.6, 2.3, -0.7],
			"rotation": {"angle": -22.5, "axis": "x", "origin": [8, 2, -1]},
			"faces": {
				"north": {"uv": [0, 6, 8, 8], "texture": "#1"},
				"east": {"uv": [0, 6, 8, 8], "texture": "#1"},
				"south": {"uv": [0, 6, 8, 8], "texture": "#1"},
				"west": {"uv": [0, 6, 8, 8], "texture": "#1"},
				"up": {"uv": [0, 6, 8, 8], "texture": "#1"},
				"down": {"uv": [0, 6, 8, 8], "texture": "#1"}
			}
		},
		{
			"name": "axle2",
			"from": [3.4, 1.31732, 17.62388],
			"to": [12.6, 1.91732, 18.22388],
			"rotation": {"angle": -22.5, "axis": "x", "origin": [8, 2, 17]},
			"faces": {
				"north": {"uv": [0, 6, 8, 8], "texture": "#1"},
				"east": {"uv": [0, 6, 8, 8], "texture": "#1"},
				"south": {"uv": [0, 6, 8, 8], "texture": "#1"},
				"west": {"uv": [0, 6, 8, 8], "texture": "#1"},
				"up": {"uv": [0, 6, 8, 8], "texture": "#1"},
				"down": {"uv": [0, 6, 8, 8], "texture": "#1"}
			}
		},
		{
			"name": "tire3",
			"from": [12.5, -0.80711, 15.60711],
			"to": [14, 3.39289, 19.80711],
			"rotation": {"angle": -45, "axis": "x", "origin": [8, 2, 17]},
			"faces": {
				"north": {"uv": [0, 6, 8, 8], "texture": "#2"},
				"east": {"uv": [0, 6, 8, 8], "texture": "#2"},
				"south": {"uv": [0, 6, 8, 8], "texture": "#2"},
				"west": {"uv": [0, 6, 8, 8], "texture": "#2"},
				"up": {"uv": [0, 6, 8, 8], "texture": "#2"},
				"down": {"uv": [0, 6, 8, 8], "texture": "#2"}
			}
		},
		{
			"name": "tire3",
			"from": [12.5, -0.1, -3.1],
			"to": [14, 4.1, 1.1],
			"rotation": {"angle": -45, "axis": "x", "origin": [8, 2, -1]},
			"faces": {
				"north": {"uv": [0, 6, 8, 8], "texture": "#2"},
				"east": {"uv": [0, 6, 8, 8], "texture": "#2"},
				"south": {"uv": [0, 6, 8, 8], "texture": "#2"},
				"west": {"uv": [0, 6, 8, 8], "texture": "#2"},
				"up": {"uv": [0, 6, 8, 8], "texture": "#2"},
				"down": {"uv": [0, 6, 8, 8], "texture": "#2"}
			}
		},
		{
			"name": "tire3",
			"from": [2, -0.1, -3.1],
			"to": [3.5, 4.1, 1.1],
			"rotation": {"angle": -45, "axis": "x", "origin": [8, 2, -1]},
			"faces": {
				"north": {"uv": [0, 6, 8, 8], "texture": "#2"},
				"east": {"uv": [0, 6, 8, 8], "texture": "#2"},
				"south": {"uv": [0, 6, 8, 8], "texture": "#2"},
				"west": {"uv": [0, 6, 8, 8], "texture": "#2"},
				"up": {"uv": [0, 6, 8, 8], "texture": "#2"},
				"down": {"uv": [0, 6, 8, 8], "texture": "#2"}
			}
		},
		{
			"name": "tire3",
			"from": [2, -0.80711, 15.60711],
			"to": [3.5, 3.39289, 19.80711],
			"rotation": {"angle": -45, "axis": "x", "origin": [8, 2, 17]},
			"faces": {
				"north": {"uv": [0, 6, 8, 8], "texture": "#2"},
				"east": {"uv": [0, 6, 8, 8], "texture": "#2"},
				"south": {"uv": [0, 6, 8, 8], "texture": "#2"},
				"west": {"uv": [0, 6, 8, 8], "texture": "#2"},
				"up": {"uv": [0, 6, 8, 8], "texture": "#2"},
				"down": {"uv": [0, 6, 8, 8], "texture": "#2"}
			}
		},
		{
			"name": "wheel3",
			"from": [1.8, -0.00711, 16.40711],
			"to": [3.3, 2.59289, 19.00711],
			"rotation": {"angle": -45, "axis": "x", "origin": [8, 2, 17]},
			"faces": {
				"north": {"uv": [8, 6, 9, 8], "texture": "#2"},
				"east": {"uv": [8, 6, 16, 8], "texture": "#2"},
				"south": {"uv": [8, 6, 9, 8], "texture": "#2"},
				"west": {"uv": [8, 6, 16, 8], "texture": "#2"},
				"up": {"uv": [8, 6, 9, 8], "texture": "#2"},
				"down": {"uv": [8, 6, 9, 8], "texture": "#2"}
			}
		},
		{
			"name": "wheel3",
			"from": [12.8, -0.00711, 16.40711],
			"to": [14.3, 2.59289, 19.00711],
			"rotation": {"angle": -45, "axis": "x", "origin": [8, 2, 17]},
			"faces": {
				"north": {"uv": [8, 6, 9, 8], "texture": "#2"},
				"east": {"uv": [8, 6, 16, 8], "texture": "#2"},
				"south": {"uv": [8, 6, 9, 8], "texture": "#2"},
				"west": {"uv": [8, 6, 16, 8], "texture": "#2"},
				"up": {"uv": [8, 6, 9, 8], "texture": "#2"},
				"down": {"uv": [8, 6, 9, 8], "texture": "#2"}
			}
		},
		{
			"name": "wheel3",
			"from": [12.8, 0.7, -2.3],
			"to": [14.3, 3.3, 0.3],
			"rotation": {"angle": -45, "axis": "x", "origin": [8, 2, -1]},
			"faces": {
				"north": {"uv": [8, 6, 9, 8], "texture": "#2"},
				"east": {"uv": [8, 6, 16, 8], "texture": "#2"},
				"south": {"uv": [8, 6, 9, 8], "texture": "#2"},
				"west": {"uv": [8, 6, 16, 8], "texture": "#2"},
				"up": {"uv": [8, 6, 9, 8], "texture": "#2"},
				"down": {"uv": [8, 6, 9, 8], "texture": "#2"}
			}
		},
		{
			"name": "wheel3",
			"from": [1.8, 0.7, -2.3],
			"to": [3.3, 3.3, 0.3],
			"rotation": {"angle": -45, "axis": "x", "origin": [8, 2, -1]},
			"faces": {
				"north": {"uv": [8, 6, 9, 8], "texture": "#2"},
				"east": {"uv": [8, 6, 16, 8], "texture": "#2"},
				"south": {"uv": [8, 6, 9, 8], "texture": "#2"},
				"west": {"uv": [8, 6, 16, 8], "texture": "#2"},
				"up": {"uv": [8, 6, 9, 8], "texture": "#2"},
				"down": {"uv": [8, 6, 9, 8], "texture": "#2"}
			}
		},
		{
			"name": "axle3",
			"from": [3.4, 1.7, -1.3],
			"to": [12.6, 2.3, -0.7],
			"rotation": {"angle": -45, "axis": "x", "origin": [8, 2, -1]},
			"faces": {
				"north": {"uv": [0, 8, 8, 10], "texture": "#2"},
				"east": {"uv": [0, 8, 8, 10], "texture": "#2"},
				"south": {"uv": [0, 8, 8, 10], "texture": "#2"},
				"west": {"uv": [0, 8, 8, 10], "texture": "#2"},
				"up": {"uv": [0, 8, 8, 10], "texture": "#2"},
				"down": {"uv": [0, 8, 8, 10], "texture": "#2"}
			}
		},
		{
			"name": "axle3",
			"from": [3.4, 0.99289, 17.40711],
			"to": [12.6, 1.59289, 18.00711],
			"rotation": {"angle": -45, "axis": "x", "origin": [8, 2, 17]},
			"faces": {
				"north": {"uv": [0, 8, 8, 10], "texture": "#2"},
				"east": {"uv": [0, 8, 8, 10], "texture": "#2"},
				"south": {"uv": [0, 8, 8, 10], "texture": "#2"},
				"west": {"uv": [0, 8, 8, 10], "texture": "#2"},
				"up": {"uv": [0, 8, 8, 10], "texture": "#2"},
				"down": {"uv": [0, 8, 8, 10], "texture": "#2"}
			}
		},
		{
			"name": "tire4",
			"from": [12.5, 0.28268, 15.82388],
			"to": [14, 4.48268, 20.02388],
			"rotation": {"angle": 22.5, "axis": "x", "origin": [8, 2, 17]},
			"faces": {
				"north": {"uv": [0, 6, 8, 8], "texture": "#3"},
				"east": {"uv": [0, 6, 8, 8], "texture": "#3"},
				"south": {"uv": [0, 6, 8, 8], "texture": "#3"},
				"west": {"uv": [0, 6, 8, 8], "texture": "#3"},
				"up": {"uv": [0, 6, 8, 8], "texture": "#3"},
				"down": {"uv": [0, 6, 8, 8], "texture": "#3"}
			}
		},
		{
			"name": "tire4",
			"from": [12.5, -0.1, -3.1],
			"to": [14, 4.1, 1.1],
			"rotation": {"angle": 22.5, "axis": "x", "origin": [8, 2, -1]},
			"faces": {
				"north": {"uv": [0, 6, 8, 8], "texture": "#3"},
				"east": {"uv": [0, 6, 8, 8], "texture": "#3"},
				"south": {"uv": [0, 6, 8, 8], "texture": "#3"},
				"west": {"uv": [0, 6, 8, 8], "texture": "#3"},
				"up": {"uv": [0, 6, 8, 8], "texture": "#3"},
				"down": {"uv": [0, 6, 8, 8], "texture": "#3"}
			}
		},
		{
			"name": "tire4",
			"from": [2, -0.1, -3.1],
			"to": [3.5, 4.1, 1.1],
			"rotation": {"angle": 22.5, "axis": "x", "origin": [8, 2, -1]},
			"faces": {
				"north": {"uv": [0, 6, 8, 8], "texture": "#3"},
				"east": {"uv": [0, 6, 8, 8], "texture": "#3"},
				"south": {"uv": [0, 6, 8, 8], "texture": "#3"},
				"west": {"uv": [0, 6, 8, 8], "texture": "#3"},
				"up": {"uv": [0, 6, 8, 8], "texture": "#3"},
				"down": {"uv": [0, 6, 8, 8], "texture": "#3"}
			}
		},
		{
			"name": "tire4",
			"from": [2, 0.28268, 15.82388],
			"to": [3.5, 4.48268, 20.02388],
			"rotation": {"angle": 22.5, "axis": "x", "origin": [8, 2, 17]},
			"faces": {
				"north": {"uv": [0, 6, 8, 8], "texture": "#3"},
				"east": {"uv": [0, 6, 8, 8], "texture": "#3"},
				"south": {"uv": [0, 6, 8, 8], "texture": "#3"},
				"west": {"uv": [0, 6, 8, 8], "texture": "#3"},
				"up": {"uv": [0, 6, 8, 8], "texture": "#3"},
				"down": {"uv": [0, 6, 8, 8], "texture": "#3"}
			}
		},
		{
			"name": "wheel4",
			"from": [1.8, 1.08268, 16.62388],
			"to": [3.3, 3.68268, 19.22388],
			"rotation": {"angle": 22.5, "axis": "x", "origin": [8, 2, 17]},
			"faces": {
				"north": {"uv": [8, 6, 9, 8], "texture": "#3"},
				"east": {"uv": [8, 6, 16, 8], "texture": "#3"},
				"south": {"uv": [8, 6, 9, 8], "texture": "#3"},
				"west": {"uv": [8, 6, 16, 8], "texture": "#3"},
				"up": {"uv": [8, 6, 9, 8], "texture": "#3"},
				"down": {"uv": [8, 6, 9, 8], "texture": "#3"}
			}
		},
		{
			"name": "wheel4",
			"from": [12.8, 1.08268, 16.62388],
			"to": [14.3, 3.68268, 19.22388],
			"rotation": {"angle": 22.5, "axis": "x", "origin": [8, 2, 17]},
			"faces": {
				"north": {"uv": [8, 6, 9, 8], "texture": "#3"},
				"east": {"uv": [8, 6, 16, 8], "texture": "#3"},
				"south": {"uv": [8, 6, 9, 8], "texture": "#3"},
				"west": {"uv": [8, 6, 16, 8], "texture": "#3"},
				"up": {"uv": [8, 6, 9, 8], "texture": "#3"},
				"down": {"uv": [8, 6, 9, 8], "texture": "#3"}
			}
		},
		{
			"name": "wheel4",
			"from": [12.8, 0.7, -2.3],
			"to": [14.3, 3.3, 0.3],
			"rotation": {"angle": 22.5, "axis": "x", "origin": [8, 2, -1]},
			"faces": {
				"north": {"uv": [8, 6, 9, 8], "texture": "#3"},
				"east": {"uv": [8, 6, 16, 8], "texture": "#3"},
				"south": {"uv": [8, 6, 9, 8], "texture": "#3"},
				"west": {"uv": [8, 6, 16, 8], "texture": "#3"},
				"up": {"uv": [8, 6, 9, 8], "texture": "#3"},
				"down": {"uv": [8, 6, 9, 8], "texture": "#3"}
			}
		},
		{
			"name": "wheel4",
			"from": [1.8, 0.7, -2.3],
			"to": [3.3, 3.3, 0.3],
			"rotation": {"angle": 22.5, "axis": "x", "origin": [8, 2, -1]},
			"faces": {
				"north": {"uv": [8, 6, 9, 8], "texture": "#3"},
				"east": {"uv": [8, 6, 16, 8], "texture": "#3"},
				"south": {"uv": [8, 6, 9, 8], "texture": "#3"},
				"west": {"uv": [8, 6, 16, 8], "texture": "#3"},
				"up": {"uv": [8, 6, 9, 8], "texture": "#3"},
				"down": {"uv": [8, 6, 9, 8], "texture": "#3"}
			}
		},
		{
			"name": "axle4",
			"from": [3.4, 1.7, -1.3],
			"to": [12.6, 2.3, -0.7],
			"rotation": {"angle": 22.5, "axis": "x", "origin": [8, 2, -1]},
			"faces": {
				"north": {"uv": [0, 8, 8, 10], "texture": "#3"},
				"east": {"uv": [0, 8, 8, 10], "texture": "#3"},
				"south": {"uv": [0, 8, 8, 10], "texture": "#3"},
				"west": {"uv": [0, 8, 8, 10], "texture": "#3"},
				"up": {"uv": [0, 8, 8, 10], "texture": "#3"},
				"down": {"uv": [0, 8, 8, 10], "texture": "#3"}
			}
		},
		{
			"name": "axle4",
			"from": [3.4, 2.08268, 17.62388],
			"to": [12.6, 2.68268, 18.22388],
			"rotation": {"angle": 22.5, "axis": "x", "origin": [8, 2, 17]},
			"faces": {
				"north": {"uv": [0, 8, 8, 10], "texture": "#3"},
				"east": {"uv": [0, 8, 8, 10], "texture": "#3"},
				"south": {"uv": [0, 8, 8, 10], "texture": "#3"},
				"west": {"uv": [0, 8, 8, 10], "texture": "#3"},
				"up": {"uv": [0, 8, 8, 10], "texture": "#3"},
				"down": {"uv": [0, 8, 8, 10], "texture": "#3"}
			}
		}
	],
	"display": {
		"head": {
			"rotation": [0, 180, 0],
			"translation": [0, -26, 0],
			"scale": [5, 5, 5]
		}
	}
}