{
	"credit": "Made with Blockbench",
	"textures": {
		"0": "block/iron_block",
		"1": "block/black_wool",
		"2": "block/cyan_terracotta"
	},
	"elements": [
		{
			"name": "Cube",
			"from": [1.8, 0.7, -2.3],
			"to": [3.3, 3.3, 0.3],
			"faces": {
				"north": {"uv": [0, 0, 1.5, 2.6], "texture": "#0"},
				"east": {"uv": [0, 0, 15.6, 15.6], "texture": "#0"},
				"south": {"uv": [0, 0, 1.5, 2.6], "texture": "#0"},
				"west": {"uv": [0, 0, 15.6, 15.6], "texture": "#0"},
				"up": {"uv": [0, 0, 1.5, 2.6], "texture": "#0"},
				"down": {"uv": [0, 0, 1.5, 2.6], "texture": "#0"}
			}
		},
		{
			"name": "Cube",
			"from": [12.5, -0.1, -3.1],
			"to": [14, 4.1, 1.1],
			"faces": {
				"north": {"uv": [0, 0, 1.5, 4.2], "texture": "#1"},
				"east": {"uv": [0, 0, 4.2, 4.2], "texture": "#1"},
				"south": {"uv": [0, 0, 1.5, 4.2], "texture": "#1"},
				"west": {"uv": [0, 0, 4.2, 4.2], "texture": "#1"},
				"up": {"uv": [0, 0, 1.5, 4.2], "texture": "#1"},
				"down": {"uv": [0, 0, 1.5, 4.2], "texture": "#1"}
			}
		},
		{
			"name": "Cube",
			"from": [12.5, -0.1, 15.9],
			"to": [14, 4.1, 20.1],
			"faces": {
				"north": {"uv": [0, 0, 1.5, 4.2], "texture": "#1"},
				"east": {"uv": [0, 0, 4.2, 4.2], "texture": "#1"},
				"south": {"uv": [0, 0, 1.5, 4.2], "texture": "#1"},
				"west": {"uv": [0, 0, 4.2, 4.2], "texture": "#1"},
				"up": {"uv": [0, 0, 1.5, 4.2], "texture": "#1"},
				"down": {"uv": [0, 0, 1.5, 4.2], "texture": "#1"}
			}
		},
		{
			"name": "Cube",
			"from": [2, -0.1, 15.9],
			"to": [3.5, 4.1, 20.1],
			"faces": {
				"north": {"uv": [0, 0, 1.5, 4.2], "texture": "#1"},
				"east": {"uv": [0, 0, 4.2, 4.2], "texture": "#1"},
				"south": {"uv": [0, 0, 1.5, 4.2], "texture": "#1"},
				"west": {"uv": [0, 0, 4.2, 4.2], "texture": "#1"},
				"up": {"uv": [0, 0, 1.5, 4.2], "texture": "#1"},
				"down": {"uv": [0, 0, 1.5, 4.2], "texture": "#1"}
			}
		},
		{
			"name": "Cube",
			"from": [2, -0.1, -3.1],
			"to": [3.5, 4.1, 1.1],
			"faces": {
				"north": {"uv": [0, 0, 1.5, 4.2], "texture": "#1"},
				"east": {"uv": [0, 0, 4.2, 4.2], "texture": "#1"},
				"south": {"uv": [0, 0, 1.5, 4.2], "texture": "#1"},
				"west": {"uv": [0, 0, 4.2, 4.2], "texture": "#1"},
				"up": {"uv": [0, 0, 1.5, 4.2], "texture": "#1"},
				"down": {"uv": [0, 0, 1.5, 4.2], "texture": "#1"}
			}
		},
		{
			"name": "Cube",
			"from": [1.8, 0.7, 16.7],
			"to": [3.3, 3.3, 19.3],
			"faces": {
				"north": {"uv": [0, 0, 1.5, 2.6], "texture": "#0"},
				"east": {"uv": [0, 0, 15.6, 15.6], "texture": "#0"},
				"south": {"uv": [0, 0, 1.5, 2.6], "texture": "#0"},
				"west": {"uv": [0, 0, 15.6, 15.6], "texture": "#0"},
				"up": {"uv": [0, 0, 1.5, 2.6], "texture": "#0"},
				"down": {"uv": [0, 0, 1.5, 2.6], "texture": "#0"}
			}
		},
		{
			"name": "Cube",
			"from": [12.8, 0.7, 16.7],
			"to": [14.3, 3.3, 19.3],
			"faces": {
				"north": {"uv": [0, 0, 1.5, 2.6], "texture": "#0"},
				"east": {"uv": [0, 0, 15.6, 15.6], "texture": "#0"},
				"south": {"uv": [0, 0, 1.5, 2.6], "texture": "#0"},
				"west": {"uv": [0, 0, 15.6, 15.6], "texture": "#0"},
				"up": {"uv": [0, 0, 1.5, 2.6], "texture": "#0"},
				"down": {"uv": [0, 0, 1.5, 2.6], "texture": "#0"}
			}
		},
		{
			"name": "Cube",
			"from": [12.8, 0.7, -2.3],
			"to": [14.3, 3.3, 0.3],
			"faces": {
				"north": {"uv": [0, 0, 1.5, 2.6], "texture": "#0"},
				"east": {"uv": [0, 0, 15.6, 15.6], "texture": "#0"},
				"south": {"uv": [0, 0, 1.5, 2.6], "texture": "#0"},
				"west": {"uv": [0, 0, 15.6, 15.6], "texture": "#0"},
				"up": {"uv": [0, 0, 1.5, 2.6], "texture": "#0"},
				"down": {"uv": [0, 0, 1.5, 2.6], "texture": "#0"}
			}
		},
		{
			"name": "Cube",
			"from": [3.4, 1.7, -1.3],
			"to": [12.6, 2.3, -0.7],
			"faces": {
				"north": {"uv": [0, 0, 9.2, 0.6], "texture": "#2"},
				"east": {"uv": [0, 0, 15.6, 15.6], "texture": "#2"},
				"south": {"uv": [0, 0, 9.2, 0.6], "texture": "#2"},
				"west": {"uv": [0, 0, 15.6, 15.6], "texture": "#2"},
				"up": {"uv": [0, 0, 9.2, 0.6], "texture": "#2"},
				"down": {"uv": [0, 0, 9.2, 0.6], "texture": "#2"}
			}
		},
		{
			"name": "Cube",
			"from": [3.4, 1.7, 17.7],
			"to": [12.6, 2.3, 18.3],
			"faces": {
				"north": {"uv": [0, 0, 9.2, 0.6], "texture": "#2"},
				"east": {"uv": [0, 0, 15.6, 15.6], "texture": "#2"},
				"south": {"uv": [0, 0, 9.2, 0.6], "texture": "#2"},
				"west": {"uv": [0, 0, 15.6, 15.6], "texture": "#2"},
				"up": {"uv": [0, 0, 9.2, 0.6], "texture": "#2"},
				"down": {"uv": [0, 0, 9.2, 0.6], "texture": "#2"}
			}
		}
	],
	"display": {
		"head": {
			"translation": [0, -26, 0],
			"scale": [5, 5, 5]
		}
	}
}