{
    "parent": "item/handheld",
    "textures": {
        "layer0": "item/wooden_hoe"
    },
        "overrides": [
{ "predicate": { "custom_model_data": 1}, "model": "item/sedanwhite"},
{ "predicate": { "custom_model_data": 2}, "model": "item/sedanblack"},
{ "predicate": { "custom_model_data": 3}, "model": "item/sedangray"},
{ "predicate": { "custom_model_data": 4}, "model": "item/sedanred"},
{ "predicate": { "custom_model_data": 5}, "model": "item/sedanblue"},
{ "predicate": { "custom_model_data": 6}, "model": "item/sedanyellow"},
{ "predicate": { "custom_model_data": 7}, "model": "item/convertiblewhite"},
{ "predicate": { "custom_model_data": 8}, "model": "item/convertibleblack"},
{ "predicate": { "custom_model_data": 9}, "model": "item/convertiblegray"},
{ "predicate": { "custom_model_data": 10}, "model": "item/convertiblered"},
{ "predicate": { "custom_model_data": 11}, "model": "item/convertibleblue"},
{ "predicate": { "custom_model_data": 12}, "model": "item/convertibleyellow"},
{ "predicate": { "custom_model_data": 13}, "model": "item/hatchbackwhite"},
{ "predicate": { "custom_model_data": 14}, "model": "item/hatchbackblack"},
{ "predicate": { "custom_model_data": 15}, "model": "item/hatchbackgray"},
{ "predicate": { "custom_model_data": 16}, "model": "item/hatchbackred"},
{ "predicate": { "custom_model_data": 17}, "model": "item/hatchbackblue"},
{ "predicate": { "custom_model_data": 18}, "model": "item/hatchbackyellow"},
{ "predicate": { "custom_model_data": 19}, "model": "item/pickupwhite"},
{ "predicate": { "custom_model_data": 20}, "model": "item/pickupblack"},
{ "predicate": { "custom_model_data": 21}, "model": "item/pickupgray"},
{ "predicate": { "custom_model_data": 22}, "model": "item/pickupred"},
{ "predicate": { "custom_model_data": 23}, "model": "item/pickupblue"},
{ "predicate": { "custom_model_data": 24}, "model": "item/pickupyellow"},
{ "predicate": { "custom_model_data": 25}, "model": "item/vanwhite"},
{ "predicate": { "custom_model_data": 26}, "model": "item/vanblack"},
{ "predicate": { "custom_model_data": 27}, "model": "item/vangray"},
{ "predicate": { "custom_model_data": 28}, "model": "item/vanred"},
{ "predicate": { "custom_model_data": 29}, "model": "item/vanblue"},
{ "predicate": { "custom_model_data": 30}, "model": "item/vanyellow"},
{ "predicate": { "custom_model_data": 31}, "model": "item/truckwhite"},
{ "predicate": { "custom_model_data": 32}, "model": "item/truckblack"},
{ "predicate": { "custom_model_data": 33}, "model": "item/truckgray"},
{ "predicate": { "custom_model_data": 34}, "model": "item/truckred"},
{ "predicate": { "custom_model_data": 35}, "model": "item/truckblue"},
{ "predicate": { "custom_model_data": 36}, "model": "item/truckyellow"},
{ "predicate": { "custom_model_data": 37}, "model": "item/wheelstop"},
{ "predicate": { "custom_model_data": 38}, "model": "item/wheelmov"},
{ "predicate": { "custom_model_data": 39}, "model": "item/wheelrev"},
{ "predicate": { "custom_model_data": 40}, "model": "item/sedanorange"},
{ "predicate": { "custom_model_data": 41}, "model": "item/sedanmagenta"},
{ "predicate": { "custom_model_data": 42}, "model": "item/sedanlightblue"},
{ "predicate": { "custom_model_data": 43}, "model": "item/sedanlime"},
{ "predicate": { "custom_model_data": 44}, "model": "item/sedanpink"},
{ "predicate": { "custom_model_data": 45}, "model": "item/sedanlightgray"},
{ "predicate": { "custom_model_data": 46}, "model": "item/sedancyan"},
{ "predicate": { "custom_model_data": 47}, "model": "item/sedanpurple"},
{ "predicate": { "custom_model_data": 48}, "model": "item/sedanbrown"},
{ "predicate": { "custom_model_data": 49}, "model": "item/sedangreen"},
{ "predicate": { "custom_model_data": 50}, "model": "item/convertibleorange"},
{ "predicate": { "custom_model_data": 51}, "model": "item/convertiblemagenta"},
{ "predicate": { "custom_model_data": 52}, "model": "item/convertiblelightblue"},
{ "predicate": { "custom_model_data": 53}, "model": "item/convertiblelime"},
{ "predicate": { "custom_model_data": 54}, "model": "item/convertiblepink"},
{ "predicate": { "custom_model_data": 55}, "model": "item/convertiblelightgray"},
{ "predicate": { "custom_model_data": 56}, "model": "item/convertiblecyan"},
{ "predicate": { "custom_model_data": 57}, "model": "item/convertiblepurple"},
{ "predicate": { "custom_model_data": 58}, "model": "item/convertiblebrown"},
{ "predicate": { "custom_model_data": 59}, "model": "item/convertiblegreen"},
{ "predicate": { "custom_model_data": 60}, "model": "item/hatchbackorange"},
{ "predicate": { "custom_model_data": 61}, "model": "item/hatchbackmagenta"},
{ "predicate": { "custom_model_data": 62}, "model": "item/hatchbacklightblue"},
{ "predicate": { "custom_model_data": 63}, "model": "item/hatchbacklime"},
{ "predicate": { "custom_model_data": 64}, "model": "item/hatchbackpink"},
{ "predicate": { "custom_model_data": 65}, "model": "item/hatchbacklightgray"},
{ "predicate": { "custom_model_data": 66}, "model": "item/hatchbackcyan"},
{ "predicate": { "custom_model_data": 67}, "model": "item/hatchbackpurple"},
{ "predicate": { "custom_model_data": 68}, "model": "item/hatchbackbrown"},
{ "predicate": { "custom_model_data": 69}, "model": "item/hatchbackgreen"},
{ "predicate": { "custom_model_data": 70}, "model": "item/pickuporange"},
{ "predicate": { "custom_model_data": 71}, "model": "item/pickupmagenta"},
{ "predicate": { "custom_model_data": 72}, "model": "item/pickuplightblue"},
{ "predicate": { "custom_model_data": 73}, "model": "item/pickuplime"},
{ "predicate": { "custom_model_data": 74}, "model": "item/pickuppink"},
{ "predicate": { "custom_model_data": 75}, "model": "item/pickuplightgray"},
{ "predicate": { "custom_model_data": 76}, "model": "item/pickupcyan"},
{ "predicate": { "custom_model_data": 77}, "model": "item/pickuppurple"},
{ "predicate": { "custom_model_data": 78}, "model": "item/pickupbrown"},
{ "predicate": { "custom_model_data": 79}, "model": "item/pickupgreen"},
{ "predicate": { "custom_model_data": 80}, "model": "item/vanorange"},
{ "predicate": { "custom_model_data": 81}, "model": "item/vanmagenta"},
{ "predicate": { "custom_model_data": 82}, "model": "item/vanlightblue"},
{ "predicate": { "custom_model_data": 83}, "model": "item/vanlime"},
{ "predicate": { "custom_model_data": 84}, "model": "item/vanpink"},
{ "predicate": { "custom_model_data": 85}, "model": "item/vanlightgray"},
{ "predicate": { "custom_model_data": 86}, "model": "item/vancyan"},
{ "predicate": { "custom_model_data": 87}, "model": "item/vanpurple"},
{ "predicate": { "custom_model_data": 88}, "model": "item/vanbrown"},
{ "predicate": { "custom_model_data": 89}, "model": "item/vangreen"},
{ "predicate": { "custom_model_data": 90}, "model": "item/truckorange"},
{ "predicate": { "custom_model_data": 91}, "model": "item/truckmagenta"},
{ "predicate": { "custom_model_data": 92}, "model": "item/trucklightblue"},
{ "predicate": { "custom_model_data": 93}, "model": "item/trucklime"},
{ "predicate": { "custom_model_data": 94}, "model": "item/truckpink"},
{ "predicate": { "custom_model_data": 95}, "model": "item/trucklightgray"},
{ "predicate": { "custom_model_data": 96}, "model": "item/truckcyan"},
{ "predicate": { "custom_model_data": 97}, "model": "item/truckpurple"},
{ "predicate": { "custom_model_data": 98}, "model": "item/truckbrown"},
{ "predicate": { "custom_model_data": 99}, "model": "item/truckgreen"}
        ]
}