{
    "parent": "item/handheld",
    "textures": {
        "layer0": "item/diamond_hoe"
    },
        "overrides": [
{ "predicate": { "damage": 0.836747776}, "model": "item/minitorpedo"},
{ "predicate": { "damage": 0.8399488}, "model": "item/minisub"},
{ "predicate": { "damage": 0.843149824}, "model": "item/trailerwheelstop"},
{ "predicate": { "damage": 0.846350848}, "model": "item/trailerwheelmov"},
{ "predicate": { "damage": 0.849551872}, "model": "item/truckwheelstop_co"},
{ "predicate": { "damage": 0.852752896}, "model": "item/truckwheelmov_co"},
{ "predicate": { "damage": 0.85595392}, "model": "item/truckwheelstop_c"},
{ "predicate": { "damage": 0.859154944}, "model": "item/truckwheelmov_c"},
{ "predicate": { "damage": 0.862355968}, "model": "item/trailer3_12"},
{ "predicate": { "damage": 0.865556992}, "model": "item/trailer3_11"},
{ "predicate": { "damage": 0.868758016}, "model": "item/trailer3_10"},
{ "predicate": { "damage": 0.87195904}, "model": "item/trailer3_9"},
{ "predicate": { "damage": 0.875160064}, "model": "item/trailer3_8"},
{ "predicate": { "damage": 0.878361088}, "model": "item/trailer3_7"},
{ "predicate": { "damage": 0.881562112}, "model": "item/trailer3_6"},
{ "predicate": { "damage": 0.884763136}, "model": "item/trailer3_5"},
{ "predicate": { "damage": 0.88796416}, "model": "item/trailer3_4"},
{ "predicate": { "damage": 0.891165184}, "model": "item/trailer3_3"},
{ "predicate": { "damage": 0.894366208}, "model": "item/trailer3_2"},
{ "predicate": { "damage": 0.897567232}, "model": "item/trailer3_1"},
{ "predicate": { "damage": 0.900768256}, "model": "item/trailer3"},
{ "predicate": { "damage": 0.90396928}, "model": "item/trailer2_12"},
{ "predicate": { "damage": 0.907170304}, "model": "item/trailer2_11"},
{ "predicate": { "damage": 0.910371328}, "model": "item/trailer2_10"},
{ "predicate": { "damage": 0.913572352}, "model": "item/trailer2_9"},
{ "predicate": { "damage": 0.916773376}, "model": "item/trailer2_8"},
{ "predicate": { "damage": 0.9199744}, "model": "item/trailer2_7"},
{ "predicate": { "damage": 0.923175424}, "model": "item/trailer2_6"},
{ "predicate": { "damage": 0.926376448}, "model": "item/trailer2_5"},
{ "predicate": { "damage": 0.929577472}, "model": "item/trailer2_4"},
{ "predicate": { "damage": 0.932778496}, "model": "item/trailer2_3"},
{ "predicate": { "damage": 0.93597952}, "model": "item/trailer2_2"},
{ "predicate": { "damage": 0.939180544}, "model": "item/trailer2_1"},
{ "predicate": { "damage": 0.942381568}, "model": "item/trailer2"},
{ "predicate": { "damage": 0.945582592}, "model": "item/trailer1"},
{ "predicate": { "damage": 0.948783616}, "model": "item/truck6"},
{ "predicate": { "damage": 0.95198464}, "model": "item/truck5"},
{ "predicate": { "damage": 0.955185664}, "model": "item/truck4"},
{ "predicate": { "damage": 0.958386688}, "model": "item/truck3"},
{ "predicate": { "damage": 0.961587712}, "model": "item/truck2"},
{ "predicate": { "damage": 0.964788736}, "model": "item/truck1"},
{ "predicate": { "damage": 0.96798976}, "model": "item/wheelstop"},
{ "predicate": { "damage": 0.971190784}, "model": "item/wheelmov"},
{ "predicate": { "damage": 0.974391808}, "model": "item/car9"},
{ "predicate": { "damage": 0.977592832}, "model": "item/car8"},
{ "predicate": { "damage": 0.980793856}, "model": "item/car7"},
{ "predicate": { "damage": 0.98399488}, "model": "item/car6"},
{ "predicate": { "damage": 0.987195904}, "model": "item/car5"},
{ "predicate": { "damage": 0.990396928}, "model": "item/car4"},
{ "predicate": { "damage": 0.993597952}, "model": "item/car3"},
{ "predicate": { "damage": 0.996798976}, "model": "item/car2"},
{ "predicate": { "damage": 1}, "model": "item/car1"}
        ]
}