{
	"credit": "Made with Blockbench, a free, modern block model editor by JannisX11",
	"textures": {
		"0": "custom/anim1",
		"1": "custom/anim2",
		"2": "custom/anim3",
		"3": "custom/anim4"
	},
	"elements": [
		{
			"name": "tire2",
			"from": [
				12.958745599999997,
				-12.143632127999997,
				11.288523392000007
			],
			"to": [
				16.615182719999993,
				-4.705608192,
				18.726547328000002
			],
			"faces": {
				"north": {"uv": [0, 0, 8, 2], "texture": "#0"},
				"east": {"uv": [0, 0, 8, 2], "texture": "#0"},
				"south": {"uv": [0, 0, 8, 2], "texture": "#0"},
				"west": {"uv": [0, 0, 8, 2], "texture": "#0"},
				"up": {"uv": [0, 0, 8, 2], "texture": "#0"},
				"down": {"uv": [0, 0, 8, 2], "texture": "#0"}
			}
		},
		{
			"name": "wheel2",
			"from": [
				13.49003302400001,
				-10.726865664000002,
				12.705289856000004
			],
			"to": [
				17.146470144000006,
				-6.122374656000005,
				17.309780863999997
			],
			"faces": {
				"north": {"uv": [8, 0, 9, 2], "texture": "#0"},
				"east": {"uv": [8, 0, 16, 2], "texture": "#0"},
				"south": {"uv": [8, 0, 9, 2], "texture": "#0"},
				"west": {"uv": [8, 0, 16, 2], "texture": "#0"},
				"up": {"uv": [8, 0, 9, 2], "texture": "#0"},
				"down": {"uv": [8, 0, 9, 2], "texture": "#0"}
			}
		},
		{
			"name": "axle2",
			"from": [
				1.843027072,
				-8.955907583999995,
				14.476247935999996
			],
			"to": [
				14.135841408,
				-7.8933327360000085,
				15.53882278399999
			],
			"faces": {
				"north": {"uv": [0, 2, 8, 4], "texture": "#0"},
				"east": {"uv": [0, 2, 8, 4], "texture": "#0"},
				"south": {"uv": [0, 2, 8, 4], "texture": "#0"},
				"west": {"uv": [0, 2, 8, 4], "texture": "#0"},
				"up": {"uv": [0, 2, 8, 4], "texture": "#0"},
				"down": {"uv": [0, 2, 8, 4], "texture": "#0"}
			}
		},
		{
			"name": "tire3",
			"from": [
				12.958745599999997,
				-12.143632127999997,
				11.288523392000007
			],
			"to": [
				16.615182719999993,
				-4.705608192,
				18.726547328000002
			],
			"faces": {
				"north": {"uv": [0, 4, 8, 6], "texture": "#1"},
				"east": {"uv": [0, 4, 8, 6], "texture": "#1"},
				"south": {"uv": [0, 4, 8, 6], "texture": "#1"},
				"west": {"uv": [0, 4, 8, 6], "texture": "#1"},
				"up": {"uv": [0, 4, 8, 6], "texture": "#1"},
				"down": {"uv": [0, 4, 8, 6], "texture": "#1"}
			},
			"rotation": {
				"origin": [
					5.989434239999994,
					-8.42462015999999,
					15.007535360000006
				],
				"axis": "x",
				"angle": -22.5
			}
		},
		{
			"name": "wheel3",
			"from": [
				13.49003302400001,
				-10.726865664000002,
				12.705289856000004
			],
			"to": [
				17.146470144000006,
				-6.122374656000005,
				17.309780863999997
			],
			"faces": {
				"north": {"uv": [8, 4, 9, 6], "texture": "#1"},
				"east": {"uv": [8, 4, 16, 6], "texture": "#1"},
				"south": {"uv": [8, 4, 9, 6], "texture": "#1"},
				"west": {"uv": [8, 4, 16, 6], "texture": "#1"},
				"up": {"uv": [8, 4, 9, 6], "texture": "#1"},
				"down": {"uv": [8, 4, 9, 6], "texture": "#1"}
			},
			"rotation": {
				"origin": [
					5.989434239999998,
					-8.42462015999999,
					15.007535360000006
				],
				"axis": "x",
				"angle": -22.5
			}
		},
		{
			"name": "axle3",
			"from": [
				1.843027072,
				-8.955907583999995,
				14.476247935999996
			],
			"to": [
				14.135841408,
				-7.8933327360000085,
				15.53882278399999
			],
			"faces": {
				"north": {"uv": [0, 6, 8, 8], "texture": "#1"},
				"east": {"uv": [0, 6, 8, 8], "texture": "#1"},
				"south": {"uv": [0, 6, 8, 8], "texture": "#1"},
				"west": {"uv": [0, 6, 8, 8], "texture": "#1"},
				"up": {"uv": [0, 6, 8, 8], "texture": "#1"},
				"down": {"uv": [0, 6, 8, 8], "texture": "#1"}
			},
			"rotation": {
				"origin": [
					5.989434239999998,
					-8.42462015999999,
					15.007535360000002
				],
				"axis": "x",
				"angle": -22.5
			}
		},
		{
			"name": "tire4",
			"from": [
				12.958745599999997,
				-12.143632127999997,
				11.288523392000007
			],
			"to": [
				16.615182719999993,
				-4.705608192,
				18.726547328000002
			],
			"faces": {
				"north": {"uv": [0, 6, 8, 8], "texture": "#2"},
				"east": {"uv": [0, 6, 8, 8], "texture": "#2"},
				"south": {"uv": [0, 6, 8, 8], "texture": "#2"},
				"west": {"uv": [0, 6, 8, 8], "texture": "#2"},
				"up": {"uv": [0, 6, 8, 8], "texture": "#2"},
				"down": {"uv": [0, 6, 8, 8], "texture": "#2"}
			},
			"rotation": {
				"origin": [
					5.989434239999994,
					-8.42462015999999,
					15.007535360000006
				],
				"axis": "x",
				"angle": -45
			}
		},
		{
			"name": "wheel4",
			"from": [
				13.49003302400001,
				-10.726865664000002,
				12.705289856000004
			],
			"to": [
				17.146470144000006,
				-6.122374656000005,
				17.309780863999997
			],
			"faces": {
				"north": {"uv": [8, 6, 9, 8], "texture": "#2"},
				"east": {"uv": [8, 6, 16, 8], "texture": "#2"},
				"south": {"uv": [8, 6, 9, 8], "texture": "#2"},
				"west": {"uv": [8, 6, 16, 8], "texture": "#2"},
				"up": {"uv": [8, 6, 9, 8], "texture": "#2"},
				"down": {"uv": [8, 6, 9, 8], "texture": "#2"}
			},
			"rotation": {
				"origin": [
					5.989434239999998,
					-8.42462015999999,
					15.007535360000006
				],
				"axis": "x",
				"angle": -45
			}
		},
		{
			"name": "axle4",
			"from": [
				1.843027072,
				-8.955907583999995,
				14.476247935999996
			],
			"to": [
				14.135841408,
				-7.8933327360000085,
				15.53882278399999
			],
			"faces": {
				"north": {"uv": [0, 8, 8, 10], "texture": "#2"},
				"east": {"uv": [0, 8, 8, 10], "texture": "#2"},
				"south": {"uv": [0, 8, 8, 10], "texture": "#2"},
				"west": {"uv": [0, 8, 8, 10], "texture": "#2"},
				"up": {"uv": [0, 8, 8, 10], "texture": "#2"},
				"down": {"uv": [0, 8, 8, 10], "texture": "#2"}
			},
			"rotation": {
				"origin": [
					5.989434239999998,
					-8.42462015999999,
					15.007535360000002
				],
				"axis": "x",
				"angle": -45
			}
		},
		{
			"name": "tire5",
			"from": [
				12.958745599999997,
				-12.143632127999997,
				11.288523392000007
			],
			"to": [
				16.615182719999993,
				-4.705608192,
				18.726547328000002
			],
			"faces": {
				"north": {"uv": [0, 6, 8, 8], "texture": "#3"},
				"east": {"uv": [0, 6, 8, 8], "texture": "#3"},
				"south": {"uv": [0, 6, 8, 8], "texture": "#3"},
				"west": {"uv": [0, 6, 8, 8], "texture": "#3"},
				"up": {"uv": [0, 6, 8, 8], "texture": "#3"},
				"down": {"uv": [0, 6, 8, 8], "texture": "#3"}
			},
			"rotation": {
				"origin": [
					5.989434239999994,
					-8.42462015999999,
					15.007535360000006
				],
				"axis": "x",
				"angle": 22.5
			}
		},
		{
			"name": "wheel5",
			"from": [
				13.49003302400001,
				-10.726865664000002,
				12.705289856000004
			],
			"to": [
				17.146470144000006,
				-6.122374656000005,
				17.309780863999997
			],
			"faces": {
				"north": {"uv": [8, 6, 9, 8], "texture": "#3"},
				"east": {"uv": [8, 6, 16, 8], "texture": "#3"},
				"south": {"uv": [8, 6, 9, 8], "texture": "#3"},
				"west": {"uv": [8, 6, 16, 8], "texture": "#3"},
				"up": {"uv": [8, 6, 9, 8], "texture": "#3"},
				"down": {"uv": [8, 6, 9, 8], "texture": "#3"}
			},
			"rotation": {
				"origin": [
					5.989434239999998,
					-8.42462015999999,
					15.007535360000006
				],
				"axis": "x",
				"angle": 22.5
			}
		},
		{
			"name": "axle5",
			"from": [
				1.843027072,
				-8.955907583999995,
				14.476247935999996
			],
			"to": [
				14.135841408,
				-7.8933327360000085,
				15.53882278399999
			],
			"faces": {
				"north": {"uv": [0, 8, 8, 10], "texture": "#3"},
				"east": {"uv": [0, 8, 8, 10], "texture": "#3"},
				"south": {"uv": [0, 8, 8, 10], "texture": "#3"},
				"west": {"uv": [0, 8, 8, 10], "texture": "#3"},
				"up": {"uv": [0, 8, 8, 10], "texture": "#3"},
				"down": {"uv": [0, 8, 8, 10], "texture": "#3"}
			},
			"rotation": {
				"origin": [
					5.989434239999998,
					-8.42462015999999,
					15.007535360000002
				],
				"axis": "x",
				"angle": 22.5
			}
		},
		{
			"name": "tire3",
			"from": [
				-0.6151827199999929,
				-12.143632127999997,
				11.288523392000007
			],
			"to": [
				3.0412544000000032,
				-4.705608192,
				18.726547328000002
			],
			"faces": {
				"north": {"uv": [8, 0, 0, 2], "texture": "#0"},
				"east": {"uv": [8, 0, 0, 2], "texture": "#0"},
				"south": {"uv": [8, 0, 0, 2], "texture": "#0"},
				"west": {"uv": [8, 0, 0, 2], "texture": "#0"},
				"up": {"uv": [8, 0, 0, 2], "texture": "#0"},
				"down": {"uv": [8, 0, 0, 2], "texture": "#0"}
			}
		},
		{
			"name": "wheel3",
			"from": [
				-1.1464701440000056,
				-10.726865664000002,
				12.705289856000004
			],
			"to": [
				2.5099669759999905,
				-6.122374656000005,
				17.309780863999997
			],
			"faces": {
				"north": {"uv": [9, 0, 8, 2], "texture": "#0"},
				"east": {"uv": [16, 0, 8, 2], "texture": "#0"},
				"south": {"uv": [9, 0, 8, 2], "texture": "#0"},
				"west": {"uv": [16, 0, 8, 2], "texture": "#0"},
				"up": {"uv": [9, 0, 8, 2], "texture": "#0"},
				"down": {"uv": [9, 0, 8, 2], "texture": "#0"}
			}
		},
		{
			"name": "tire4",
			"from": [
				-0.6151827199999929,
				-12.143632127999997,
				11.288523392000007
			],
			"to": [
				3.0412544000000032,
				-4.705608192,
				18.726547328000002
			],
			"faces": {
				"north": {"uv": [8, 4, 0, 6], "texture": "#1"},
				"east": {"uv": [8, 4, 0, 6], "texture": "#1"},
				"south": {"uv": [8, 4, 0, 6], "texture": "#1"},
				"west": {"uv": [8, 4, 0, 6], "texture": "#1"},
				"up": {"uv": [8, 4, 0, 6], "texture": "#1"},
				"down": {"uv": [8, 4, 0, 6], "texture": "#1"}
			},
			"rotation": {
				"origin": [
					10.010565760000006,
					-8.42462015999999,
					15.007535360000006
				],
				"axis": "x",
				"angle": -22.5
			}
		},
		{
			"name": "wheel4",
			"from": [
				-1.1464701440000056,
				-10.726865664000002,
				12.705289856000004
			],
			"to": [
				2.5099669759999905,
				-6.122374656000005,
				17.309780863999997
			],
			"faces": {
				"north": {"uv": [9, 4, 8, 6], "texture": "#1"},
				"east": {"uv": [16, 4, 8, 6], "texture": "#1"},
				"south": {"uv": [9, 4, 8, 6], "texture": "#1"},
				"west": {"uv": [16, 4, 8, 6], "texture": "#1"},
				"up": {"uv": [9, 4, 8, 6], "texture": "#1"},
				"down": {"uv": [9, 4, 8, 6], "texture": "#1"}
			},
			"rotation": {
				"origin": [
					10.010565760000002,
					-8.42462015999999,
					15.007535360000006
				],
				"axis": "x",
				"angle": -22.5
			}
		},
		{
			"name": "tire5",
			"from": [
				-0.6151827199999929,
				-12.143632127999997,
				11.288523392000007
			],
			"to": [
				3.0412544000000032,
				-4.705608192,
				18.726547328000002
			],
			"faces": {
				"north": {"uv": [8, 6, 0, 8], "texture": "#2"},
				"east": {"uv": [8, 6, 0, 8], "texture": "#2"},
				"south": {"uv": [8, 6, 0, 8], "texture": "#2"},
				"west": {"uv": [8, 6, 0, 8], "texture": "#2"},
				"up": {"uv": [8, 6, 0, 8], "texture": "#2"},
				"down": {"uv": [8, 6, 0, 8], "texture": "#2"}
			},
			"rotation": {
				"origin": [
					10.010565760000006,
					-8.42462015999999,
					15.007535360000006
				],
				"axis": "x",
				"angle": -45
			}
		},
		{
			"name": "wheel5",
			"from": [
				-1.1464701440000056,
				-10.726865664000002,
				12.705289856000004
			],
			"to": [
				2.5099669759999905,
				-6.122374656000005,
				17.309780863999997
			],
			"faces": {
				"north": {"uv": [9, 6, 8, 8], "texture": "#2"},
				"east": {"uv": [16, 6, 8, 8], "texture": "#2"},
				"south": {"uv": [9, 6, 8, 8], "texture": "#2"},
				"west": {"uv": [16, 6, 8, 8], "texture": "#2"},
				"up": {"uv": [9, 6, 8, 8], "texture": "#2"},
				"down": {"uv": [9, 6, 8, 8], "texture": "#2"}
			},
			"rotation": {
				"origin": [
					10.010565760000002,
					-8.42462015999999,
					15.007535360000006
				],
				"axis": "x",
				"angle": -45
			}
		},
		{
			"name": "tire6",
			"from": [
				-0.6151827199999929,
				-12.143632127999997,
				11.288523392000007
			],
			"to": [
				3.0412544000000032,
				-4.705608192,
				18.726547328000002
			],
			"faces": {
				"north": {"uv": [8, 6, 0, 8], "texture": "#3"},
				"east": {"uv": [8, 6, 0, 8], "texture": "#3"},
				"south": {"uv": [8, 6, 0, 8], "texture": "#3"},
				"west": {"uv": [8, 6, 0, 8], "texture": "#3"},
				"up": {"uv": [8, 6, 0, 8], "texture": "#3"},
				"down": {"uv": [8, 6, 0, 8], "texture": "#3"}
			},
			"rotation": {
				"origin": [
					10.010565760000006,
					-8.42462015999999,
					15.007535360000006
				],
				"axis": "x",
				"angle": 22.5
			}
		},
		{
			"name": "wheel6",
			"from": [
				-1.1464701440000056,
				-10.726865664000002,
				12.705289856000004
			],
			"to": [
				2.5099669759999905,
				-6.122374656000005,
				17.309780863999997
			],
			"faces": {
				"north": {"uv": [9, 6, 8, 8], "texture": "#3"},
				"east": {"uv": [16, 6, 8, 8], "texture": "#3"},
				"south": {"uv": [9, 6, 8, 8], "texture": "#3"},
				"west": {"uv": [16, 6, 8, 8], "texture": "#3"},
				"up": {"uv": [9, 6, 8, 8], "texture": "#3"},
				"down": {"uv": [9, 6, 8, 8], "texture": "#3"}
			},
			"rotation": {
				"origin": [
					10.010565760000002,
					-8.42462015999999,
					15.007535360000006
				],
				"axis": "x",
				"angle": 22.5
			}
		},
		{
			"name": "tire3",
			"from": [
				12.958745599999997,
				-12.143632127999997,
				22.888523392000007
			],
			"to": [
				16.615182719999993,
				-4.705608192,
				30.326547328
			],
			"faces": {
				"north": {"uv": [0, 0, 8, 2], "texture": "#0"},
				"east": {"uv": [0, 0, 8, 2], "texture": "#0"},
				"south": {"uv": [0, 0, 8, 2], "texture": "#0"},
				"west": {"uv": [0, 0, 8, 2], "texture": "#0"},
				"up": {"uv": [0, 0, 8, 2], "texture": "#0"},
				"down": {"uv": [0, 0, 8, 2], "texture": "#0"}
			}
		},
		{
			"name": "wheel3",
			"from": [
				13.49003302400001,
				-10.726865664000002,
				24.305289856
			],
			"to": [
				17.146470144000006,
				-6.122374656000005,
				28.909780863999995
			],
			"faces": {
				"north": {"uv": [8, 0, 9, 2], "texture": "#0"},
				"east": {"uv": [8, 0, 16, 2], "texture": "#0"},
				"south": {"uv": [8, 0, 9, 2], "texture": "#0"},
				"west": {"uv": [8, 0, 16, 2], "texture": "#0"},
				"up": {"uv": [8, 0, 9, 2], "texture": "#0"},
				"down": {"uv": [8, 0, 9, 2], "texture": "#0"}
			}
		},
		{
			"name": "axle3",
			"from": [
				1.843027072,
				-8.955907583999995,
				26.076247935999998
			],
			"to": [
				14.135841408,
				-7.8933327360000085,
				27.13882278399999
			],
			"faces": {
				"north": {"uv": [0, 2, 8, 4], "texture": "#0"},
				"east": {"uv": [0, 2, 8, 4], "texture": "#0"},
				"south": {"uv": [0, 2, 8, 4], "texture": "#0"},
				"west": {"uv": [0, 2, 8, 4], "texture": "#0"},
				"up": {"uv": [0, 2, 8, 4], "texture": "#0"},
				"down": {"uv": [0, 2, 8, 4], "texture": "#0"}
			}
		},
		{
			"name": "tire4",
			"from": [
				12.958745599999997,
				-12.143632127999997,
				22.888523392000007
			],
			"to": [
				16.615182719999993,
				-4.705608192,
				30.326547328
			],
			"faces": {
				"north": {"uv": [0, 4, 8, 6], "texture": "#1"},
				"east": {"uv": [0, 4, 8, 6], "texture": "#1"},
				"south": {"uv": [0, 4, 8, 6], "texture": "#1"},
				"west": {"uv": [0, 4, 8, 6], "texture": "#1"},
				"up": {"uv": [0, 4, 8, 6], "texture": "#1"},
				"down": {"uv": [0, 4, 8, 6], "texture": "#1"}
			},
			"rotation": {
				"origin": [
					5.989434239999994,
					-8.42462015999999,
					26.607535360000004
				],
				"axis": "x",
				"angle": -22.5
			}
		},
		{
			"name": "wheel4",
			"from": [
				13.49003302400001,
				-10.726865664000002,
				24.305289856
			],
			"to": [
				17.146470144000006,
				-6.122374656000005,
				28.909780863999995
			],
			"faces": {
				"north": {"uv": [8, 4, 9, 6], "texture": "#1"},
				"east": {"uv": [8, 4, 16, 6], "texture": "#1"},
				"south": {"uv": [8, 4, 9, 6], "texture": "#1"},
				"west": {"uv": [8, 4, 16, 6], "texture": "#1"},
				"up": {"uv": [8, 4, 9, 6], "texture": "#1"},
				"down": {"uv": [8, 4, 9, 6], "texture": "#1"}
			},
			"rotation": {
				"origin": [
					5.989434239999998,
					-8.42462015999999,
					26.607535360000004
				],
				"axis": "x",
				"angle": -22.5
			}
		},
		{
			"name": "axle4",
			"from": [
				1.843027072,
				-8.955907583999995,
				26.076247935999998
			],
			"to": [
				14.135841408,
				-7.8933327360000085,
				27.13882278399999
			],
			"faces": {
				"north": {"uv": [0, 6, 8, 8], "texture": "#1"},
				"east": {"uv": [0, 6, 8, 8], "texture": "#1"},
				"south": {"uv": [0, 6, 8, 8], "texture": "#1"},
				"west": {"uv": [0, 6, 8, 8], "texture": "#1"},
				"up": {"uv": [0, 6, 8, 8], "texture": "#1"},
				"down": {"uv": [0, 6, 8, 8], "texture": "#1"}
			},
			"rotation": {
				"origin": [
					5.989434239999998,
					-8.42462015999999,
					26.607535360000004
				],
				"axis": "x",
				"angle": -22.5
			}
		},
		{
			"name": "tire5",
			"from": [
				12.958745599999997,
				-12.143632127999997,
				22.888523392000007
			],
			"to": [
				16.615182719999993,
				-4.705608192,
				30.326547328
			],
			"faces": {
				"north": {"uv": [0, 6, 8, 8], "texture": "#2"},
				"east": {"uv": [0, 6, 8, 8], "texture": "#2"},
				"south": {"uv": [0, 6, 8, 8], "texture": "#2"},
				"west": {"uv": [0, 6, 8, 8], "texture": "#2"},
				"up": {"uv": [0, 6, 8, 8], "texture": "#2"},
				"down": {"uv": [0, 6, 8, 8], "texture": "#2"}
			},
			"rotation": {
				"origin": [
					5.989434239999994,
					-8.42462015999999,
					26.607535360000004
				],
				"axis": "x",
				"angle": -45
			}
		},
		{
			"name": "wheel5",
			"from": [
				13.49003302400001,
				-10.726865664000002,
				24.305289856
			],
			"to": [
				17.146470144000006,
				-6.122374656000005,
				28.909780863999995
			],
			"faces": {
				"north": {"uv": [8, 6, 9, 8], "texture": "#2"},
				"east": {"uv": [8, 6, 16, 8], "texture": "#2"},
				"south": {"uv": [8, 6, 9, 8], "texture": "#2"},
				"west": {"uv": [8, 6, 16, 8], "texture": "#2"},
				"up": {"uv": [8, 6, 9, 8], "texture": "#2"},
				"down": {"uv": [8, 6, 9, 8], "texture": "#2"}
			},
			"rotation": {
				"origin": [
					5.989434239999998,
					-8.42462015999999,
					26.607535360000004
				],
				"axis": "x",
				"angle": -45
			}
		},
		{
			"name": "axle5",
			"from": [
				1.843027072,
				-8.955907583999995,
				26.076247935999998
			],
			"to": [
				14.135841408,
				-7.8933327360000085,
				27.13882278399999
			],
			"faces": {
				"north": {"uv": [0, 8, 8, 10], "texture": "#2"},
				"east": {"uv": [0, 8, 8, 10], "texture": "#2"},
				"south": {"uv": [0, 8, 8, 10], "texture": "#2"},
				"west": {"uv": [0, 8, 8, 10], "texture": "#2"},
				"up": {"uv": [0, 8, 8, 10], "texture": "#2"},
				"down": {"uv": [0, 8, 8, 10], "texture": "#2"}
			},
			"rotation": {
				"origin": [
					5.989434239999998,
					-8.42462015999999,
					26.607535360000004
				],
				"axis": "x",
				"angle": -45
			}
		},
		{
			"name": "tire6",
			"from": [
				12.958745599999997,
				-12.143632127999997,
				22.888523392000007
			],
			"to": [
				16.615182719999993,
				-4.705608192,
				30.326547328
			],
			"faces": {
				"north": {"uv": [0, 6, 8, 8], "texture": "#3"},
				"east": {"uv": [0, 6, 8, 8], "texture": "#3"},
				"south": {"uv": [0, 6, 8, 8], "texture": "#3"},
				"west": {"uv": [0, 6, 8, 8], "texture": "#3"},
				"up": {"uv": [0, 6, 8, 8], "texture": "#3"},
				"down": {"uv": [0, 6, 8, 8], "texture": "#3"}
			},
			"rotation": {
				"origin": [
					5.989434239999994,
					-8.42462015999999,
					26.607535360000004
				],
				"axis": "x",
				"angle": 22.5
			}
		},
		{
			"name": "wheel6",
			"from": [
				13.49003302400001,
				-10.726865664000002,
				24.305289856
			],
			"to": [
				17.146470144000006,
				-6.122374656000005,
				28.909780863999995
			],
			"faces": {
				"north": {"uv": [8, 6, 9, 8], "texture": "#3"},
				"east": {"uv": [8, 6, 16, 8], "texture": "#3"},
				"south": {"uv": [8, 6, 9, 8], "texture": "#3"},
				"west": {"uv": [8, 6, 16, 8], "texture": "#3"},
				"up": {"uv": [8, 6, 9, 8], "texture": "#3"},
				"down": {"uv": [8, 6, 9, 8], "texture": "#3"}
			},
			"rotation": {
				"origin": [
					5.989434239999998,
					-8.42462015999999,
					26.607535360000004
				],
				"axis": "x",
				"angle": 22.5
			}
		},
		{
			"name": "axle6",
			"from": [
				1.843027072,
				-8.955907583999995,
				26.076247935999998
			],
			"to": [
				14.135841408,
				-7.8933327360000085,
				27.13882278399999
			],
			"faces": {
				"north": {"uv": [0, 8, 8, 10], "texture": "#3"},
				"east": {"uv": [0, 8, 8, 10], "texture": "#3"},
				"south": {"uv": [0, 8, 8, 10], "texture": "#3"},
				"west": {"uv": [0, 8, 8, 10], "texture": "#3"},
				"up": {"uv": [0, 8, 8, 10], "texture": "#3"},
				"down": {"uv": [0, 8, 8, 10], "texture": "#3"}
			},
			"rotation": {
				"origin": [
					5.989434239999998,
					-8.42462015999999,
					26.607535360000004
				],
				"axis": "x",
				"angle": 22.5
			}
		},
		{
			"name": "tire4",
			"from": [
				-0.6151827199999929,
				-12.143632127999997,
				22.888523392000007
			],
			"to": [
				3.0412544000000032,
				-4.705608192,
				30.326547328
			],
			"faces": {
				"north": {"uv": [8, 0, 0, 2], "texture": "#0"},
				"east": {"uv": [8, 0, 0, 2], "texture": "#0"},
				"south": {"uv": [8, 0, 0, 2], "texture": "#0"},
				"west": {"uv": [8, 0, 0, 2], "texture": "#0"},
				"up": {"uv": [8, 0, 0, 2], "texture": "#0"},
				"down": {"uv": [8, 0, 0, 2], "texture": "#0"}
			}
		},
		{
			"name": "wheel4",
			"from": [
				-1.1464701440000056,
				-10.726865664000002,
				24.305289856
			],
			"to": [
				2.5099669759999905,
				-6.122374656000005,
				28.909780863999995
			],
			"faces": {
				"north": {"uv": [9, 0, 8, 2], "texture": "#0"},
				"east": {"uv": [16, 0, 8, 2], "texture": "#0"},
				"south": {"uv": [9, 0, 8, 2], "texture": "#0"},
				"west": {"uv": [16, 0, 8, 2], "texture": "#0"},
				"up": {"uv": [9, 0, 8, 2], "texture": "#0"},
				"down": {"uv": [9, 0, 8, 2], "texture": "#0"}
			}
		},
		{
			"name": "tire5",
			"from": [
				-0.6151827199999929,
				-12.143632127999997,
				22.888523392000007
			],
			"to": [
				3.0412544000000032,
				-4.705608192,
				30.326547328
			],
			"faces": {
				"north": {"uv": [8, 4, 0, 6], "texture": "#1"},
				"east": {"uv": [8, 4, 0, 6], "texture": "#1"},
				"south": {"uv": [8, 4, 0, 6], "texture": "#1"},
				"west": {"uv": [8, 4, 0, 6], "texture": "#1"},
				"up": {"uv": [8, 4, 0, 6], "texture": "#1"},
				"down": {"uv": [8, 4, 0, 6], "texture": "#1"}
			},
			"rotation": {
				"origin": [
					10.010565760000006,
					-8.42462015999999,
					26.607535360000004
				],
				"axis": "x",
				"angle": -22.5
			}
		},
		{
			"name": "wheel5",
			"from": [
				-1.1464701440000056,
				-10.726865664000002,
				24.305289856
			],
			"to": [
				2.5099669759999905,
				-6.122374656000005,
				28.909780863999995
			],
			"faces": {
				"north": {"uv": [9, 4, 8, 6], "texture": "#1"},
				"east": {"uv": [16, 4, 8, 6], "texture": "#1"},
				"south": {"uv": [9, 4, 8, 6], "texture": "#1"},
				"west": {"uv": [16, 4, 8, 6], "texture": "#1"},
				"up": {"uv": [9, 4, 8, 6], "texture": "#1"},
				"down": {"uv": [9, 4, 8, 6], "texture": "#1"}
			},
			"rotation": {
				"origin": [
					10.010565760000002,
					-8.42462015999999,
					26.607535360000004
				],
				"axis": "x",
				"angle": -22.5
			}
		},
		{
			"name": "tire6",
			"from": [
				-0.6151827199999929,
				-12.143632127999997,
				22.888523392000007
			],
			"to": [
				3.0412544000000032,
				-4.705608192,
				30.326547328
			],
			"faces": {
				"north": {"uv": [8, 6, 0, 8], "texture": "#2"},
				"east": {"uv": [8, 6, 0, 8], "texture": "#2"},
				"south": {"uv": [8, 6, 0, 8], "texture": "#2"},
				"west": {"uv": [8, 6, 0, 8], "texture": "#2"},
				"up": {"uv": [8, 6, 0, 8], "texture": "#2"},
				"down": {"uv": [8, 6, 0, 8], "texture": "#2"}
			},
			"rotation": {
				"origin": [
					10.010565760000006,
					-8.42462015999999,
					26.607535360000004
				],
				"axis": "x",
				"angle": -45
			}
		},
		{
			"name": "wheel6",
			"from": [
				-1.1464701440000056,
				-10.726865664000002,
				24.305289856
			],
			"to": [
				2.5099669759999905,
				-6.122374656000005,
				28.909780863999995
			],
			"faces": {
				"north": {"uv": [9, 6, 8, 8], "texture": "#2"},
				"east": {"uv": [16, 6, 8, 8], "texture": "#2"},
				"south": {"uv": [9, 6, 8, 8], "texture": "#2"},
				"west": {"uv": [16, 6, 8, 8], "texture": "#2"},
				"up": {"uv": [9, 6, 8, 8], "texture": "#2"},
				"down": {"uv": [9, 6, 8, 8], "texture": "#2"}
			},
			"rotation": {
				"origin": [
					10.010565760000002,
					-8.42462015999999,
					26.607535360000004
				],
				"axis": "x",
				"angle": -45
			}
		},
		{
			"name": "tire7",
			"from": [
				-0.6151827199999929,
				-12.143632127999997,
				22.888523392000007
			],
			"to": [
				3.0412544000000032,
				-4.705608192,
				30.326547328
			],
			"faces": {
				"north": {"uv": [8, 6, 0, 8], "texture": "#3"},
				"east": {"uv": [8, 6, 0, 8], "texture": "#3"},
				"south": {"uv": [8, 6, 0, 8], "texture": "#3"},
				"west": {"uv": [8, 6, 0, 8], "texture": "#3"},
				"up": {"uv": [8, 6, 0, 8], "texture": "#3"},
				"down": {"uv": [8, 6, 0, 8], "texture": "#3"}
			},
			"rotation": {
				"origin": [
					10.010565760000006,
					-8.42462015999999,
					26.607535360000004
				],
				"axis": "x",
				"angle": 22.5
			}
		},
		{
			"name": "wheel7",
			"from": [
				-1.1464701440000056,
				-10.726865664000002,
				24.305289856
			],
			"to": [
				2.5099669759999905,
				-6.122374656000005,
				28.909780863999995
			],
			"faces": {
				"north": {"uv": [9, 6, 8, 8], "texture": "#3"},
				"east": {"uv": [16, 6, 8, 8], "texture": "#3"},
				"south": {"uv": [9, 6, 8, 8], "texture": "#3"},
				"west": {"uv": [16, 6, 8, 8], "texture": "#3"},
				"up": {"uv": [9, 6, 8, 8], "texture": "#3"},
				"down": {"uv": [9, 6, 8, 8], "texture": "#3"}
			},
			"rotation": {
				"origin": [
					10.010565760000002,
					-8.42462015999999,
					26.607535360000004
				],
				"axis": "x",
				"angle": 22.5
			}
		}
	],
	"groups": [
		0,
		1,
		2,
		3,
		4,
		5,
		6,
		7,
		8,
		9,
		10,
		11,
		12,
		13,
		14,
		15,
		16,
		17,
		18,
		19,
		20,
		21,
		22,
		23,
		24,
		25,
		26,
		27,
		28,
		29,
		30,
		31,
		32,
		33,
		34,
		35,
		36,
		37
	],
	"display": {
		"head": {
			"rotation": [0, 0, 0],
			"translation": [0, 0, 15],
			"scale": [3.5, 3.5, 3.5]
		},
		"thirdperson_righthand": {"scale": [1, 1, 1]}
	}
}