{
	"credit": "Made with Blockbench, a free, modern block model editor by JannisX11",
	"textures": {
		"0": "custom/anim1",
		"1": "custom/anim2",
		"2": "custom/anim3",
		"3": "custom/anim4"
	},
	"elements": [
		{
			"name": "tire1",
			"from": [
				12.958745599999997,
				-13.543632127999997,
				1.6885233920000093
			],
			"to": [
				16.615182719999993,
				-6.105608192,
				9.126547328000004
			],
			"faces": {
				"north": {"uv": [0, 0, 8, 2], "texture": "#0"},
				"east": {"uv": [0, 0, 8, 2], "texture": "#0"},
				"south": {"uv": [0, 0, 8, 2], "texture": "#0"},
				"west": {"uv": [0, 0, 8, 2], "texture": "#0"},
				"up": {"uv": [0, 0, 8, 2], "texture": "#0"},
				"down": {"uv": [0, 0, 8, 2], "texture": "#0"}
			}
		},
		{
			"name": "wheel1",
			"from": [
				13.49003302400001,
				-12.126865664000002,
				3.1052898560000033
			],
			"to": [
				17.146470144000006,
				-7.5223746560000055,
				7.709780863999996
			],
			"faces": {
				"north": {"uv": [8, 0, 9, 2], "texture": "#0"},
				"east": {"uv": [8, 0, 16, 2], "texture": "#0"},
				"south": {"uv": [8, 0, 9, 2], "texture": "#0"},
				"west": {"uv": [8, 0, 16, 2], "texture": "#0"},
				"up": {"uv": [8, 0, 9, 2], "texture": "#0"},
				"down": {"uv": [8, 0, 9, 2], "texture": "#0"}
			}
		},
		{
			"name": "axle1",
			"from": [
				1.843027072,
				-10.355907583999995,
				4.876247936000003
			],
			"to": [
				14.135841408,
				-9.293332736000009,
				5.9388227839999965
			],
			"faces": {
				"north": {"uv": [0, 2, 8, 4], "texture": "#0"},
				"east": {"uv": [0, 2, 8, 4], "texture": "#0"},
				"south": {"uv": [0, 2, 8, 4], "texture": "#0"},
				"west": {"uv": [0, 2, 8, 4], "texture": "#0"},
				"up": {"uv": [0, 2, 8, 4], "texture": "#0"},
				"down": {"uv": [0, 2, 8, 4], "texture": "#0"}
			}
		},
		{
			"name": "tire2",
			"from": [
				12.958745599999997,
				-13.543632127999997,
				1.6885233920000093
			],
			"to": [
				16.615182719999993,
				-6.105608192,
				9.126547328000004
			],
			"faces": {
				"north": {"uv": [0, 4, 8, 6], "texture": "#1"},
				"east": {"uv": [0, 4, 8, 6], "texture": "#1"},
				"south": {"uv": [0, 4, 8, 6], "texture": "#1"},
				"west": {"uv": [0, 4, 8, 6], "texture": "#1"},
				"up": {"uv": [0, 4, 8, 6], "texture": "#1"},
				"down": {"uv": [0, 4, 8, 6], "texture": "#1"}
			},
			"rotation": {
				"origin": [
					5.989434239999994,
					-9.82462015999999,
					5.40753536000001
				],
				"axis": "x",
				"angle": -22.5
			}
		},
		{
			"name": "wheel2",
			"from": [
				13.49003302400001,
				-12.126865664000002,
				3.1052898560000033
			],
			"to": [
				17.146470144000006,
				-7.5223746560000055,
				7.709780863999996
			],
			"faces": {
				"north": {"uv": [8, 4, 9, 6], "texture": "#1"},
				"east": {"uv": [8, 4, 16, 6], "texture": "#1"},
				"south": {"uv": [8, 4, 9, 6], "texture": "#1"},
				"west": {"uv": [8, 4, 16, 6], "texture": "#1"},
				"up": {"uv": [8, 4, 9, 6], "texture": "#1"},
				"down": {"uv": [8, 4, 9, 6], "texture": "#1"}
			},
			"rotation": {
				"origin": [
					5.989434239999998,
					-9.82462015999999,
					5.407535360000009
				],
				"axis": "x",
				"angle": -22.5
			}
		},
		{
			"name": "axle2",
			"from": [
				1.843027072,
				-10.355907583999995,
				4.876247936000003
			],
			"to": [
				14.135841408,
				-9.293332736000009,
				5.9388227839999965
			],
			"faces": {
				"north": {"uv": [0, 6, 8, 8], "texture": "#1"},
				"east": {"uv": [0, 6, 8, 8], "texture": "#1"},
				"south": {"uv": [0, 6, 8, 8], "texture": "#1"},
				"west": {"uv": [0, 6, 8, 8], "texture": "#1"},
				"up": {"uv": [0, 6, 8, 8], "texture": "#1"},
				"down": {"uv": [0, 6, 8, 8], "texture": "#1"}
			},
			"rotation": {
				"origin": [
					5.989434239999998,
					-9.82462015999999,
					5.407535360000009
				],
				"axis": "x",
				"angle": -22.5
			}
		},
		{
			"name": "tire3",
			"from": [
				12.958745599999997,
				-13.543632127999997,
				1.6885233920000093
			],
			"to": [
				16.615182719999993,
				-6.105608192,
				9.126547328000004
			],
			"faces": {
				"north": {"uv": [0, 6, 8, 8], "texture": "#2"},
				"east": {"uv": [0, 6, 8, 8], "texture": "#2"},
				"south": {"uv": [0, 6, 8, 8], "texture": "#2"},
				"west": {"uv": [0, 6, 8, 8], "texture": "#2"},
				"up": {"uv": [0, 6, 8, 8], "texture": "#2"},
				"down": {"uv": [0, 6, 8, 8], "texture": "#2"}
			},
			"rotation": {
				"origin": [
					5.989434239999994,
					-9.82462015999999,
					5.40753536000001
				],
				"axis": "x",
				"angle": -45
			}
		},
		{
			"name": "wheel3",
			"from": [
				13.49003302400001,
				-12.126865664000002,
				3.1052898560000033
			],
			"to": [
				17.146470144000006,
				-7.5223746560000055,
				7.709780863999996
			],
			"faces": {
				"north": {"uv": [8, 6, 9, 8], "texture": "#2"},
				"east": {"uv": [8, 6, 16, 8], "texture": "#2"},
				"south": {"uv": [8, 6, 9, 8], "texture": "#2"},
				"west": {"uv": [8, 6, 16, 8], "texture": "#2"},
				"up": {"uv": [8, 6, 9, 8], "texture": "#2"},
				"down": {"uv": [8, 6, 9, 8], "texture": "#2"}
			},
			"rotation": {
				"origin": [
					5.989434239999998,
					-9.82462015999999,
					5.407535360000009
				],
				"axis": "x",
				"angle": -45
			}
		},
		{
			"name": "axle3",
			"from": [
				1.843027072,
				-10.355907583999995,
				4.876247936000003
			],
			"to": [
				14.135841408,
				-9.293332736000009,
				5.9388227839999965
			],
			"faces": {
				"north": {"uv": [0, 8, 8, 10], "texture": "#2"},
				"east": {"uv": [0, 8, 8, 10], "texture": "#2"},
				"south": {"uv": [0, 8, 8, 10], "texture": "#2"},
				"west": {"uv": [0, 8, 8, 10], "texture": "#2"},
				"up": {"uv": [0, 8, 8, 10], "texture": "#2"},
				"down": {"uv": [0, 8, 8, 10], "texture": "#2"}
			},
			"rotation": {
				"origin": [
					5.989434239999998,
					-9.82462015999999,
					5.407535360000009
				],
				"axis": "x",
				"angle": -45
			}
		},
		{
			"name": "tire4",
			"from": [
				12.958745599999997,
				-13.543632127999997,
				1.6885233920000093
			],
			"to": [
				16.615182719999993,
				-6.105608192,
				9.126547328000004
			],
			"faces": {
				"north": {"uv": [0, 6, 8, 8], "texture": "#3"},
				"east": {"uv": [0, 6, 8, 8], "texture": "#3"},
				"south": {"uv": [0, 6, 8, 8], "texture": "#3"},
				"west": {"uv": [0, 6, 8, 8], "texture": "#3"},
				"up": {"uv": [0, 6, 8, 8], "texture": "#3"},
				"down": {"uv": [0, 6, 8, 8], "texture": "#3"}
			},
			"rotation": {
				"origin": [
					5.989434239999994,
					-9.82462015999999,
					5.40753536000001
				],
				"axis": "x",
				"angle": 22.5
			}
		},
		{
			"name": "wheel4",
			"from": [
				13.49003302400001,
				-12.126865664000002,
				3.1052898560000033
			],
			"to": [
				17.146470144000006,
				-7.5223746560000055,
				7.709780863999996
			],
			"faces": {
				"north": {"uv": [8, 6, 9, 8], "texture": "#3"},
				"east": {"uv": [8, 6, 16, 8], "texture": "#3"},
				"south": {"uv": [8, 6, 9, 8], "texture": "#3"},
				"west": {"uv": [8, 6, 16, 8], "texture": "#3"},
				"up": {"uv": [8, 6, 9, 8], "texture": "#3"},
				"down": {"uv": [8, 6, 9, 8], "texture": "#3"}
			},
			"rotation": {
				"origin": [
					5.989434239999998,
					-9.82462015999999,
					5.407535360000009
				],
				"axis": "x",
				"angle": 22.5
			}
		},
		{
			"name": "axle4",
			"from": [
				1.843027072,
				-10.355907583999995,
				4.876247936000003
			],
			"to": [
				14.135841408,
				-9.293332736000009,
				5.9388227839999965
			],
			"faces": {
				"north": {"uv": [0, 8, 8, 10], "texture": "#3"},
				"east": {"uv": [0, 8, 8, 10], "texture": "#3"},
				"south": {"uv": [0, 8, 8, 10], "texture": "#3"},
				"west": {"uv": [0, 8, 8, 10], "texture": "#3"},
				"up": {"uv": [0, 8, 8, 10], "texture": "#3"},
				"down": {"uv": [0, 8, 8, 10], "texture": "#3"}
			},
			"rotation": {
				"origin": [
					5.989434239999998,
					-9.82462015999999,
					5.407535360000009
				],
				"axis": "x",
				"angle": 22.5
			}
		},
		{
			"name": "tire2",
			"from": [
				-0.6151827199999929,
				-13.543632127999997,
				1.6885233920000093
			],
			"to": [
				3.0412544000000032,
				-6.105608192,
				9.126547328000004
			],
			"faces": {
				"north": {"uv": [8, 0, 0, 2], "texture": "#0"},
				"east": {"uv": [8, 0, 0, 2], "texture": "#0"},
				"south": {"uv": [8, 0, 0, 2], "texture": "#0"},
				"west": {"uv": [8, 0, 0, 2], "texture": "#0"},
				"up": {"uv": [8, 0, 0, 2], "texture": "#0"},
				"down": {"uv": [8, 0, 0, 2], "texture": "#0"}
			}
		},
		{
			"name": "wheel2",
			"from": [
				-1.1464701440000056,
				-12.126865664000002,
				3.1052898560000033
			],
			"to": [
				2.5099669759999905,
				-7.5223746560000055,
				7.709780863999996
			],
			"faces": {
				"north": {"uv": [9, 0, 8, 2], "texture": "#0"},
				"east": {"uv": [16, 0, 8, 2], "texture": "#0"},
				"south": {"uv": [9, 0, 8, 2], "texture": "#0"},
				"west": {"uv": [16, 0, 8, 2], "texture": "#0"},
				"up": {"uv": [9, 0, 8, 2], "texture": "#0"},
				"down": {"uv": [9, 0, 8, 2], "texture": "#0"}
			}
		},
		{
			"name": "tire3",
			"from": [
				-0.6151827199999929,
				-13.543632127999997,
				1.6885233920000093
			],
			"to": [
				3.0412544000000032,
				-6.105608192,
				9.126547328000004
			],
			"faces": {
				"north": {"uv": [8, 4, 0, 6], "texture": "#1"},
				"east": {"uv": [8, 4, 0, 6], "texture": "#1"},
				"south": {"uv": [8, 4, 0, 6], "texture": "#1"},
				"west": {"uv": [8, 4, 0, 6], "texture": "#1"},
				"up": {"uv": [8, 4, 0, 6], "texture": "#1"},
				"down": {"uv": [8, 4, 0, 6], "texture": "#1"}
			},
			"rotation": {
				"origin": [
					10.010565760000006,
					-9.82462015999999,
					5.40753536000001
				],
				"axis": "x",
				"angle": -22.5
			}
		},
		{
			"name": "wheel3",
			"from": [
				-1.1464701440000056,
				-12.126865664000002,
				3.1052898560000033
			],
			"to": [
				2.5099669759999905,
				-7.5223746560000055,
				7.709780863999996
			],
			"faces": {
				"north": {"uv": [9, 4, 8, 6], "texture": "#1"},
				"east": {"uv": [16, 4, 8, 6], "texture": "#1"},
				"south": {"uv": [9, 4, 8, 6], "texture": "#1"},
				"west": {"uv": [16, 4, 8, 6], "texture": "#1"},
				"up": {"uv": [9, 4, 8, 6], "texture": "#1"},
				"down": {"uv": [9, 4, 8, 6], "texture": "#1"}
			},
			"rotation": {
				"origin": [
					10.010565760000002,
					-9.82462015999999,
					5.407535360000009
				],
				"axis": "x",
				"angle": -22.5
			}
		},
		{
			"name": "tire4",
			"from": [
				-0.6151827199999929,
				-13.543632127999997,
				1.6885233920000093
			],
			"to": [
				3.0412544000000032,
				-6.105608192,
				9.126547328000004
			],
			"faces": {
				"north": {"uv": [8, 6, 0, 8], "texture": "#2"},
				"east": {"uv": [8, 6, 0, 8], "texture": "#2"},
				"south": {"uv": [8, 6, 0, 8], "texture": "#2"},
				"west": {"uv": [8, 6, 0, 8], "texture": "#2"},
				"up": {"uv": [8, 6, 0, 8], "texture": "#2"},
				"down": {"uv": [8, 6, 0, 8], "texture": "#2"}
			},
			"rotation": {
				"origin": [
					10.010565760000006,
					-9.82462015999999,
					5.40753536000001
				],
				"axis": "x",
				"angle": -45
			}
		},
		{
			"name": "wheel4",
			"from": [
				-1.1464701440000056,
				-12.126865664000002,
				3.1052898560000033
			],
			"to": [
				2.5099669759999905,
				-7.5223746560000055,
				7.709780863999996
			],
			"faces": {
				"north": {"uv": [9, 6, 8, 8], "texture": "#2"},
				"east": {"uv": [16, 6, 8, 8], "texture": "#2"},
				"south": {"uv": [9, 6, 8, 8], "texture": "#2"},
				"west": {"uv": [16, 6, 8, 8], "texture": "#2"},
				"up": {"uv": [9, 6, 8, 8], "texture": "#2"},
				"down": {"uv": [9, 6, 8, 8], "texture": "#2"}
			},
			"rotation": {
				"origin": [
					10.010565760000002,
					-9.82462015999999,
					5.407535360000009
				],
				"axis": "x",
				"angle": -45
			}
		},
		{
			"name": "tire5",
			"from": [
				-0.6151827199999929,
				-13.543632127999997,
				1.6885233920000093
			],
			"to": [
				3.0412544000000032,
				-6.105608192,
				9.126547328000004
			],
			"faces": {
				"north": {"uv": [8, 6, 0, 8], "texture": "#3"},
				"east": {"uv": [8, 6, 0, 8], "texture": "#3"},
				"south": {"uv": [8, 6, 0, 8], "texture": "#3"},
				"west": {"uv": [8, 6, 0, 8], "texture": "#3"},
				"up": {"uv": [8, 6, 0, 8], "texture": "#3"},
				"down": {"uv": [8, 6, 0, 8], "texture": "#3"}
			},
			"rotation": {
				"origin": [
					10.010565760000006,
					-9.82462015999999,
					5.40753536000001
				],
				"axis": "x",
				"angle": 22.5
			}
		},
		{
			"name": "wheel5",
			"from": [
				-1.1464701440000056,
				-12.126865664000002,
				3.1052898560000033
			],
			"to": [
				2.5099669759999905,
				-7.5223746560000055,
				7.709780863999996
			],
			"faces": {
				"north": {"uv": [9, 6, 8, 8], "texture": "#3"},
				"east": {"uv": [16, 6, 8, 8], "texture": "#3"},
				"south": {"uv": [9, 6, 8, 8], "texture": "#3"},
				"west": {"uv": [16, 6, 8, 8], "texture": "#3"},
				"up": {"uv": [9, 6, 8, 8], "texture": "#3"},
				"down": {"uv": [9, 6, 8, 8], "texture": "#3"}
			},
			"rotation": {
				"origin": [
					10.010565760000002,
					-9.82462015999999,
					5.407535360000009
				],
				"axis": "x",
				"angle": 22.5
			}
		},
		{
			"name": "tire3",
			"from": [
				12.958745599999997,
				-13.543632127999997,
				22.28852339200001
			],
			"to": [
				16.615182719999993,
				-6.105608192,
				29.726547328000002
			],
			"faces": {
				"north": {"uv": [0, 0, 8, 2], "texture": "#0"},
				"east": {"uv": [0, 0, 8, 2], "texture": "#0"},
				"south": {"uv": [0, 0, 8, 2], "texture": "#0"},
				"west": {"uv": [0, 0, 8, 2], "texture": "#0"},
				"up": {"uv": [0, 0, 8, 2], "texture": "#0"},
				"down": {"uv": [0, 0, 8, 2], "texture": "#0"}
			}
		},
		{
			"name": "wheel3",
			"from": [
				13.49003302400001,
				-12.126865664000002,
				23.705289856
			],
			"to": [
				17.146470144000006,
				-7.5223746560000055,
				28.309780863999993
			],
			"faces": {
				"north": {"uv": [8, 0, 9, 2], "texture": "#0"},
				"east": {"uv": [8, 0, 16, 2], "texture": "#0"},
				"south": {"uv": [8, 0, 9, 2], "texture": "#0"},
				"west": {"uv": [8, 0, 16, 2], "texture": "#0"},
				"up": {"uv": [8, 0, 9, 2], "texture": "#0"},
				"down": {"uv": [8, 0, 9, 2], "texture": "#0"}
			}
		},
		{
			"name": "axle3",
			"from": [
				1.843027072,
				-10.355907583999995,
				25.476247936
			],
			"to": [
				14.135841408,
				-9.293332736000009,
				26.538822783999994
			],
			"faces": {
				"north": {"uv": [0, 2, 8, 4], "texture": "#0"},
				"east": {"uv": [0, 2, 8, 4], "texture": "#0"},
				"south": {"uv": [0, 2, 8, 4], "texture": "#0"},
				"west": {"uv": [0, 2, 8, 4], "texture": "#0"},
				"up": {"uv": [0, 2, 8, 4], "texture": "#0"},
				"down": {"uv": [0, 2, 8, 4], "texture": "#0"}
			}
		},
		{
			"name": "tire4",
			"from": [
				12.958745599999997,
				-13.543632127999997,
				22.28852339200001
			],
			"to": [
				16.615182719999993,
				-6.105608192,
				29.726547328000002
			],
			"faces": {
				"north": {"uv": [0, 4, 8, 6], "texture": "#1"},
				"east": {"uv": [0, 4, 8, 6], "texture": "#1"},
				"south": {"uv": [0, 4, 8, 6], "texture": "#1"},
				"west": {"uv": [0, 4, 8, 6], "texture": "#1"},
				"up": {"uv": [0, 4, 8, 6], "texture": "#1"},
				"down": {"uv": [0, 4, 8, 6], "texture": "#1"}
			},
			"rotation": {
				"origin": [
					5.989434239999994,
					-9.82462015999999,
					26.007535360000006
				],
				"axis": "x",
				"angle": -22.5
			}
		},
		{
			"name": "wheel4",
			"from": [
				13.49003302400001,
				-12.126865664000002,
				23.705289856
			],
			"to": [
				17.146470144000006,
				-7.5223746560000055,
				28.309780863999993
			],
			"faces": {
				"north": {"uv": [8, 4, 9, 6], "texture": "#1"},
				"east": {"uv": [8, 4, 16, 6], "texture": "#1"},
				"south": {"uv": [8, 4, 9, 6], "texture": "#1"},
				"west": {"uv": [8, 4, 16, 6], "texture": "#1"},
				"up": {"uv": [8, 4, 9, 6], "texture": "#1"},
				"down": {"uv": [8, 4, 9, 6], "texture": "#1"}
			},
			"rotation": {
				"origin": [
					5.989434239999998,
					-9.82462015999999,
					26.007535360000002
				],
				"axis": "x",
				"angle": -22.5
			}
		},
		{
			"name": "axle4",
			"from": [
				1.843027072,
				-10.355907583999995,
				25.476247936
			],
			"to": [
				14.135841408,
				-9.293332736000009,
				26.538822783999994
			],
			"faces": {
				"north": {"uv": [0, 6, 8, 8], "texture": "#1"},
				"east": {"uv": [0, 6, 8, 8], "texture": "#1"},
				"south": {"uv": [0, 6, 8, 8], "texture": "#1"},
				"west": {"uv": [0, 6, 8, 8], "texture": "#1"},
				"up": {"uv": [0, 6, 8, 8], "texture": "#1"},
				"down": {"uv": [0, 6, 8, 8], "texture": "#1"}
			},
			"rotation": {
				"origin": [
					5.989434239999998,
					-9.82462015999999,
					26.007535360000006
				],
				"axis": "x",
				"angle": -22.5
			}
		},
		{
			"name": "tire5",
			"from": [
				12.958745599999997,
				-13.543632127999997,
				22.28852339200001
			],
			"to": [
				16.615182719999993,
				-6.105608192,
				29.726547328000002
			],
			"faces": {
				"north": {"uv": [0, 6, 8, 8], "texture": "#2"},
				"east": {"uv": [0, 6, 8, 8], "texture": "#2"},
				"south": {"uv": [0, 6, 8, 8], "texture": "#2"},
				"west": {"uv": [0, 6, 8, 8], "texture": "#2"},
				"up": {"uv": [0, 6, 8, 8], "texture": "#2"},
				"down": {"uv": [0, 6, 8, 8], "texture": "#2"}
			},
			"rotation": {
				"origin": [
					5.989434239999994,
					-9.82462015999999,
					26.007535360000006
				],
				"axis": "x",
				"angle": -45
			}
		},
		{
			"name": "wheel5",
			"from": [
				13.49003302400001,
				-12.126865664000002,
				23.705289856
			],
			"to": [
				17.146470144000006,
				-7.5223746560000055,
				28.309780863999993
			],
			"faces": {
				"north": {"uv": [8, 6, 9, 8], "texture": "#2"},
				"east": {"uv": [8, 6, 16, 8], "texture": "#2"},
				"south": {"uv": [8, 6, 9, 8], "texture": "#2"},
				"west": {"uv": [8, 6, 16, 8], "texture": "#2"},
				"up": {"uv": [8, 6, 9, 8], "texture": "#2"},
				"down": {"uv": [8, 6, 9, 8], "texture": "#2"}
			},
			"rotation": {
				"origin": [
					5.989434239999998,
					-9.82462015999999,
					26.007535360000002
				],
				"axis": "x",
				"angle": -45
			}
		},
		{
			"name": "axle5",
			"from": [
				1.843027072,
				-10.355907583999995,
				25.476247936
			],
			"to": [
				14.135841408,
				-9.293332736000009,
				26.538822783999994
			],
			"faces": {
				"north": {"uv": [0, 8, 8, 10], "texture": "#2"},
				"east": {"uv": [0, 8, 8, 10], "texture": "#2"},
				"south": {"uv": [0, 8, 8, 10], "texture": "#2"},
				"west": {"uv": [0, 8, 8, 10], "texture": "#2"},
				"up": {"uv": [0, 8, 8, 10], "texture": "#2"},
				"down": {"uv": [0, 8, 8, 10], "texture": "#2"}
			},
			"rotation": {
				"origin": [
					5.989434239999998,
					-9.82462015999999,
					26.007535360000006
				],
				"axis": "x",
				"angle": -45
			}
		},
		{
			"name": "tire6",
			"from": [
				12.958745599999997,
				-13.543632127999997,
				22.28852339200001
			],
			"to": [
				16.615182719999993,
				-6.105608192,
				29.726547328000002
			],
			"faces": {
				"north": {"uv": [0, 6, 8, 8], "texture": "#3"},
				"east": {"uv": [0, 6, 8, 8], "texture": "#3"},
				"south": {"uv": [0, 6, 8, 8], "texture": "#3"},
				"west": {"uv": [0, 6, 8, 8], "texture": "#3"},
				"up": {"uv": [0, 6, 8, 8], "texture": "#3"},
				"down": {"uv": [0, 6, 8, 8], "texture": "#3"}
			},
			"rotation": {
				"origin": [
					5.989434239999994,
					-9.82462015999999,
					26.007535360000006
				],
				"axis": "x",
				"angle": 22.5
			}
		},
		{
			"name": "wheel6",
			"from": [
				13.49003302400001,
				-12.126865664000002,
				23.705289856
			],
			"to": [
				17.146470144000006,
				-7.5223746560000055,
				28.309780863999993
			],
			"faces": {
				"north": {"uv": [8, 6, 9, 8], "texture": "#3"},
				"east": {"uv": [8, 6, 16, 8], "texture": "#3"},
				"south": {"uv": [8, 6, 9, 8], "texture": "#3"},
				"west": {"uv": [8, 6, 16, 8], "texture": "#3"},
				"up": {"uv": [8, 6, 9, 8], "texture": "#3"},
				"down": {"uv": [8, 6, 9, 8], "texture": "#3"}
			},
			"rotation": {
				"origin": [
					5.989434239999998,
					-9.82462015999999,
					26.007535360000002
				],
				"axis": "x",
				"angle": 22.5
			}
		},
		{
			"name": "axle6",
			"from": [
				1.843027072,
				-10.355907583999995,
				25.476247936
			],
			"to": [
				14.135841408,
				-9.293332736000009,
				26.538822783999994
			],
			"faces": {
				"north": {"uv": [0, 8, 8, 10], "texture": "#3"},
				"east": {"uv": [0, 8, 8, 10], "texture": "#3"},
				"south": {"uv": [0, 8, 8, 10], "texture": "#3"},
				"west": {"uv": [0, 8, 8, 10], "texture": "#3"},
				"up": {"uv": [0, 8, 8, 10], "texture": "#3"},
				"down": {"uv": [0, 8, 8, 10], "texture": "#3"}
			},
			"rotation": {
				"origin": [
					5.989434239999998,
					-9.82462015999999,
					26.007535360000006
				],
				"axis": "x",
				"angle": 22.5
			}
		},
		{
			"name": "tire4",
			"from": [
				-0.6151827199999929,
				-13.543632127999997,
				22.28852339200001
			],
			"to": [
				3.0412544000000032,
				-6.105608192,
				29.726547328000002
			],
			"faces": {
				"north": {"uv": [8, 0, 0, 2], "texture": "#0"},
				"east": {"uv": [8, 0, 0, 2], "texture": "#0"},
				"south": {"uv": [8, 0, 0, 2], "texture": "#0"},
				"west": {"uv": [8, 0, 0, 2], "texture": "#0"},
				"up": {"uv": [8, 0, 0, 2], "texture": "#0"},
				"down": {"uv": [8, 0, 0, 2], "texture": "#0"}
			}
		},
		{
			"name": "wheel4",
			"from": [
				-1.1464701440000056,
				-12.126865664000002,
				23.705289856
			],
			"to": [
				2.5099669759999905,
				-7.5223746560000055,
				28.309780863999993
			],
			"faces": {
				"north": {"uv": [9, 0, 8, 2], "texture": "#0"},
				"east": {"uv": [16, 0, 8, 2], "texture": "#0"},
				"south": {"uv": [9, 0, 8, 2], "texture": "#0"},
				"west": {"uv": [16, 0, 8, 2], "texture": "#0"},
				"up": {"uv": [9, 0, 8, 2], "texture": "#0"},
				"down": {"uv": [9, 0, 8, 2], "texture": "#0"}
			}
		},
		{
			"name": "tire5",
			"from": [
				-0.6151827199999929,
				-13.543632127999997,
				22.28852339200001
			],
			"to": [
				3.0412544000000032,
				-6.105608192,
				29.726547328000002
			],
			"faces": {
				"north": {"uv": [8, 4, 0, 6], "texture": "#1"},
				"east": {"uv": [8, 4, 0, 6], "texture": "#1"},
				"south": {"uv": [8, 4, 0, 6], "texture": "#1"},
				"west": {"uv": [8, 4, 0, 6], "texture": "#1"},
				"up": {"uv": [8, 4, 0, 6], "texture": "#1"},
				"down": {"uv": [8, 4, 0, 6], "texture": "#1"}
			},
			"rotation": {
				"origin": [
					10.010565760000006,
					-9.82462015999999,
					26.007535360000006
				],
				"axis": "x",
				"angle": -22.5
			}
		},
		{
			"name": "wheel5",
			"from": [
				-1.1464701440000056,
				-12.126865664000002,
				23.705289856
			],
			"to": [
				2.5099669759999905,
				-7.5223746560000055,
				28.309780863999993
			],
			"faces": {
				"north": {"uv": [9, 4, 8, 6], "texture": "#1"},
				"east": {"uv": [16, 4, 8, 6], "texture": "#1"},
				"south": {"uv": [9, 4, 8, 6], "texture": "#1"},
				"west": {"uv": [16, 4, 8, 6], "texture": "#1"},
				"up": {"uv": [9, 4, 8, 6], "texture": "#1"},
				"down": {"uv": [9, 4, 8, 6], "texture": "#1"}
			},
			"rotation": {
				"origin": [
					10.010565760000002,
					-9.82462015999999,
					26.007535360000002
				],
				"axis": "x",
				"angle": -22.5
			}
		},
		{
			"name": "tire6",
			"from": [
				-0.6151827199999929,
				-13.543632127999997,
				22.28852339200001
			],
			"to": [
				3.0412544000000032,
				-6.105608192,
				29.726547328000002
			],
			"faces": {
				"north": {"uv": [8, 6, 0, 8], "texture": "#2"},
				"east": {"uv": [8, 6, 0, 8], "texture": "#2"},
				"south": {"uv": [8, 6, 0, 8], "texture": "#2"},
				"west": {"uv": [8, 6, 0, 8], "texture": "#2"},
				"up": {"uv": [8, 6, 0, 8], "texture": "#2"},
				"down": {"uv": [8, 6, 0, 8], "texture": "#2"}
			},
			"rotation": {
				"origin": [
					10.010565760000006,
					-9.82462015999999,
					26.007535360000006
				],
				"axis": "x",
				"angle": -45
			}
		},
		{
			"name": "wheel6",
			"from": [
				-1.1464701440000056,
				-12.126865664000002,
				23.705289856
			],
			"to": [
				2.5099669759999905,
				-7.5223746560000055,
				28.309780863999993
			],
			"faces": {
				"north": {"uv": [9, 6, 8, 8], "texture": "#2"},
				"east": {"uv": [16, 6, 8, 8], "texture": "#2"},
				"south": {"uv": [9, 6, 8, 8], "texture": "#2"},
				"west": {"uv": [16, 6, 8, 8], "texture": "#2"},
				"up": {"uv": [9, 6, 8, 8], "texture": "#2"},
				"down": {"uv": [9, 6, 8, 8], "texture": "#2"}
			},
			"rotation": {
				"origin": [
					10.010565760000002,
					-9.82462015999999,
					26.007535360000002
				],
				"axis": "x",
				"angle": -45
			}
		},
		{
			"name": "tire7",
			"from": [
				-0.6151827199999929,
				-13.543632127999997,
				22.28852339200001
			],
			"to": [
				3.0412544000000032,
				-6.105608192,
				29.726547328000002
			],
			"faces": {
				"north": {"uv": [8, 6, 0, 8], "texture": "#3"},
				"east": {"uv": [8, 6, 0, 8], "texture": "#3"},
				"south": {"uv": [8, 6, 0, 8], "texture": "#3"},
				"west": {"uv": [8, 6, 0, 8], "texture": "#3"},
				"up": {"uv": [8, 6, 0, 8], "texture": "#3"},
				"down": {"uv": [8, 6, 0, 8], "texture": "#3"}
			},
			"rotation": {
				"origin": [
					10.010565760000006,
					-9.82462015999999,
					26.007535360000006
				],
				"axis": "x",
				"angle": 22.5
			}
		},
		{
			"name": "wheel7",
			"from": [
				-1.1464701440000056,
				-12.126865664000002,
				23.705289856
			],
			"to": [
				2.5099669759999905,
				-7.5223746560000055,
				28.309780863999993
			],
			"faces": {
				"north": {"uv": [9, 6, 8, 8], "texture": "#3"},
				"east": {"uv": [16, 6, 8, 8], "texture": "#3"},
				"south": {"uv": [9, 6, 8, 8], "texture": "#3"},
				"west": {"uv": [16, 6, 8, 8], "texture": "#3"},
				"up": {"uv": [9, 6, 8, 8], "texture": "#3"},
				"down": {"uv": [9, 6, 8, 8], "texture": "#3"}
			},
			"rotation": {
				"origin": [
					10.010565760000002,
					-9.82462015999999,
					26.007535360000002
				],
				"axis": "x",
				"angle": 22.5
			}
		}
	],
	"groups": [
		0,
		1,
		2,
		3,
		4,
		5,
		6,
		7,
		8,
		9,
		10,
		11,
		12,
		13,
		14,
		15,
		16,
		17,
		18,
		19,
		20,
		21,
		22,
		23,
		24,
		25,
		26,
		27,
		28,
		29,
		30,
		31,
		32,
		33,
		34,
		35,
		36,
		37,
		38,
		39
	],
	"display": {
		"head": {
			"rotation": [0, 0, 0],
			"translation": [0, 0, 15],
			"scale": [3.5, 3.5, 3.5]
		},
		"thirdperson_righthand": {"scale": [1, 1, 1]}
	}
}