{
    "__comment": "Model generated using MrCrayfish's Model Creator (http://mrcrayfish.com/modelcreator/)",
    "textures": {
        "0": "block/iron_block",
        "1": "block/wool_colored_black",
        "2": "block/hardened_clay_stained_cyan"
    },
    "elements": [
        {
            "name": "Cube",
            "from": [ 1.8, 0.7, -2.3 ], 
            "to": [ 3.3, 3.3, 0.30000000000000027 ], 
            "faces": {
                "north": { "texture": "#0", "uv": [ 0.0, 0.0, 1.5, 2.6 ] },
                "east": { "texture": "#0", "uv": [ 0.0, 0.0, 15.6, 15.6 ] },
                "south": { "texture": "#0", "uv": [ 0.0, 0.0, 1.5, 2.6 ] },
                "west": { "texture": "#0", "uv": [ 0.0, 0.0, 15.6, 15.6 ] },
                "up": { "texture": "#0", "uv": [ 0.0, 0.0, 1.5, 2.6 ] },
                "down": { "texture": "#0", "uv": [ 0.0, 0.0, 1.5, 2.6 ] }
            }
        },
        {
            "name": "Cube",
            "from": [ 12.5, -0.10000000000000009, -3.1 ], 
            "to": [ 14.0, 4.1, 1.1 ], 
            "faces": {
                "north": { "texture": "#1", "uv": [ 0.0, 0.0, 1.5, 4.2 ] },
                "east": { "texture": "#1", "uv": [ 0.0, 0.0, 4.2, 4.2 ] },
                "south": { "texture": "#1", "uv": [ 0.0, 0.0, 1.5, 4.2 ] },
                "west": { "texture": "#1", "uv": [ 0.0, 0.0, 4.2, 4.2 ] },
                "up": { "texture": "#1", "uv": [ 0.0, 0.0, 1.5, 4.2 ] },
                "down": { "texture": "#1", "uv": [ 0.0, 0.0, 1.5, 4.2 ] }
            }
        },
        {
            "name": "Cube",
            "from": [ 12.5, -0.10000000000000009, 14.9 ], 
            "to": [ 14.0, 4.1, 19.1 ], 
            "faces": {
                "north": { "texture": "#1", "uv": [ 0.0, 0.0, 1.5, 4.2 ] },
                "east": { "texture": "#1", "uv": [ 0.0, 0.0, 4.2, 4.2 ] },
                "south": { "texture": "#1", "uv": [ 0.0, 0.0, 1.5, 4.2 ] },
                "west": { "texture": "#1", "uv": [ 0.0, 0.0, 4.2, 4.2 ] },
                "up": { "texture": "#1", "uv": [ 0.0, 0.0, 1.5, 4.2 ] },
                "down": { "texture": "#1", "uv": [ 0.0, 0.0, 1.5, 4.2 ] }
            }
        },
        {
            "name": "Cube",
            "from": [ 2.0, -0.10000000000000009, 14.9 ], 
            "to": [ 3.5, 4.1, 19.1 ], 
            "faces": {
                "north": { "texture": "#1", "uv": [ 0.0, 0.0, 1.5, 4.2 ] },
                "east": { "texture": "#1", "uv": [ 0.0, 0.0, 4.2, 4.2 ] },
                "south": { "texture": "#1", "uv": [ 0.0, 0.0, 1.5, 4.2 ] },
                "west": { "texture": "#1", "uv": [ 0.0, 0.0, 4.2, 4.2 ] },
                "up": { "texture": "#1", "uv": [ 0.0, 0.0, 1.5, 4.2 ] },
                "down": { "texture": "#1", "uv": [ 0.0, 0.0, 1.5, 4.2 ] }
            }
        },
        {
            "name": "Cube",
            "from": [ 2.0, -0.10000000000000009, -3.1 ], 
            "to": [ 3.5, 4.1, 1.1 ], 
            "faces": {
                "north": { "texture": "#1", "uv": [ 0.0, 0.0, 1.5, 4.2 ] },
                "east": { "texture": "#1", "uv": [ 0.0, 0.0, 4.2, 4.2 ] },
                "south": { "texture": "#1", "uv": [ 0.0, 0.0, 1.5, 4.2 ] },
                "west": { "texture": "#1", "uv": [ 0.0, 0.0, 4.2, 4.2 ] },
                "up": { "texture": "#1", "uv": [ 0.0, 0.0, 1.5, 4.2 ] },
                "down": { "texture": "#1", "uv": [ 0.0, 0.0, 1.5, 4.2 ] }
            }
        },
        {
            "name": "Cube",
            "from": [ 1.8, 0.7, 15.7 ], 
            "to": [ 3.3, 3.3, 18.3 ], 
            "faces": {
                "north": { "texture": "#0", "uv": [ 0.0, 0.0, 1.5, 2.6 ] },
                "east": { "texture": "#0", "uv": [ 0.0, 0.0, 15.6, 15.6 ] },
                "south": { "texture": "#0", "uv": [ 0.0, 0.0, 1.5, 2.6 ] },
                "west": { "texture": "#0", "uv": [ 0.0, 0.0, 15.6, 15.6 ] },
                "up": { "texture": "#0", "uv": [ 0.0, 0.0, 1.5, 2.6 ] },
                "down": { "texture": "#0", "uv": [ 0.0, 0.0, 1.5, 2.6 ] }
            }
        },
        {
            "name": "Cube",
            "from": [ 12.8, 0.7, 15.7 ], 
            "to": [ 14.3, 3.3, 18.3 ], 
            "faces": {
                "north": { "texture": "#0", "uv": [ 0.0, 0.0, 1.5, 2.6 ] },
                "east": { "texture": "#0", "uv": [ 0.0, 0.0, 15.6, 15.6 ] },
                "south": { "texture": "#0", "uv": [ 0.0, 0.0, 1.5, 2.6 ] },
                "west": { "texture": "#0", "uv": [ 0.0, 0.0, 15.6, 15.6 ] },
                "up": { "texture": "#0", "uv": [ 0.0, 0.0, 1.5, 2.6 ] },
                "down": { "texture": "#0", "uv": [ 0.0, 0.0, 1.5, 2.6 ] }
            }
        },
        {
            "name": "Cube",
            "from": [ 12.8, 0.7, -2.3000000000000007 ], 
            "to": [ 14.3, 3.3, 0.2999999999999994 ], 
            "faces": {
                "north": { "texture": "#0", "uv": [ 0.0, 0.0, 1.5, 2.6 ] },
                "east": { "texture": "#0", "uv": [ 0.0, 0.0, 15.6, 15.6 ] },
                "south": { "texture": "#0", "uv": [ 0.0, 0.0, 1.5, 2.6 ] },
                "west": { "texture": "#0", "uv": [ 0.0, 0.0, 15.6, 15.6 ] },
                "up": { "texture": "#0", "uv": [ 0.0, 0.0, 1.5, 2.6 ] },
                "down": { "texture": "#0", "uv": [ 0.0, 0.0, 1.5, 2.6 ] }
            }
        },
        {
            "name": "Cube",
            "from": [ 3.4, 1.7, -1.2999999999999998 ], 
            "to": [ 12.6, 2.3, -0.6999999999999997 ], 
            "faces": {
                "north": { "texture": "#2", "uv": [ 0.0, 0.0, 9.2, 0.6000000000000001 ] },
                "east": { "texture": "#2", "uv": [ 0.0, 0.0, 15.6, 15.6 ] },
                "south": { "texture": "#2", "uv": [ 0.0, 0.0, 9.2, 0.6000000000000001 ] },
                "west": { "texture": "#2", "uv": [ 0.0, 0.0, 15.6, 15.6 ] },
                "up": { "texture": "#2", "uv": [ 0.0, 0.0, 9.2, 0.6000000000000001 ] },
                "down": { "texture": "#2", "uv": [ 0.0, 0.0, 9.2, 0.6000000000000001 ] }
            }
        },
        {
            "name": "Cube",
            "from": [ 3.4, 1.7, 16.7 ], 
            "to": [ 12.6, 2.3, 17.3 ], 
            "faces": {
                "north": { "texture": "#2", "uv": [ 0.0, 0.0, 9.2, 0.6000000000000001 ] },
                "east": { "texture": "#2", "uv": [ 0.0, 0.0, 15.6, 15.6 ] },
                "south": { "texture": "#2", "uv": [ 0.0, 0.0, 9.2, 0.6000000000000001 ] },
                "west": { "texture": "#2", "uv": [ 0.0, 0.0, 15.6, 15.6 ] },
                "up": { "texture": "#2", "uv": [ 0.0, 0.0, 9.2, 0.6000000000000001 ] },
                "down": { "texture": "#2", "uv": [ 0.0, 0.0, 9.2, 0.6000000000000001 ] }
            }
        }
    ],
"display": {
    "head": {
        "rotation": [ 0, 0, 0 ],
        "translation": [ 0 , -26 , 0 ],
        "scale": [ 5, 5, 5 ]
    }
}
}