{
	"custom.minispin": {
	"sounds": [
		{
			"name": "custom/minispin",
			"stream": true
		}]
	},
	"custom.miniidle": {
	"sounds": [
		{
			"name": "custom/miniidle",
			"stream": true
		}]
	},
	"custom.ministop": {
	"sounds": [
		{
			"name": "custom/ministop",
			"stream": true
		}]
	},
	"custom.minifire": {
	"sounds": [
		{
			"name": "custom/minifire",
			"stream": true
		}]
	},
	"custom.mininoammo": {
	"sounds": [
		{
			"name": "custom/mininoammo",
			"stream": true
		}]
	}
}