﻿{
    "type": "crafting_shaped",
    "pattern": [
        " bc",
        "gnp",
        "bbb"
    ],
    "key": {
        "g": {
            "item": "minecraft:glass"
        },
        "b": {
            "item": "minecraft:iron_block"
        },
        "p": {
            "item": "minecraft:piston"
        },
        "n": {
            "item": "minecraft:nether_star"
        },
        "c": {
            "item": "minecraft:chest"
        }
    },
    "result": {
        "item": "minecraft:farmland",
        "count": 1
    }
}
